Date;CO (mg/m3);CO 8h max (mg/m3);CO 8h max - ICA;NO (µg/m3);NO2 (µg/m3);NO2 max (µg/m3);NO2 - ICA;NOX (µg/m3);PM10 (µg/m3);PM10 - ICA;PM2,5 (µg/m3);PM2,5 - ICA;SO2 (µg/m3);SO2 - ICA;ICA Estación
28/10/2017;0,18;0,21;Muy buena / Oso ona;6;21;42;Muy buena / Oso ona;30;17;Muy buena / Oso ona;11;Muy buena / Oso ona;1;Muy buena / Oso ona;Muy buena / Oso ona
27/10/2017;0,26;0,39;Muy buena / Oso ona;25;28;49;Muy buena / Oso ona;65;28;Buena / Ona;16;Muy buena / Oso ona;1;Muy buena / Oso ona;Buena / Ona
26/10/2017;0,36;;Sin datos / Daturik gabe;38;47;86;Buena / Ona;106;35;Buena / Ona;17;Buena / Ona;2;Muy buena / Oso ona;Buena / Ona
25/10/2017;;;Sin datos / Daturik gabe;85;59;121;Mejorable / Hobetzeko modukoa;188;36;Buena / Ona;17;Buena / Ona;2;Muy buena / Oso ona;Mejorable / Hobetzeko modukoa
24/10/2017;0,35;0,44;Muy buena / Oso ona;60;53;110;Mejorable / Hobetzeko modukoa;140;32;Buena / Ona;16;Muy buena / Oso ona;2;Muy buena / Oso ona;Mejorable / Hobetzeko modukoa
23/10/2017;0,24;0,32;Muy buena / Oso ona;19;40;59;Buena / Ona;69;23;Muy buena / Oso ona;11;Muy buena / Oso ona;1;Muy buena / Oso ona;Buena / Ona
22/10/2017;0,17;0,22;Muy buena / Oso ona;4;16;29;Muy buena / Oso ona;22;12;Muy buena / Oso ona;5;Muy buena / Oso ona;1;Muy buena / Oso ona;Muy buena / Oso ona
21/10/2017;0,17;0,19;Muy buena / Oso ona;5;15;24;Muy buena / Oso ona;23;12;Muy buena / Oso ona;6;Muy buena / Oso ona;1;Muy buena / Oso ona;Muy buena / Oso ona
20/10/2017;0,22;;Sin datos / Daturik gabe;11;25;59;Buena / Ona;43;14;Muy buena / Oso ona;6;Muy buena / Oso ona;1;Muy buena / Oso ona;Buena / Ona
19/10/2017;0,21;;Sin datos / Daturik gabe;11;29;70;Buena / Ona;45;11;Muy buena / Oso ona;6;Muy buena / Oso ona;1;Muy buena / Oso ona;Buena / Ona
18/10/2017;0,19;0,23;Muy buena / Oso ona;8;24;52;Buena / Ona;36;14;Muy buena / Oso ona;9;Muy buena / Oso ona;1;Muy buena / Oso ona;Buena / Ona
17/10/2017;;;Sin datos / Daturik gabe;5;19;;Sin datos / Daturik gabe;26;26;Buena / Ona;13;Muy buena / Oso ona;1;Muy buena / Oso ona;Buena / Ona
16/10/2017;;;Sin datos / Daturik gabe;4;19;60;Buena / Ona;25;30;Buena / Ona;15;Muy buena / Oso ona;1;Muy buena / Oso ona;Buena / Ona
15/10/2017;;;Sin datos / Daturik gabe;4;17;35;Muy buena / Oso ona;23;25;Muy buena / Oso ona;14;Muy buena / Oso ona;1;Muy buena / Oso ona;Muy buena / Oso ona
14/10/2017;;;Sin datos / Daturik gabe;14;32;82;Buena / Ona;53;34;Buena / Ona;19;Buena / Ona;1;Muy buena / Oso ona;Buena / Ona
13/10/2017;;;Sin datos / Daturik gabe;18;34;70;Buena / Ona;61;34;Buena / Ona;20;Buena / Ona;1;Muy buena / Oso ona;Buena / Ona
12/10/2017;0,29;;Sin datos / Daturik gabe;9;35;93;Buena / Ona;49;31;Buena / Ona;18;Buena / Ona;1;Muy buena / Oso ona;Buena / Ona
11/10/2017;0,29;;Sin datos / Daturik gabe;34;36;77;Buena / Ona;88;32;Buena / Ona;16;Muy buena / Oso ona;2;Muy buena / Oso ona;Buena / Ona
10/10/2017;0,31;;Sin datos / Daturik gabe;30;40;72;Buena / Ona;86;28;Buena / Ona;14;Muy buena / Oso ona;1;Muy buena / Oso ona;Buena / Ona
09/10/2017;0,24;;Sin datos / Daturik gabe;25;33;70;Buena / Ona;71;24;Muy buena / Oso ona;11;Muy buena / Oso ona;1;Muy buena / Oso ona;Buena / Ona
08/10/2017;0,21;;Sin datos / Daturik gabe;6;19;29;Muy buena / Oso ona;28;13;Muy buena / Oso ona;8;Muy buena / Oso ona;1;Muy buena / Oso ona;Muy buena / Oso ona
07/10/2017;;;Sin datos / Daturik gabe;8;25;42;Muy buena / Oso ona;37;17;Muy buena / Oso ona;9;Muy buena / Oso ona;1;Muy buena / Oso ona;Muy buena / Oso ona
06/10/2017;0,15;0,16;Muy buena / Oso ona;8;20;39;Muy buena / Oso ona;31;12;Muy buena / Oso ona;6;Muy buena / Oso ona;1;Muy buena / Oso ona;Muy buena / Oso ona
05/10/2017;0,22;;Sin datos / Daturik gabe;16;21;40;Muy buena / Oso ona;45;23;Muy buena / Oso ona;13;Muy buena / Oso ona;1;Muy buena / Oso ona;Muy buena / Oso ona
04/10/2017;;;Sin datos / Daturik gabe;16;26;55;Buena / Ona;49;19;Muy buena / Oso ona;10;Muy buena / Oso ona;1;Muy buena / Oso ona;Buena / Ona
03/10/2017;;;Sin datos / Daturik gabe;15;18;29;Muy buena / Oso ona;41;16;Muy buena / Oso ona;8;Muy buena / Oso ona;1;Muy buena / Oso ona;Muy buena / Oso ona
02/10/2017;0,22;0,27;Muy buena / Oso ona;20;25;42;Muy buena / Oso ona;56;16;Muy buena / Oso ona;9;Muy buena / Oso ona;1;Muy buena / Oso ona;Muy buena / Oso ona
01/10/2017;0,17;0,21;Muy buena / Oso ona;7;18;39;Muy buena / Oso ona;28;9;Muy buena / Oso ona;5;Muy buena / Oso ona;0;Muy buena / Oso ona;Muy buena / Oso ona
30/09/2017;0,19;0,23;Muy buena / Oso ona;6;17;25;Muy buena / Oso ona;25;17;Muy buena / Oso ona;8;Muy buena / Oso ona;0;Muy buena / Oso ona;Muy buena / Oso ona
29/09/2017;;;Sin datos / Daturik gabe;18;33;84;Buena / Ona;60;31;Buena / Ona;16;Muy buena / Oso ona;1;Muy buena / Oso ona;Buena / Ona
28/09/2017;;;Sin datos / Daturik gabe;21;38;81;Buena / Ona;71;30;Buena / Ona;16;Muy buena / Oso ona;1;Muy buena / Oso ona;Buena / Ona
27/09/2017;;;Sin datos / Daturik gabe;28;33;63;Buena / Ona;76;28;Buena / Ona;13;Muy buena / Oso ona;1;Muy buena / Oso ona;Buena / Ona
26/09/2017;0,27;0,35;Muy buena / Oso ona;6;24;51;Buena / Ona;32;13;Muy buena / Oso ona;7;Muy buena / Oso ona;0;Muy buena / Oso ona;Buena / Ona
25/09/2017;0,3;0,37;Muy buena / Oso ona;6;21;56;Buena / Ona;31;18;Muy buena / Oso ona;10;Muy buena / Oso ona;0;Muy buena / Oso ona;Buena / Ona
24/09/2017;0,31;0,39;Muy buena / Oso ona;6;20;40;Muy buena / Oso ona;28;26;Buena / Ona;15;Muy buena / Oso ona;0;Muy buena / Oso ona;Buena / Ona
23/09/2017;0,33;0,41;Muy buena / Oso ona;8;25;54;Buena / Ona;37;24;Muy buena / Oso ona;14;Muy buena / Oso ona;1;Muy buena / Oso ona;Buena / Ona
22/09/2017;0,33;0,4;Muy buena / Oso ona;9;25;41;Muy buena / Oso ona;38;16;Muy buena / Oso ona;9;Muy buena / Oso ona;1;Muy buena / Oso ona;Muy buena / Oso ona
21/09/2017;0,4;0,62;Muy buena / Oso ona;26;31;61;Buena / Ona;71;31;Buena / Ona;19;Buena / Ona;1;Muy buena / Oso ona;Buena / Ona
20/09/2017;0,33;0,41;Muy buena / Oso ona;15;34;72;Buena / Ona;57;20;Muy buena / Oso ona;12;Muy buena / Oso ona;1;Muy buena / Oso ona;Buena / Ona
19/09/2017;0,31;0,37;Muy buena / Oso ona;14;26;63;Buena / Ona;48;11;Muy buena / Oso ona;7;Muy buena / Oso ona;1;Muy buena / Oso ona;Buena / Ona
18/09/2017;0,33;0,4;Muy buena / Oso ona;8;23;40;Muy buena / Oso ona;36;11;Muy buena / Oso ona;6;Muy buena / Oso ona;0;Muy buena / Oso ona;Muy buena / Oso ona
17/09/2017;0,24;;Sin datos / Daturik gabe;5;13;22;Muy buena / Oso ona;21;6;Muy buena / Oso ona;4;Muy buena / Oso ona;0;Muy buena / Oso ona;Muy buena / Oso ona
16/09/2017;0,17;0,21;Muy buena / Oso ona;6;19;39;Muy buena / Oso ona;27;8;Muy buena / Oso ona;4;Muy buena / Oso ona;0;Muy buena / Oso ona;Muy buena / Oso ona
15/09/2017;0,21;0,27;Muy buena / Oso ona;15;25;59;Buena / Ona;48;;Sin datos / Daturik gabe;6;Muy buena / Oso ona;0;Muy buena / Oso ona;Buena / Ona
14/09/2017;0,31;0,4;Muy buena / Oso ona;6;23;37;Muy buena / Oso ona;33;18;Muy buena / Oso ona;7;Muy buena / Oso ona;0;Muy buena / Oso ona;Muy buena / Oso ona
13/09/2017;0,37;0,44;Muy buena / Oso ona;20;22;43;Muy buena / Oso ona;52;19;Muy buena / Oso ona;9;Muy buena / Oso ona;1;Muy buena / Oso ona;Muy buena / Oso ona
12/09/2017;0,27;0,35;Muy buena / Oso ona;7;19;44;Muy buena / Oso ona;29;10;Muy buena / Oso ona;5;Muy buena / Oso ona;0;Muy buena / Oso ona;Muy buena / Oso ona
11/09/2017;0,26;0,32;Muy buena / Oso ona;10;21;48;Muy buena / Oso ona;36;15;Muy buena / Oso ona;6;Muy buena / Oso ona;0;Muy buena / Oso ona;Muy buena / Oso ona
10/09/2017;0,17;;Sin datos / Daturik gabe;3;9;20;Muy buena / Oso ona;14;11;Muy buena / Oso ona;4;Muy buena / Oso ona;0;Muy buena / Oso ona;Muy buena / Oso ona
09/09/2017;0,15;0,23;Muy buena / Oso ona;4;11;22;Muy buena / Oso ona;17;10;Muy buena / Oso ona;6;Muy buena / Oso ona;0;Muy buena / Oso ona;Muy buena / Oso ona
08/09/2017;0,21;0,24;Muy buena / Oso ona;12;25;43;Muy buena / Oso ona;42;25;Muy buena / Oso ona;13;Muy buena / Oso ona;1;Muy buena / Oso ona;Muy buena / Oso ona
07/09/2017;0,23;0,28;Muy buena / Oso ona;6;18;42;Muy buena / Oso ona;27;16;Muy buena / Oso ona;7;Muy buena / Oso ona;0;Muy buena / Oso ona;Muy buena / Oso ona
06/09/2017;0,28;;Sin datos / Daturik gabe;5;17;39;Muy buena / Oso ona;24;14;Muy buena / Oso ona;7;Muy buena / Oso ona;2;Muy buena / Oso ona;Muy buena / Oso ona
05/09/2017;0,36;;Sin datos / Daturik gabe;8;19;27;Muy buena / Oso ona;31;19;Muy buena / Oso ona;12;Muy buena / Oso ona;4;Muy buena / Oso ona;Muy buena / Oso ona
04/09/2017;0,32;0,38;Muy buena / Oso ona;7;17;38;Muy buena / Oso ona;28;13;Muy buena / Oso ona;6;Muy buena / Oso ona;4;Muy buena / Oso ona;Muy buena / Oso ona
03/09/2017;0,28;0,34;Muy buena / Oso ona;4;15;31;Muy buena / Oso ona;21;14;Muy buena / Oso ona;7;Muy buena / Oso ona;4;Muy buena / Oso ona;Muy buena / Oso ona
02/09/2017;0,27;0,35;Muy buena / Oso ona;3;11;23;Muy buena / Oso ona;15;13;Muy buena / Oso ona;6;Muy buena / Oso ona;4;Muy buena / Oso ona;Muy buena / Oso ona
01/09/2017;0,3;0,35;Muy buena / Oso ona;9;20;46;Muy buena / Oso ona;33;15;Muy buena / Oso ona;6;Muy buena / Oso ona;4;Muy buena / Oso ona;Muy buena / Oso ona
31/08/2017;0,31;0,36;Muy buena / Oso ona;4;15;32;Muy buena / Oso ona;21;10;Muy buena / Oso ona;;Sin datos / Daturik gabe;4;Muy buena / Oso ona;Muy buena / Oso ona
30/08/2017;0,32;;Sin datos / Daturik gabe;4;15;40;Muy buena / Oso ona;21;18;Muy buena / Oso ona;;Sin datos / Daturik gabe;4;Muy buena / Oso ona;Muy buena / Oso ona
29/08/2017;0,25;;Sin datos / Daturik gabe;5;19;40;Muy buena / Oso ona;27;16;Muy buena / Oso ona;;Sin datos / Daturik gabe;4;Muy buena / Oso ona;Muy buena / Oso ona
28/08/2017;0,23;0,25;Muy buena / Oso ona;7;24;46;Muy buena / Oso ona;34;20;Muy buena / Oso ona;;Sin datos / Daturik gabe;4;Muy buena / Oso ona;Muy buena / Oso ona
27/08/2017;0,25;0,27;Muy buena / Oso ona;3;14;31;Muy buena / Oso ona;18;25;Muy buena / Oso ona;9;Muy buena / Oso ona;4;Muy buena / Oso ona;Muy buena / Oso ona
26/08/2017;0,28;0,38;Muy buena / Oso ona;3;13;46;Muy buena / Oso ona;17;24;Muy buena / Oso ona;1;Muy buena / Oso ona;4;Muy buena / Oso ona;Muy buena / Oso ona
25/08/2017;0,33;0,42;Muy buena / Oso ona;5;14;33;Muy buena / Oso ona;22;20;Muy buena / Oso ona;8;Muy buena / Oso ona;4;Muy buena / Oso ona;Muy buena / Oso ona
24/08/2017;0,33;;Sin datos / Daturik gabe;3;11;20;Muy buena / Oso ona;16;18;Muy buena / Oso ona;9;Muy buena / Oso ona;4;Muy buena / Oso ona;Muy buena / Oso ona
23/08/2017;0,34;0,45;Muy buena / Oso ona;4;13;28;Muy buena / Oso ona;20;28;Buena / Ona;13;Muy buena / Oso ona;4;Muy buena / Oso ona;Buena / Ona
22/08/2017;0,36;0,42;Muy buena / Oso ona;5;24;68;Buena / Ona;31;27;Buena / Ona;14;Muy buena / Oso ona;4;Muy buena / Oso ona;Buena / Ona
21/08/2017;0,27;0,32;Muy buena / Oso ona;7;29;79;Buena / Ona;40;18;Muy buena / Oso ona;;Sin datos / Daturik gabe;4;Muy buena / Oso ona;Buena / Ona
20/08/2017;0,21;0,24;Muy buena / Oso ona;2;10;20;Muy buena / Oso ona;12;12;Muy buena / Oso ona;4;Muy buena / Oso ona;4;Muy buena / Oso ona;Muy buena / Oso ona
19/08/2017;0,22;0,29;Muy buena / Oso ona;2;8;14;Muy buena / Oso ona;12;11;Muy buena / Oso ona;;Sin datos / Daturik gabe;4;Muy buena / Oso ona;Muy buena / Oso ona
18/08/2017;0,3;0,37;Muy buena / Oso ona;4;12;20;Muy buena / Oso ona;17;12;Muy buena / Oso ona;8;Muy buena / Oso ona;4;Muy buena / Oso ona;Muy buena / Oso ona
17/08/2017;0,28;;Sin datos / Daturik gabe;6;16;37;Muy buena / Oso ona;25;13;Muy buena / Oso ona;7;Muy buena / Oso ona;4;Muy buena / Oso ona;Muy buena / Oso ona
16/08/2017;0,24;0,28;Muy buena / Oso ona;4;10;20;Muy buena / Oso ona;15;13;Muy buena / Oso ona;5;Muy buena / Oso ona;4;Muy buena / Oso ona;Muy buena / Oso ona
15/08/2017;0,31;0,4;Muy buena / Oso ona;2;8;10;Muy buena / Oso ona;11;18;Muy buena / Oso ona;12;Muy buena / Oso ona;4;Muy buena / Oso ona;Muy buena / Oso ona
14/08/2017;0,27;0,34;Muy buena / Oso ona;3;14;40;Muy buena / Oso ona;19;20;Muy buena / Oso ona;11;Muy buena / Oso ona;4;Muy buena / Oso ona;Muy buena / Oso ona
13/08/2017;0,22;0,27;Muy buena / Oso ona;2;9;16;Muy buena / Oso ona;12;15;Muy buena / Oso ona;8;Muy buena / Oso ona;4;Muy buena / Oso ona;Muy buena / Oso ona
12/08/2017;0,22;0,25;Muy buena / Oso ona;3;13;27;Muy buena / Oso ona;17;12;Muy buena / Oso ona;6;Muy buena / Oso ona;4;Muy buena / Oso ona;Muy buena / Oso ona
11/08/2017;0,16;;Sin datos / Daturik gabe;3;13;32;Muy buena / Oso ona;17;16;Muy buena / Oso ona;6;Muy buena / Oso ona;4;Muy buena / Oso ona;Muy buena / Oso ona
10/08/2017;0,13;0,14;Muy buena / Oso ona;4;11;22;Muy buena / Oso ona;17;13;Muy buena / Oso ona;5;Muy buena / Oso ona;4;Muy buena / Oso ona;Muy buena / Oso ona
09/08/2017;0,21;0,28;Muy buena / Oso ona;3;12;30;Muy buena / Oso ona;17;10;Muy buena / Oso ona;3;Muy buena / Oso ona;3;Muy buena / Oso ona;Muy buena / Oso ona
08/08/2017;0,24;0,29;Muy buena / Oso ona;3;9;16;Muy buena / Oso ona;14;10;Muy buena / Oso ona;4;Muy buena / Oso ona;3;Muy buena / Oso ona;Muy buena / Oso ona
07/08/2017;0,26;0,29;Muy buena / Oso ona;3;13;30;Muy buena / Oso ona;17;18;Muy buena / Oso ona;3;Muy buena / Oso ona;3;Muy buena / Oso ona;Muy buena / Oso ona
06/08/2017;0,2;0,25;Muy buena / Oso ona;2;6;10;Muy buena / Oso ona;9;10;Muy buena / Oso ona;;Sin datos / Daturik gabe;3;Muy buena / Oso ona;Muy buena / Oso ona
05/08/2017;0,21;0,23;Muy buena / Oso ona;3;8;12;Muy buena / Oso ona;12;5;Muy buena / Oso ona;;Sin datos / Daturik gabe;3;Muy buena / Oso ona;Muy buena / Oso ona
04/08/2017;0,22;0,28;Muy buena / Oso ona;4;11;27;Muy buena / Oso ona;17;11;Muy buena / Oso ona;5;Muy buena / Oso ona;3;Muy buena / Oso ona;Muy buena / Oso ona
03/08/2017;0,26;0,32;Muy buena / Oso ona;4;15;41;Muy buena / Oso ona;21;21;Muy buena / Oso ona;2;Muy buena / Oso ona;4;Muy buena / Oso ona;Muy buena / Oso ona
02/08/2017;0,26;0,3;Muy buena / Oso ona;3;13;24;Muy buena / Oso ona;18;21;Muy buena / Oso ona;13;Muy buena / Oso ona;4;Muy buena / Oso ona;Muy buena / Oso ona
01/08/2017;0,27;0,31;Muy buena / Oso ona;4;11;16;Muy buena / Oso ona;18;16;Muy buena / Oso ona;3;Muy buena / Oso ona;4;Muy buena / Oso ona;Muy buena / Oso ona
31/07/2017;0,29;0,32;Muy buena / Oso ona;6;12;21;Muy buena / Oso ona;20;16;Muy buena / Oso ona;2;Muy buena / Oso ona;4;Muy buena / Oso ona;Muy buena / Oso ona
30/07/2017;0,28;0,34;Muy buena / Oso ona;3;9;19;Muy buena / Oso ona;13;13;Muy buena / Oso ona;;Sin datos / Daturik gabe;4;Muy buena / Oso ona;Muy buena / Oso ona
29/07/2017;0,26;0,33;Muy buena / Oso ona;4;17;31;Muy buena / Oso ona;23;16;Muy buena / Oso ona;6;Muy buena / Oso ona;5;Muy buena / Oso ona;Muy buena / Oso ona
28/07/2017;0,24;0,27;Muy buena / Oso ona;5;14;21;Muy buena / Oso ona;21;14;Muy buena / Oso ona;3;Muy buena / Oso ona;5;Muy buena / Oso ona;Muy buena / Oso ona
27/07/2017;0,22;0,31;Muy buena / Oso ona;9;16;35;Muy buena / Oso ona;31;17;Muy buena / Oso ona;10;Muy buena / Oso ona;7;Muy buena / Oso ona;Muy buena / Oso ona
26/07/2017;0,2;0,23;Muy buena / Oso ona;7;18;38;Muy buena / Oso ona;28;17;Muy buena / Oso ona;12;Muy buena / Oso ona;4;Muy buena / Oso ona;Muy buena / Oso ona
25/07/2017;0,19;0,24;Muy buena / Oso ona;3;9;16;Muy buena / Oso ona;13;10;Muy buena / Oso ona;7;Muy buena / Oso ona;4;Muy buena / Oso ona;Muy buena / Oso ona
24/07/2017;0,25;0,27;Muy buena / Oso ona;6;11;17;Muy buena / Oso ona;20;9;Muy buena / Oso ona;1;Muy buena / Oso ona;4;Muy buena / Oso ona;Muy buena / Oso ona
23/07/2017;0,21;0,27;Muy buena / Oso ona;2;7;11;Muy buena / Oso ona;11;14;Muy buena / Oso ona;;Sin datos / Daturik gabe;4;Muy buena / Oso ona;Muy buena / Oso ona
22/07/2017;0,24;0,29;Muy buena / Oso ona;5;13;24;Muy buena / Oso ona;20;15;Muy buena / Oso ona;9;Muy buena / Oso ona;4;Muy buena / Oso ona;Muy buena / Oso ona
21/07/2017;0,27;0,29;Muy buena / Oso ona;6;17;25;Muy buena / Oso ona;26;11;Muy buena / Oso ona;4;Muy buena / Oso ona;4;Muy buena / Oso ona;Muy buena / Oso ona
20/07/2017;0,26;0,28;Muy buena / Oso ona;5;14;20;Muy buena / Oso ona;22;7;Muy buena / Oso ona;2;Muy buena / Oso ona;4;Muy buena / Oso ona;Muy buena / Oso ona
19/07/2017;0,33;0,45;Muy buena / Oso ona;7;18;45;Muy buena / Oso ona;29;25;Muy buena / Oso ona;17;Buena / Ona;5;Muy buena / Oso ona;Buena / Ona
18/07/2017;0,31;0,38;Muy buena / Oso ona;3;17;40;Muy buena / Oso ona;22;28;Buena / Ona;15;Muy buena / Oso ona;4;Muy buena / Oso ona;Buena / Ona
17/07/2017;0,23;0,31;Muy buena / Oso ona;4;19;55;Buena / Ona;25;29;Buena / Ona;15;Muy buena / Oso ona;4;Muy buena / Oso ona;Buena / Ona
16/07/2017;0,22;0,26;Muy buena / Oso ona;2;9;19;Muy buena / Oso ona;12;17;Muy buena / Oso ona;;Sin datos / Daturik gabe;4;Muy buena / Oso ona;Muy buena / Oso ona
15/07/2017;0,22;0,27;Muy buena / Oso ona;3;9;16;Muy buena / Oso ona;14;11;Muy buena / Oso ona;8;Muy buena / Oso ona;4;Muy buena / Oso ona;Muy buena / Oso ona
14/07/2017;0,22;0,25;Muy buena / Oso ona;5;13;21;Muy buena / Oso ona;20;7;Muy buena / Oso ona;4;Muy buena / Oso ona;4;Muy buena / Oso ona;Muy buena / Oso ona
13/07/2017;0,22;0,26;Muy buena / Oso ona;5;13;20;Muy buena / Oso ona;20;13;Muy buena / Oso ona;6;Muy buena / Oso ona;4;Muy buena / Oso ona;Muy buena / Oso ona
12/07/2017;0,21;0,25;Muy buena / Oso ona;7;16;32;Muy buena / Oso ona;27;21;Muy buena / Oso ona;15;Muy buena / Oso ona;4;Muy buena / Oso ona;Muy buena / Oso ona
11/07/2017;0,16;0,19;Muy buena / Oso ona;6;17;25;Muy buena / Oso ona;25;12;Muy buena / Oso ona;8;Muy buena / Oso ona;4;Muy buena / Oso ona;Muy buena / Oso ona
10/07/2017;0,22;0,3;Muy buena / Oso ona;6;16;27;Muy buena / Oso ona;25;13;Muy buena / Oso ona;9;Muy buena / Oso ona;4;Muy buena / Oso ona;Muy buena / Oso ona
09/07/2017;0,25;0,37;Muy buena / Oso ona;2;8;12;Muy buena / Oso ona;11;17;Muy buena / Oso ona;13;Muy buena / Oso ona;4;Muy buena / Oso ona;Muy buena / Oso ona
08/07/2017;0,3;0,33;Muy buena / Oso ona;3;11;18;Muy buena / Oso ona;17;13;Muy buena / Oso ona;10;Muy buena / Oso ona;4;Muy buena / Oso ona;Muy buena / Oso ona
07/07/2017;0,24;0,34;Muy buena / Oso ona;7;21;59;Buena / Ona;32;22;Muy buena / Oso ona;12;Muy buena / Oso ona;4;Muy buena / Oso ona;Buena / Ona
06/07/2017;0,29;0,46;Muy buena / Oso ona;6;20;51;Buena / Ona;28;22;Muy buena / Oso ona;12;Muy buena / Oso ona;4;Muy buena / Oso ona;Buena / Ona
05/07/2017;0,21;0,25;Muy buena / Oso ona;2;12;21;Muy buena / Oso ona;15;18;Muy buena / Oso ona;10;Muy buena / Oso ona;4;Muy buena / Oso ona;Muy buena / Oso ona
04/07/2017;0,22;0,34;Muy buena / Oso ona;6;17;42;Muy buena / Oso ona;27;20;Muy buena / Oso ona;10;Muy buena / Oso ona;4;Muy buena / Oso ona;Muy buena / Oso ona
03/07/2017;0,25;0,34;Muy buena / Oso ona;10;15;27;Muy buena / Oso ona;31;11;Muy buena / Oso ona;7;Muy buena / Oso ona;4;Muy buena / Oso ona;Muy buena / Oso ona
02/07/2017;0,16;;Sin datos / Daturik gabe;3;8;13;Muy buena / Oso ona;12;9;Muy buena / Oso ona;6;Muy buena / Oso ona;4;Muy buena / Oso ona;Muy buena / Oso ona
01/07/2017;0,13;;Sin datos / Daturik gabe;4;11;21;Muy buena / Oso ona;17;8;Muy buena / Oso ona;5;Muy buena / Oso ona;4;Muy buena / Oso ona;Muy buena / Oso ona
30/06/2017;0,14;0,16;Muy buena / Oso ona;5;15;22;Muy buena / Oso ona;23;8;Muy buena / Oso ona;4;Muy buena / Oso ona;4;Muy buena / Oso ona;Muy buena / Oso ona
29/06/2017;0,16;0,2;Muy buena / Oso ona;6;16;33;Muy buena / Oso ona;24;8;Muy buena / Oso ona;4;Muy buena / Oso ona;4;Muy buena / Oso ona;Muy buena / Oso ona
28/06/2017;0,18;0,21;Muy buena / Oso ona;4;12;24;Muy buena / Oso ona;18;7;Muy buena / Oso ona;5;Muy buena / Oso ona;4;Muy buena / Oso ona;Muy buena / Oso ona
27/06/2017;0,27;0,34;Muy buena / Oso ona;6;18;30;Muy buena / Oso ona;27;15;Muy buena / Oso ona;;Sin datos / Daturik gabe;4;Muy buena / Oso ona;Muy buena / Oso ona
26/06/2017;0,27;0,35;Muy buena / Oso ona;7;19;48;Muy buena / Oso ona;30;21;Muy buena / Oso ona;9;Muy buena / Oso ona;4;Muy buena / Oso ona;Muy buena / Oso ona
25/06/2017;0,27;0,3;Muy buena / Oso ona;3;10;29;Muy buena / Oso ona;14;20;Muy buena / Oso ona;12;Muy buena / Oso ona;4;Muy buena / Oso ona;Muy buena / Oso ona
24/06/2017;0,28;0,33;Muy buena / Oso ona;4;10;15;Muy buena / Oso ona;15;17;Muy buena / Oso ona;9;Muy buena / Oso ona;4;Muy buena / Oso ona;Muy buena / Oso ona
23/06/2017;0,31;0,36;Muy buena / Oso ona;6;15;23;Muy buena / Oso ona;23;20;Muy buena / Oso ona;4;Muy buena / Oso ona;4;Muy buena / Oso ona;Muy buena / Oso ona
22/06/2017;0,41;0,56;Muy buena / Oso ona;9;27;75;Buena / Ona;41;39;Buena / Ona;15;Muy buena / Oso ona;4;Muy buena / Oso ona;Buena / Ona
21/06/2017;0,34;0,45;Muy buena / Oso ona;7;27;62;Buena / Ona;39;33;Buena / Ona;23;Buena / Ona;4;Muy buena / Oso ona;Buena / Ona
20/06/2017;0,34;0,42;Muy buena / Oso ona;5;25;54;Buena / Ona;33;27;Buena / Ona;17;Buena / Ona;4;Muy buena / Oso ona;Buena / Ona
19/06/2017;0,32;0,41;Muy buena / Oso ona;5;22;80;Buena / Ona;29;28;Buena / Ona;15;Muy buena / Oso ona;4;Muy buena / Oso ona;Buena / Ona
18/06/2017;0,27;0,31;Muy buena / Oso ona;2;15;25;Muy buena / Oso ona;19;22;Muy buena / Oso ona;14;Muy buena / Oso ona;4;Muy buena / Oso ona;Muy buena / Oso ona
17/06/2017;0,24;0,28;Muy buena / Oso ona;3;14;24;Muy buena / Oso ona;18;18;Muy buena / Oso ona;11;Muy buena / Oso ona;4;Muy buena / Oso ona;Muy buena / Oso ona
16/06/2017;0,27;0,33;Muy buena / Oso ona;5;16;28;Muy buena / Oso ona;24;15;Muy buena / Oso ona;9;Muy buena / Oso ona;4;Muy buena / Oso ona;Muy buena / Oso ona
15/06/2017;0,32;0,36;Muy buena / Oso ona;6;18;27;Muy buena / Oso ona;26;14;Muy buena / Oso ona;8;Muy buena / Oso ona;4;Muy buena / Oso ona;Muy buena / Oso ona
14/06/2017;0,28;0,31;Muy buena / Oso ona;4;18;26;Muy buena / Oso ona;23;30;Buena / Ona;20;Buena / Ona;4;Muy buena / Oso ona;Buena / Ona
13/06/2017;0,26;0,33;Muy buena / Oso ona;5;18;31;Muy buena / Oso ona;26;28;Buena / Ona;13;Muy buena / Oso ona;4;Muy buena / Oso ona;Buena / Ona
12/06/2017;0,22;0,27;Muy buena / Oso ona;6;12;19;Muy buena / Oso ona;22;15;Muy buena / Oso ona;8;Muy buena / Oso ona;4;Muy buena / Oso ona;Muy buena / Oso ona
11/06/2017;0,23;0,26;Muy buena / Oso ona;3;10;14;Muy buena / Oso ona;14;24;Muy buena / Oso ona;14;Muy buena / Oso ona;3;Muy buena / Oso ona;Muy buena / Oso ona
10/06/2017;0,26;0,31;Muy buena / Oso ona;2;11;19;Muy buena / Oso ona;14;23;Muy buena / Oso ona;14;Muy buena / Oso ona;3;Muy buena / Oso ona;Muy buena / Oso ona
09/06/2017;0,28;0,31;Muy buena / Oso ona;4;17;30;Muy buena / Oso ona;24;23;Muy buena / Oso ona;14;Muy buena / Oso ona;3;Muy buena / Oso ona;Muy buena / Oso ona
08/06/2017;0,29;0,41;Muy buena / Oso ona;12;25;65;Buena / Ona;43;25;Muy buena / Oso ona;15;Muy buena / Oso ona;4;Muy buena / Oso ona;Buena / Ona
07/06/2017;0,2;;Sin datos / Daturik gabe;11;21;49;Muy buena / Oso ona;37;20;Muy buena / Oso ona;9;Muy buena / Oso ona;4;Muy buena / Oso ona;Muy buena / Oso ona
06/06/2017;0,24;0,33;Muy buena / Oso ona;5;20;32;Muy buena / Oso ona;28;16;Muy buena / Oso ona;7;Muy buena / Oso ona;4;Muy buena / Oso ona;Muy buena / Oso ona
05/06/2017;;;Sin datos / Daturik gabe;4;13;32;Muy buena / Oso ona;19;11;Muy buena / Oso ona;5;Muy buena / Oso ona;3;Muy buena / Oso ona;Muy buena / Oso ona
04/06/2017;0,15;0,19;Muy buena / Oso ona;4;11;17;Muy buena / Oso ona;17;7;Muy buena / Oso ona;4;Muy buena / Oso ona;3;Muy buena / Oso ona;Muy buena / Oso ona
03/06/2017;0,26;0,36;Muy buena / Oso ona;5;13;23;Muy buena / Oso ona;20;15;Muy buena / Oso ona;12;Muy buena / Oso ona;3;Muy buena / Oso ona;Muy buena / Oso ona
02/06/2017;0,3;0,34;Muy buena / Oso ona;6;17;25;Muy buena / Oso ona;25;23;Muy buena / Oso ona;15;Muy buena / Oso ona;3;Muy buena / Oso ona;Muy buena / Oso ona
01/06/2017;0,27;0,35;Muy buena / Oso ona;5;18;26;Muy buena / Oso ona;25;25;Muy buena / Oso ona;15;Muy buena / Oso ona;3;Muy buena / Oso ona;Muy buena / Oso ona
31/05/2017;0,25;0,3;Muy buena / Oso ona;4;16;30;Muy buena / Oso ona;22;14;Muy buena / Oso ona;9;Muy buena / Oso ona;3;Muy buena / Oso ona;Muy buena / Oso ona
30/05/2017;0,29;0,35;Muy buena / Oso ona;7;17;34;Muy buena / Oso ona;27;11;Muy buena / Oso ona;7;Muy buena / Oso ona;3;Muy buena / Oso ona;Muy buena / Oso ona
29/05/2017;0,29;0,32;Muy buena / Oso ona;4;15;32;Muy buena / Oso ona;21;14;Muy buena / Oso ona;9;Muy buena / Oso ona;3;Muy buena / Oso ona;Muy buena / Oso ona
28/05/2017;0,24;0,27;Muy buena / Oso ona;2;10;39;Muy buena / Oso ona;13;19;Muy buena / Oso ona;10;Muy buena / Oso ona;3;Muy buena / Oso ona;Muy buena / Oso ona
27/05/2017;0,24;0,33;Muy buena / Oso ona;3;12;38;Muy buena / Oso ona;17;26;Buena / Ona;13;Muy buena / Oso ona;3;Muy buena / Oso ona;Buena / Ona
26/05/2017;0,29;0,36;Muy buena / Oso ona;7;24;76;Buena / Ona;35;24;Muy buena / Oso ona;15;Muy buena / Oso ona;3;Muy buena / Oso ona;Buena / Ona
25/05/2017;0,3;0,49;Muy buena / Oso ona;15;25;77;Buena / Ona;48;29;Buena / Ona;16;Muy buena / Oso ona;4;Muy buena / Oso ona;Buena / Ona
24/05/2017;0,28;0,33;Muy buena / Oso ona;6;21;40;Muy buena / Oso ona;31;26;Buena / Ona;15;Muy buena / Oso ona;3;Muy buena / Oso ona;Buena / Ona
23/05/2017;0,23;0,27;Muy buena / Oso ona;5;17;36;Muy buena / Oso ona;24;24;Muy buena / Oso ona;16;Muy buena / Oso ona;4;Muy buena / Oso ona;Muy buena / Oso ona
22/05/2017;0,29;0,4;Muy buena / Oso ona;9;25;72;Buena / Ona;38;27;Buena / Ona;17;Buena / Ona;3;Muy buena / Oso ona;Buena / Ona
21/05/2017;0,23;0,29;Muy buena / Oso ona;4;15;28;Muy buena / Oso ona;21;15;Muy buena / Oso ona;10;Muy buena / Oso ona;3;Muy buena / Oso ona;Muy buena / Oso ona
20/05/2017;0,18;0,23;Muy buena / Oso ona;7;17;31;Muy buena / Oso ona;27;14;Muy buena / Oso ona;9;Muy buena / Oso ona;4;Muy buena / Oso ona;Muy buena / Oso ona
19/05/2017;0,17;;Sin datos / Daturik gabe;9;21;45;Muy buena / Oso ona;35;14;Muy buena / Oso ona;8;Muy buena / Oso ona;4;Muy buena / Oso ona;Muy buena / Oso ona
18/05/2017;0,21;0,3;Muy buena / Oso ona;7;19;32;Muy buena / Oso ona;30;9;Muy buena / Oso ona;7;Muy buena / Oso ona;3;Muy buena / Oso ona;Muy buena / Oso ona
17/05/2017;0,34;0,42;Muy buena / Oso ona;9;31;83;Buena / Ona;46;22;Muy buena / Oso ona;15;Muy buena / Oso ona;3;Muy buena / Oso ona;Buena / Ona
16/05/2017;0,32;0,45;Muy buena / Oso ona;11;27;60;Buena / Ona;45;26;Buena / Ona;17;Buena / Ona;3;Muy buena / Oso ona;Buena / Ona
15/05/2017;0,31;0,41;Muy buena / Oso ona;12;26;59;Buena / Ona;44;17;Muy buena / Oso ona;9;Muy buena / Oso ona;4;Muy buena / Oso ona;Buena / Ona
14/05/2017;0,22;0,26;Muy buena / Oso ona;2;11;41;Muy buena / Oso ona;14;7;Muy buena / Oso ona;5;Muy buena / Oso ona;3;Muy buena / Oso ona;Muy buena / Oso ona
13/05/2017;0,21;0,26;Muy buena / Oso ona;2;9;21;Muy buena / Oso ona;13;8;Muy buena / Oso ona;5;Muy buena / Oso ona;3;Muy buena / Oso ona;Muy buena / Oso ona
12/05/2017;0,19;0,22;Muy buena / Oso ona;3;13;27;Muy buena / Oso ona;17;7;Muy buena / Oso ona;4;Muy buena / Oso ona;3;Muy buena / Oso ona;Muy buena / Oso ona
11/05/2017;0,22;0,3;Muy buena / Oso ona;2;9;15;Muy buena / Oso ona;13;8;Muy buena / Oso ona;4;Muy buena / Oso ona;3;Muy buena / Oso ona;Muy buena / Oso ona
10/05/2017;0,24;0,28;Muy buena / Oso ona;4;18;56;Buena / Ona;24;12;Muy buena / Oso ona;8;Muy buena / Oso ona;3;Muy buena / Oso ona;Buena / Ona
09/05/2017;0,31;0,42;Muy buena / Oso ona;8;22;51;Buena / Ona;34;17;Muy buena / Oso ona;10;Muy buena / Oso ona;3;Muy buena / Oso ona;Buena / Ona
08/05/2017;0,29;0,35;Muy buena / Oso ona;11;23;57;Buena / Ona;39;;Sin datos / Daturik gabe;9;Muy buena / Oso ona;4;Muy buena / Oso ona;Buena / Ona
07/05/2017;0,24;0,3;Muy buena / Oso ona;3;12;23;Muy buena / Oso ona;17;;Sin datos / Daturik gabe;6;Muy buena / Oso ona;3;Muy buena / Oso ona;Muy buena / Oso ona
06/05/2017;0,23;0,28;Muy buena / Oso ona;3;10;24;Muy buena / Oso ona;14;;Sin datos / Daturik gabe;4;Muy buena / Oso ona;3;Muy buena / Oso ona;Muy buena / Oso ona
05/05/2017;0,28;0,41;Muy buena / Oso ona;3;14;26;Muy buena / Oso ona;19;16;Muy buena / Oso ona;10;Muy buena / Oso ona;3;Muy buena / Oso ona;Muy buena / Oso ona
04/05/2017;0,34;0,39;Muy buena / Oso ona;8;29;49;Muy buena / Oso ona;41;25;Muy buena / Oso ona;13;Muy buena / Oso ona;3;Muy buena / Oso ona;Muy buena / Oso ona
03/05/2017;0,32;0,43;Muy buena / Oso ona;13;22;52;Buena / Ona;43;23;Muy buena / Oso ona;13;Muy buena / Oso ona;4;Muy buena / Oso ona;Buena / Ona
02/05/2017;0,28;0,31;Muy buena / Oso ona;9;25;51;Buena / Ona;38;17;Muy buena / Oso ona;10;Muy buena / Oso ona;3;Muy buena / Oso ona;Buena / Ona
01/05/2017;0,3;0,47;Muy buena / Oso ona;3;12;24;Muy buena / Oso ona;18;8;Muy buena / Oso ona;4;Muy buena / Oso ona;3;Muy buena / Oso ona;Muy buena / Oso ona
30/04/2017;0,23;0,25;Muy buena / Oso ona;2;12;31;Muy buena / Oso ona;16;7;Muy buena / Oso ona;6;Muy buena / Oso ona;3;Muy buena / Oso ona;Muy buena / Oso ona
29/04/2017;0,23;;Sin datos / Daturik gabe;8;19;49;Muy buena / Oso ona;31;18;Muy buena / Oso ona;8;Muy buena / Oso ona;4;Muy buena / Oso ona;Muy buena / Oso ona
28/04/2017;0,25;;Sin datos / Daturik gabe;4;19;39;Muy buena / Oso ona;25;15;Muy buena / Oso ona;7;Muy buena / Oso ona;4;Muy buena / Oso ona;Muy buena / Oso ona
27/04/2017;;;Sin datos / Daturik gabe;6;23;42;Muy buena / Oso ona;32;15;Muy buena / Oso ona;8;Muy buena / Oso ona;4;Muy buena / Oso ona;Muy buena / Oso ona
26/04/2017;0,38;0,45;Muy buena / Oso ona;6;20;36;Muy buena / Oso ona;30;7;Muy buena / Oso ona;6;Muy buena / Oso ona;3;Muy buena / Oso ona;Muy buena / Oso ona
25/04/2017;0,4;0,46;Muy buena / Oso ona;8;30;65;Buena / Ona;43;26;Buena / Ona;16;Muy buena / Oso ona;3;Muy buena / Oso ona;Buena / Ona
24/04/2017;0,39;0,54;Muy buena / Oso ona;13;32;82;Buena / Ona;52;25;Muy buena / Oso ona;15;Muy buena / Oso ona;4;Muy buena / Oso ona;Buena / Ona
23/04/2017;0,32;0,42;Muy buena / Oso ona;4;21;40;Muy buena / Oso ona;27;17;Muy buena / Oso ona;11;Muy buena / Oso ona;4;Muy buena / Oso ona;Muy buena / Oso ona
22/04/2017;0,32;0,46;Muy buena / Oso ona;4;29;77;Buena / Ona;36;17;Muy buena / Oso ona;10;Muy buena / Oso ona;4;Muy buena / Oso ona;Buena / Ona
21/04/2017;0,4;0,65;Muy buena / Oso ona;15;33;83;Buena / Ona;55;23;Muy buena / Oso ona;13;Muy buena / Oso ona;4;Muy buena / Oso ona;Buena / Ona
20/04/2017;0,38;;Sin datos / Daturik gabe;12;31;74;Buena / Ona;49;20;Muy buena / Oso ona;12;Muy buena / Oso ona;4;Muy buena / Oso ona;Buena / Ona
19/04/2017;0,32;0,42;Muy buena / Oso ona;5;24;;Sin datos / Daturik gabe;32;16;Muy buena / Oso ona;8;Muy buena / Oso ona;3;Muy buena / Oso ona;Muy buena / Oso ona
18/04/2017;0,35;0,47;Muy buena / Oso ona;5;20;49;Muy buena / Oso ona;28;21;Muy buena / Oso ona;11;Muy buena / Oso ona;3;Muy buena / Oso ona;Muy buena / Oso ona
17/04/2017;0,29;0,35;Muy buena / Oso ona;3;12;23;Muy buena / Oso ona;16;20;Muy buena / Oso ona;10;Muy buena / Oso ona;3;Muy buena / Oso ona;Muy buena / Oso ona
16/04/2017;0,25;0,29;Muy buena / Oso ona;3;10;24;Muy buena / Oso ona;14;13;Muy buena / Oso ona;8;Muy buena / Oso ona;3;Muy buena / Oso ona;Muy buena / Oso ona
15/04/2017;0,32;0,38;Muy buena / Oso ona;4;16;31;Muy buena / Oso ona;22;19;Muy buena / Oso ona;12;Muy buena / Oso ona;3;Muy buena / Oso ona;Muy buena / Oso ona
14/04/2017;0,33;0,39;Muy buena / Oso ona;6;21;73;Buena / Ona;30;29;Buena / Ona;17;Buena / Ona;3;Muy buena / Oso ona;Buena / Ona
13/04/2017;0,36;0,5;Muy buena / Oso ona;7;27;76;Buena / Ona;37;24;Muy buena / Oso ona;15;Muy buena / Oso ona;4;Muy buena / Oso ona;Buena / Ona
12/04/2017;0,34;0,4;Muy buena / Oso ona;14;36;62;Buena / Ona;50;24;Muy buena / Oso ona;13;Muy buena / Oso ona;2;Muy buena / Oso ona;Buena / Ona
11/04/2017;0,34;0,43;Muy buena / Oso ona;5;25;44;Muy buena / Oso ona;29;29;Buena / Ona;20;Buena / Ona;;Sin datos / Daturik gabe;Buena / Ona
10/04/2017;0,37;0,48;Muy buena / Oso ona;16;38;59;Buena / Ona;55;25;Muy buena / Oso ona;18;Buena / Ona;;Sin datos / Daturik gabe;Buena / Ona
09/04/2017;0,31;0,42;Muy buena / Oso ona;;;;Sin datos / Daturik gabe;31;14;Muy buena / Oso ona;9;Muy buena / Oso ona;;Sin datos / Daturik gabe;Muy buena / Oso ona
08/04/2017;0,32;0,46;Muy buena / Oso ona;;;;Sin datos / Daturik gabe;47;23;Muy buena / Oso ona;13;Muy buena / Oso ona;;Sin datos / Daturik gabe;Muy buena / Oso ona
07/04/2017;0,36;0,44;Muy buena / Oso ona;9;42;57;Buena / Ona;47;32;Buena / Ona;15;Muy buena / Oso ona;;Sin datos / Daturik gabe;Buena / Ona
06/04/2017;0,32;0,36;Muy buena / Oso ona;8;28;54;Buena / Ona;34;31;Buena / Ona;14;Muy buena / Oso ona;;Sin datos / Daturik gabe;Buena / Ona
05/04/2017;0,29;0,33;Muy buena / Oso ona;7;31;;Sin datos / Daturik gabe;37;11;Muy buena / Oso ona;7;Muy buena / Oso ona;;Sin datos / Daturik gabe;Muy buena / Oso ona
04/04/2017;0,34;0,42;Muy buena / Oso ona;8;32;49;Muy buena / Oso ona;37;19;Muy buena / Oso ona;12;Muy buena / Oso ona;;Sin datos / Daturik gabe;Muy buena / Oso ona
03/04/2017;0,35;0,48;Muy buena / Oso ona;;;;Sin datos / Daturik gabe;52;16;Muy buena / Oso ona;8;Muy buena / Oso ona;;Sin datos / Daturik gabe;Muy buena / Oso ona
02/04/2017;0,23;0,24;Muy buena / Oso ona;;;;Sin datos / Daturik gabe;24;8;Muy buena / Oso ona;4;Muy buena / Oso ona;;Sin datos / Daturik gabe;Muy buena / Oso ona
01/04/2017;0,31;0,39;Muy buena / Oso ona;;;;Sin datos / Daturik gabe;15;4;Muy buena / Oso ona;4;Muy buena / Oso ona;;Sin datos / Daturik gabe;Muy buena / Oso ona
31/03/2017;0,31;0,34;Muy buena / Oso ona;4;28;74;Buena / Ona;34;13;Muy buena / Oso ona;9;Muy buena / Oso ona;;Sin datos / Daturik gabe;Buena / Ona
30/03/2017;0,32;0,48;Muy buena / Oso ona;22;34;88;Buena / Ona;67;23;Muy buena / Oso ona;13;Muy buena / Oso ona;;Sin datos / Daturik gabe;Buena / Ona
29/03/2017;;;Sin datos / Daturik gabe;16;35;69;Buena / Ona;60;17;Muy buena / Oso ona;;Sin datos / Daturik gabe;;Sin datos / Daturik gabe;Buena / Ona
28/03/2017;0,37;;Sin datos / Daturik gabe;13;30;66;Buena / Ona;50;;Sin datos / Daturik gabe;8;Muy buena / Oso ona;;Sin datos / Daturik gabe;Buena / Ona
27/03/2017;0,23;0,29;Muy buena / Oso ona;2;15;32;Muy buena / Oso ona;19;9;Muy buena / Oso ona;6;Muy buena / Oso ona;;Sin datos / Daturik gabe;Muy buena / Oso ona
26/03/2017;;;Sin datos / Daturik gabe;2;13;37;Muy buena / Oso ona;16;7;Muy buena / Oso ona;5;Muy buena / Oso ona;;Sin datos / Daturik gabe;Muy buena / Oso ona
25/03/2017;0,29;0,38;Muy buena / Oso ona;2;17;45;Muy buena / Oso ona;20;;Sin datos / Daturik gabe;4;Muy buena / Oso ona;;Sin datos / Daturik gabe;Muy buena / Oso ona
24/03/2017;0,39;0,69;Muy buena / Oso ona;14;31;64;Buena / Ona;53;12;Muy buena / Oso ona;7;Muy buena / Oso ona;;Sin datos / Daturik gabe;Buena / Ona
23/03/2017;0,27;0,42;Muy buena / Oso ona;3;17;45;Muy buena / Oso ona;21;6;Muy buena / Oso ona;3;Muy buena / Oso ona;;Sin datos / Daturik gabe;Muy buena / Oso ona
22/03/2017;;;Sin datos / Daturik gabe;2;19;40;Muy buena / Oso ona;22;8;Muy buena / Oso ona;4;Muy buena / Oso ona;;Sin datos / Daturik gabe;Muy buena / Oso ona
21/03/2017;;;Sin datos / Daturik gabe;6;28;49;Muy buena / Oso ona;37;13;Muy buena / Oso ona;;Sin datos / Daturik gabe;;Sin datos / Daturik gabe;Muy buena / Oso ona
20/03/2017;0,26;0,31;Muy buena / Oso ona;9;28;60;Buena / Ona;42;23;Muy buena / Oso ona;17;Buena / Ona;4;Muy buena / Oso ona;Buena / Ona
19/03/2017;0,23;0,3;Muy buena / Oso ona;12;31;67;Buena / Ona;48;19;Muy buena / Oso ona;11;Muy buena / Oso ona;4;Muy buena / Oso ona;Buena / Ona
18/03/2017;0,23;0,3;Muy buena / Oso ona;4;19;29;Muy buena / Oso ona;25;23;Muy buena / Oso ona;14;Muy buena / Oso ona;3;Muy buena / Oso ona;Muy buena / Oso ona
17/03/2017;0,27;0,33;Muy buena / Oso ona;16;43;74;Buena / Ona;68;31;Buena / Ona;17;Buena / Ona;4;Muy buena / Oso ona;Buena / Ona
16/03/2017;;;Sin datos / Daturik gabe;19;48;105;Mejorable / Hobetzeko modukoa;78;26;Buena / Ona;14;Muy buena / Oso ona;4;Muy buena / Oso ona;Mejorable / Hobetzeko modukoa
15/03/2017;;;Sin datos / Daturik gabe;7;32;72;Buena / Ona;42;32;Buena / Ona;16;Muy buena / Oso ona;3;Muy buena / Oso ona;Buena / Ona
14/03/2017;;;Sin datos / Daturik gabe;8;26;71;Buena / Ona;38;31;Buena / Ona;14;Muy buena / Oso ona;3;Muy buena / Oso ona;Buena / Ona
13/03/2017;0,2;0,24;Muy buena / Oso ona;21;48;82;Buena / Ona;81;9;Muy buena / Oso ona;4;Muy buena / Oso ona;4;Muy buena / Oso ona;Buena / Ona
12/03/2017;0,17;0,22;Muy buena / Oso ona;5;20;68;Buena / Ona;27;7;Muy buena / Oso ona;4;Muy buena / Oso ona;3;Muy buena / Oso ona;Buena / Ona
11/03/2017;0,26;0,54;Muy buena / Oso ona;11;30;60;Buena / Ona;47;28;Buena / Ona;16;Muy buena / Oso ona;4;Muy buena / Oso ona;Buena / Ona
10/03/2017;0,44;0,51;Muy buena / Oso ona;47;57;114;Mejorable / Hobetzeko modukoa;129;48;Buena / Ona;27;Buena / Ona;4;Muy buena / Oso ona;Mejorable / Hobetzeko modukoa
09/03/2017;0,34;0,41;Muy buena / Oso ona;22;47;77;Buena / Ona;81;39;Buena / Ona;24;Buena / Ona;4;Muy buena / Oso ona;Buena / Ona
08/03/2017;0,26;0,3;Muy buena / Oso ona;13;31;63;Buena / Ona;51;18;Muy buena / Oso ona;11;Muy buena / Oso ona;4;Muy buena / Oso ona;Buena / Ona
07/03/2017;0,22;0,28;Muy buena / Oso ona;9;30;77;Buena / Ona;43;21;Muy buena / Oso ona;8;Muy buena / Oso ona;3;Muy buena / Oso ona;Buena / Ona
06/03/2017;0,19;0,22;Muy buena / Oso ona;7;22;47;Muy buena / Oso ona;32;15;Muy buena / Oso ona;6;Muy buena / Oso ona;3;Muy buena / Oso ona;Muy buena / Oso ona
05/03/2017;0,21;0,25;Muy buena / Oso ona;1;13;34;Muy buena / Oso ona;15;6;Muy buena / Oso ona;4;Muy buena / Oso ona;3;Muy buena / Oso ona;Muy buena / Oso ona
04/03/2017;0,2;0,23;Muy buena / Oso ona;4;22;66;Buena / Ona;28;6;Muy buena / Oso ona;4;Muy buena / Oso ona;3;Muy buena / Oso ona;Buena / Ona
03/03/2017;0,24;0,36;Muy buena / Oso ona;13;32;89;Buena / Ona;52;21;Muy buena / Oso ona;11;Muy buena / Oso ona;3;Muy buena / Oso ona;Buena / Ona
02/03/2017;0,21;0,32;Muy buena / Oso ona;6;29;92;Buena / Ona;38;13;Muy buena / Oso ona;8;Muy buena / Oso ona;3;Muy buena / Oso ona;Buena / Ona
01/03/2017;0,25;0,39;Muy buena / Oso ona;11;28;72;Buena / Ona;45;12;Muy buena / Oso ona;7;Muy buena / Oso ona;3;Muy buena / Oso ona;Buena / Ona
28/02/2017;0,2;;Sin datos / Daturik gabe;4;22;58;Buena / Ona;28;8;Muy buena / Oso ona;4;Muy buena / Oso ona;3;Muy buena / Oso ona;Buena / Ona
27/02/2017;0,16;0,32;Muy buena / Oso ona;1;13;28;Muy buena / Oso ona;15;11;Muy buena / Oso ona;7;Muy buena / Oso ona;3;Muy buena / Oso ona;Muy buena / Oso ona
26/02/2017;0,31;0,58;Muy buena / Oso ona;11;37;63;Buena / Ona;53;23;Muy buena / Oso ona;15;Muy buena / Oso ona;4;Muy buena / Oso ona;Buena / Ona
25/02/2017;0,35;0,53;Muy buena / Oso ona;24;45;102;Mejorable / Hobetzeko modukoa;81;17;Muy buena / Oso ona;9;Muy buena / Oso ona;4;Muy buena / Oso ona;Mejorable / Hobetzeko modukoa
24/02/2017;0,22;0,25;Muy buena / Oso ona;12;37;63;Buena / Ona;54;17;Muy buena / Oso ona;8;Muy buena / Oso ona;3;Muy buena / Oso ona;Buena / Ona
23/02/2017;0,39;0,71;Muy buena / Oso ona;35;42;88;Buena / Ona;95;46;Buena / Ona;26;Buena / Ona;4;Muy buena / Oso ona;Buena / Ona
22/02/2017;0,44;0,71;Muy buena / Oso ona;48;57;109;Mejorable / Hobetzeko modukoa;130;31;Buena / Ona;17;Buena / Ona;4;Muy buena / Oso ona;Mejorable / Hobetzeko modukoa
21/02/2017;0,3;0,41;Muy buena / Oso ona;21;42;69;Buena / Ona;74;21;Muy buena / Oso ona;11;Muy buena / Oso ona;4;Muy buena / Oso ona;Buena / Ona
20/02/2017;0,23;0,26;Muy buena / Oso ona;6;26;56;Buena / Ona;35;20;Muy buena / Oso ona;13;Muy buena / Oso ona;3;Muy buena / Oso ona;Buena / Ona
19/02/2017;0,24;0,28;Muy buena / Oso ona;4;18;38;Muy buena / Oso ona;25;20;Muy buena / Oso ona;14;Muy buena / Oso ona;3;Muy buena / Oso ona;Muy buena / Oso ona
18/02/2017;0,35;0,47;Muy buena / Oso ona;38;42;82;Buena / Ona;99;26;Buena / Ona;16;Muy buena / Oso ona;4;Muy buena / Oso ona;Buena / Ona
17/02/2017;0,42;0,59;Muy buena / Oso ona;40;50;89;Buena / Ona;111;33;Buena / Ona;18;Buena / Ona;4;Muy buena / Oso ona;Buena / Ona
16/02/2017;0,42;0,52;Muy buena / Oso ona;46;51;85;Buena / Ona;121;36;Buena / Ona;19;Buena / Ona;4;Muy buena / Oso ona;Buena / Ona
15/02/2017;0,4;0,56;Muy buena / Oso ona;38;51;86;Buena / Ona;109;23;Muy buena / Oso ona;13;Muy buena / Oso ona;4;Muy buena / Oso ona;Buena / Ona
14/02/2017;0,3;0,38;Muy buena / Oso ona;19;40;82;Buena / Ona;69;14;Muy buena / Oso ona;7;Muy buena / Oso ona;3;Muy buena / Oso ona;Buena / Ona
13/02/2017;0,2;0,23;Muy buena / Oso ona;2;19;57;Buena / Ona;22;15;Muy buena / Oso ona;6;Muy buena / Oso ona;3;Muy buena / Oso ona;Buena / Ona
12/02/2017;0,2;0,33;Muy buena / Oso ona;1;10;32;Muy buena / Oso ona;12;25;Muy buena / Oso ona;9;Muy buena / Oso ona;3;Muy buena / Oso ona;Muy buena / Oso ona
11/02/2017;0,26;0,31;Muy buena / Oso ona;5;21;39;Muy buena / Oso ona;28;14;Muy buena / Oso ona;8;Muy buena / Oso ona;3;Muy buena / Oso ona;Muy buena / Oso ona
10/02/2017;0,24;0,43;Muy buena / Oso ona;6;28;62;Buena / Ona;38;17;Muy buena / Oso ona;9;Muy buena / Oso ona;4;Muy buena / Oso ona;Buena / Ona
09/02/2017;0,31;0,38;Muy buena / Oso ona;19;45;95;Buena / Ona;73;13;Muy buena / Oso ona;7;Muy buena / Oso ona;4;Muy buena / Oso ona;Buena / Ona
08/02/2017;0,21;0,28;Muy buena / Oso ona;7;30;60;Buena / Ona;40;;Sin datos / Daturik gabe;3;Muy buena / Oso ona;3;Muy buena / Oso ona;Buena / Ona
07/02/2017;0,26;0,42;Muy buena / Oso ona;10;33;69;Buena / Ona;49;11;Muy buena / Oso ona;7;Muy buena / Oso ona;3;Muy buena / Oso ona;Buena / Ona
06/02/2017;0,34;0,45;Muy buena / Oso ona;26;45;75;Buena / Ona;84;13;Muy buena / Oso ona;8;Muy buena / Oso ona;4;Muy buena / Oso ona;Buena / Ona
05/02/2017;0,19;0,26;Muy buena / Oso ona;2;12;22;Muy buena / Oso ona;15;4;Muy buena / Oso ona;3;Muy buena / Oso ona;3;Muy buena / Oso ona;Muy buena / Oso ona
04/02/2017;0,21;0,25;Muy buena / Oso ona;2;15;42;Muy buena / Oso ona;18;5;Muy buena / Oso ona;3;Muy buena / Oso ona;3;Muy buena / Oso ona;Muy buena / Oso ona
03/02/2017;0,15;0,18;Muy buena / Oso ona;2;15;49;Muy buena / Oso ona;17;8;Muy buena / Oso ona;5;Muy buena / Oso ona;3;Muy buena / Oso ona;Muy buena / Oso ona
02/02/2017;0,16;0,2;Muy buena / Oso ona;3;18;39;Muy buena / Oso ona;23;5;Muy buena / Oso ona;4;Muy buena / Oso ona;3;Muy buena / Oso ona;Muy buena / Oso ona
01/02/2017;0,37;0,64;Muy buena / Oso ona;36;42;82;Buena / Ona;96;26;Buena / Ona;16;Muy buena / Oso ona;4;Muy buena / Oso ona;Buena / Ona
31/01/2017;0,44;0,58;Muy buena / Oso ona;65;51;87;Buena / Ona;150;26;Buena / Ona;17;Buena / Ona;4;Muy buena / Oso ona;Buena / Ona
30/01/2017;0,32;0,5;Muy buena / Oso ona;34;45;97;Buena / Ona;97;16;Muy buena / Oso ona;9;Muy buena / Oso ona;4;Muy buena / Oso ona;Buena / Ona
29/01/2017;0,28;0,4;Muy buena / Oso ona;12;37;82;Buena / Ona;55;11;Muy buena / Oso ona;7;Muy buena / Oso ona;4;Muy buena / Oso ona;Buena / Ona
28/01/2017;0,29;0,34;Muy buena / Oso ona;15;39;85;Buena / Ona;62;12;Muy buena / Oso ona;7;Muy buena / Oso ona;4;Muy buena / Oso ona;Buena / Ona
27/01/2017;0,27;0,32;Muy buena / Oso ona;5;30;52;Buena / Ona;37;15;Muy buena / Oso ona;11;Muy buena / Oso ona;4;Muy buena / Oso ona;Buena / Ona
26/01/2017;0,37;0,62;Muy buena / Oso ona;38;54;93;Buena / Ona;112;33;Buena / Ona;19;Buena / Ona;4;Muy buena / Oso ona;Buena / Ona
25/01/2017;0,48;0,52;Muy buena / Oso ona;36;54;97;Buena / Ona;109;29;Buena / Ona;18;Buena / Ona;4;Muy buena / Oso ona;Buena / Ona
24/01/2017;0,41;0,52;Muy buena / Oso ona;18;48;89;Buena / Ona;75;24;Muy buena / Oso ona;15;Muy buena / Oso ona;4;Muy buena / Oso ona;Buena / Ona
23/01/2017;0,39;0,5;Muy buena / Oso ona;20;49;88;Buena / Ona;80;20;Muy buena / Oso ona;12;Muy buena / Oso ona;4;Muy buena / Oso ona;Buena / Ona
22/01/2017;0,41;0,91;Muy buena / Oso ona;21;35;62;Buena / Ona;67;21;Muy buena / Oso ona;14;Muy buena / Oso ona;4;Muy buena / Oso ona;Buena / Ona
21/01/2017;0,62;0,92;Muy buena / Oso ona;66;60;92;Buena / Ona;161;34;Buena / Ona;21;Buena / Ona;5;Muy buena / Oso ona;Buena / Ona
20/01/2017;0,67;0,92;Muy buena / Oso ona;88;58;94;Buena / Ona;193;48;Buena / Ona;33;Buena / Ona;5;Muy buena / Oso ona;Buena / Ona
19/01/2017;0,33;0,41;Muy buena / Oso ona;18;34;63;Buena / Ona;63;23;Muy buena / Oso ona;15;Muy buena / Oso ona;4;Muy buena / Oso ona;Buena / Ona
18/01/2017;0,26;0,34;Muy buena / Oso ona;11;24;45;Muy buena / Oso ona;42;13;Muy buena / Oso ona;8;Muy buena / Oso ona;4;Muy buena / Oso ona;Muy buena / Oso ona
17/01/2017;0,26;0,3;Muy buena / Oso ona;12;24;46;Muy buena / Oso ona;42;6;Muy buena / Oso ona;3;Muy buena / Oso ona;3;Muy buena / Oso ona;Muy buena / Oso ona
16/01/2017;0,21;0,25;Muy buena / Oso ona;16;37;67;Buena / Ona;61;3;Muy buena / Oso ona;;Sin datos / Daturik gabe;3;Muy buena / Oso ona;Buena / Ona
15/01/2017;0,2;;Sin datos / Daturik gabe;9;28;48;Muy buena / Oso ona;42;;Sin datos / Daturik gabe;;Sin datos / Daturik gabe;3;Muy buena / Oso ona;Muy buena / Oso ona
14/01/2017;0,26;0,35;Muy buena / Oso ona;5;28;54;Buena / Ona;35;;Sin datos / Daturik gabe;3;Muy buena / Oso ona;3;Muy buena / Oso ona;Buena / Ona
13/01/2017;0,27;0,33;Muy buena / Oso ona;6;26;46;Muy buena / Oso ona;34;;Sin datos / Daturik gabe;3;Muy buena / Oso ona;3;Muy buena / Oso ona;Muy buena / Oso ona
12/01/2017;0,3;0,49;Muy buena / Oso ona;30;35;54;Buena / Ona;82;12;Muy buena / Oso ona;8;Muy buena / Oso ona;4;Muy buena / Oso ona;Buena / Ona
11/01/2017;0,25;0,34;Muy buena / Oso ona;10;31;60;Buena / Ona;46;;Sin datos / Daturik gabe;3;Muy buena / Oso ona;3;Muy buena / Oso ona;Buena / Ona
10/01/2017;0,39;0,54;Muy buena / Oso ona;24;51;82;Buena / Ona;88;11;Muy buena / Oso ona;9;Muy buena / Oso ona;4;Muy buena / Oso ona;Buena / Ona
09/01/2017;0,4;0,5;Muy buena / Oso ona;40;47;88;Buena / Ona;109;14;Muy buena / Oso ona;9;Muy buena / Oso ona;4;Muy buena / Oso ona;Buena / Ona
08/01/2017;0,34;0,66;Muy buena / Oso ona;17;34;56;Buena / Ona;59;13;Muy buena / Oso ona;10;Muy buena / Oso ona;4;Muy buena / Oso ona;Buena / Ona
07/01/2017;0,42;0,76;Muy buena / Oso ona;42;53;103;Mejorable / Hobetzeko modukoa;118;20;Muy buena / Oso ona;16;Muy buena / Oso ona;5;Muy buena / Oso ona;Mejorable / Hobetzeko modukoa
06/01/2017;0,4;;Sin datos / Daturik gabe;27;41;89;Buena / Ona;82;15;Muy buena / Oso ona;10;Muy buena / Oso ona;4;Muy buena / Oso ona;Buena / Ona
05/01/2017;0,4;;Sin datos / Daturik gabe;35;40;75;Buena / Ona;93;24;Muy buena / Oso ona;15;Muy buena / Oso ona;4;Muy buena / Oso ona;Buena / Ona
04/01/2017;0,55;1,07;Muy buena / Oso ona;72;50;88;Buena / Ona;160;41;Buena / Ona;26;Buena / Ona;5;Muy buena / Oso ona;Buena / Ona
03/01/2017;0,7;1,05;Muy buena / Oso ona;;;;Sin datos / Daturik gabe;;49;Buena / Ona;30;Buena / Ona;6;Muy buena / Oso ona;Buena / Ona
02/01/2017;0,35;0,46;Muy buena / Oso ona;25;35;57;Buena / Ona;73;16;Muy buena / Oso ona;12;Muy buena / Oso ona;4;Muy buena / Oso ona;Buena / Ona
01/01/2017;0,24;;Sin datos / Daturik gabe;6;18;41;Muy buena / Oso ona;27;12;Muy buena / Oso ona;;Sin datos / Daturik gabe;3;Muy buena / Oso ona;Muy buena / Oso ona
