Date;NO (µg/m3);NO2 (µg/m3);NO2 max (µg/m3);NO2 - ICA;NOX (µg/m3);O3 (µg/m3);O3 8h max (µg/m3);O3 8h max - ICA;PM10 (µg/m3);PM10 - ICA;SO2 (µg/m3);SO2 - ICA;CH4 (mg/m3);HCNM (mg/m3 HEX);D.vien (grados);H (%);P (mBar);Tº (ºC);V.vien (m/s);ICA Estación
28/10/2017;3;9;26;Muy buena / Oso ona;14;60;66;Buena / Ona;11;Muy buena / Oso ona;2;Muy buena / Oso ona;;;332;95;994,8;14,4;0,82;Buena / Ona
27/10/2017;4;12;29;Muy buena / Oso ona;18;52;56;Muy buena / Oso ona;15;Muy buena / Oso ona;5;Muy buena / Oso ona;;;315;91;994;15,5;1,46;Muy buena / Oso ona
26/10/2017;4;17;32;Muy buena / Oso ona;23;55;63;Buena / Ona;14;Muy buena / Oso ona;5;Muy buena / Oso ona;;;302;64;988,3;18,9;0,9;Buena / Ona
25/10/2017;9;30;54;Buena / Ona;44;38;47;Muy buena / Oso ona;16;Muy buena / Oso ona;8;Muy buena / Oso ona;;;281;56;984,3;20,1;0,38;Buena / Ona
24/10/2017;7;34;86;Buena / Ona;45;41;58;Muy buena / Oso ona;13;Muy buena / Oso ona;13;Muy buena / Oso ona;;;276;58;984,6;17,9;0,39;Buena / Ona
23/10/2017;8;21;39;Muy buena / Oso ona;32;45;69;Buena / Ona;9;Muy buena / Oso ona;5;Muy buena / Oso ona;;;303;80;988,5;13,6;0,59;Buena / Ona
22/10/2017;3;7;18;Muy buena / Oso ona;12;66;68;Buena / Ona;6;Muy buena / Oso ona;3;Muy buena / Oso ona;;;264;88;990,3;12,3;2,31;Buena / Ona
21/10/2017;4;8;14;Muy buena / Oso ona;14;64;70;Buena / Ona;6;Muy buena / Oso ona;2;Muy buena / Oso ona;;;292;80;986,1;15,1;3,26;Buena / Ona
20/10/2017;4;8;28;Muy buena / Oso ona;14;58;73;Buena / Ona;5;Muy buena / Oso ona;2;Muy buena / Oso ona;;;220;63;978,8;19,8;2,43;Buena / Ona
19/10/2017;3;8;14;Muy buena / Oso ona;13;59;68;Buena / Ona;10;Muy buena / Oso ona;2;Muy buena / Oso ona;;;231;77;974,6;15,7;1,84;Buena / Ona
18/10/2017;4;14;36;Muy buena / Oso ona;19;61;71;Buena / Ona;10;Muy buena / Oso ona;2;Muy buena / Oso ona;;;242;82;973,9;15,1;1,07;Buena / Ona
17/10/2017;3;19;43;Muy buena / Oso ona;24;56;70;Buena / Ona;26;Buena / Ona;2;Muy buena / Oso ona;;;179;76;979;19,2;0,27;Buena / Ona
16/10/2017;3;10;21;Muy buena / Oso ona;14;71;79;Buena / Ona;17;Muy buena / Oso ona;2;Muy buena / Oso ona;;;223;73;984;20,6;0,44;Buena / Ona
15/10/2017;3;7;15;Muy buena / Oso ona;11;70;88;Buena / Ona;20;Muy buena / Oso ona;2;Muy buena / Oso ona;;;183;59;983,6;24,1;0,75;Buena / Ona
14/10/2017;3;12;41;Muy buena / Oso ona;18;70;93;Buena / Ona;22;Muy buena / Oso ona;3;Muy buena / Oso ona;;;172;75;985;22,1;0,99;Buena / Ona
13/10/2017;7;24;61;Buena / Ona;34;60;71;Buena / Ona;25;Muy buena / Oso ona;5;Muy buena / Oso ona;;;333;81;986,2;18,8;0,7;Buena / Ona
12/10/2017;5;23;48;Muy buena / Oso ona;30;49;63;Buena / Ona;19;Muy buena / Oso ona;7;Muy buena / Oso ona;;;301;92;986,5;17;0,4;Buena / Ona
11/10/2017;4;18;32;Muy buena / Oso ona;24;63;68;Buena / Ona;13;Muy buena / Oso ona;4;Muy buena / Oso ona;;;310;74;986,9;18,1;0,72;Buena / Ona
10/10/2017;8;22;41;Muy buena / Oso ona;34;47;;Sin datos / Daturik gabe;11;Muy buena / Oso ona;10;Muy buena / Oso ona;;;313;94;991,6;15,5;0,53;Muy buena / Oso ona
09/10/2017;7;20;37;Muy buena / Oso ona;31;58;66;Buena / Ona;10;Muy buena / Oso ona;14;Muy buena / Oso ona;;;297;83;993,2;14,7;0,68;Buena / Ona
08/10/2017;5;18;45;Muy buena / Oso ona;25;60;77;Buena / Ona;12;Muy buena / Oso ona;13;Muy buena / Oso ona;;;318;92;993,9;14,4;0,78;Buena / Ona
07/10/2017;5;13;23;Muy buena / Oso ona;22;58;70;Buena / Ona;10;Muy buena / Oso ona;4;Muy buena / Oso ona;;;316;100;995,3;13,8;0,38;Buena / Ona
06/10/2017;4;13;20;Muy buena / Oso ona;19;59;;Sin datos / Daturik gabe;7;Muy buena / Oso ona;4;Muy buena / Oso ona;;;331;100;992,6;14,6;1,2;Muy buena / Oso ona
05/10/2017;4;15;25;Muy buena / Oso ona;21;45;68;Buena / Ona;10;Muy buena / Oso ona;5;Muy buena / Oso ona;;;330;100;986,8;17;1,26;Buena / Ona
04/10/2017;9;20;37;Muy buena / Oso ona;33;21;33;Muy buena / Oso ona;11;Muy buena / Oso ona;5;Muy buena / Oso ona;;;5;100;985,4;18,7;0,54;Muy buena / Oso ona
03/10/2017;9;20;31;Muy buena / Oso ona;34;14;26;Muy buena / Oso ona;7;Muy buena / Oso ona;4;Muy buena / Oso ona;;;322;100;986,1;17,9;0,83;Muy buena / Oso ona
02/10/2017;6;22;43;Muy buena / Oso ona;32;23;40;Muy buena / Oso ona;11;Muy buena / Oso ona;3;Muy buena / Oso ona;;;279;100;987,2;17,9;0,3;Muy buena / Oso ona
01/10/2017;3;10;27;Muy buena / Oso ona;16;38;56;Muy buena / Oso ona;6;Muy buena / Oso ona;3;Muy buena / Oso ona;;;257;100;985,8;16,3;1,35;Muy buena / Oso ona
30/09/2017;3;10;19;Muy buena / Oso ona;15;59;68;Buena / Ona;6;Muy buena / Oso ona;4;Muy buena / Oso ona;;;313;100;984,8;15,3;0,56;Buena / Ona
29/09/2017;5;23;43;Muy buena / Oso ona;31;55;73;Buena / Ona;20;Muy buena / Oso ona;7;Muy buena / Oso ona;;;326;92;984,1;18,7;1,14;Buena / Ona
28/09/2017;4;23;59;Buena / Ona;29;68;83;Buena / Ona;15;Muy buena / Oso ona;6;Muy buena / Oso ona;;;299;73;983,3;21,3;0,54;Buena / Ona
27/09/2017;5;21;42;Muy buena / Oso ona;29;59;65;Buena / Ona;10;Muy buena / Oso ona;7;Muy buena / Oso ona;;;313;79;981,9;19;0,84;Buena / Ona
26/09/2017;6;14;42;Muy buena / Oso ona;23;49;62;Buena / Ona;9;Muy buena / Oso ona;5;Muy buena / Oso ona;;;288;98;983,9;16,5;0,09;Buena / Ona
25/09/2017;4;12;37;Muy buena / Oso ona;18;60;73;Buena / Ona;9;Muy buena / Oso ona;8;Muy buena / Oso ona;;;297;99;984,8;16,2;1,4;Buena / Ona
24/09/2017;5;17;46;Muy buena / Oso ona;24;68;78;Buena / Ona;15;Muy buena / Oso ona;8;Muy buena / Oso ona;;;317;89;981,6;18,7;1,52;Buena / Ona
23/09/2017;3;13;33;Muy buena / Oso ona;18;68;92;Buena / Ona;18;Muy buena / Oso ona;5;Muy buena / Oso ona;;;257;89;981,4;19,5;0,59;Buena / Ona
22/09/2017;4;17;46;Muy buena / Oso ona;22;52;67;Buena / Ona;7;Muy buena / Oso ona;4;Muy buena / Oso ona;;;325;100;984,2;14,9;0,92;Buena / Ona
21/09/2017;6;18;51;Buena / Ona;28;58;74;Buena / Ona;14;Muy buena / Oso ona;8;Muy buena / Oso ona;;;311;89;981,2;16,7;1,01;Buena / Ona
20/09/2017;10;24;46;Muy buena / Oso ona;38;50;61;Buena / Ona;9;Muy buena / Oso ona;10;Muy buena / Oso ona;;;312;83;;16,2;0,34;Buena / Ona
19/09/2017;4;13;30;Muy buena / Oso ona;20;61;75;Buena / Ona;5;Muy buena / Oso ona;6;Muy buena / Oso ona;;;314;97;;14,6;0,81;Buena / Ona
18/09/2017;4;13;31;Muy buena / Oso ona;19;51;66;Buena / Ona;4;Muy buena / Oso ona;4;Muy buena / Oso ona;;;290;100;;13,6;0,76;Buena / Ona
17/09/2017;3;5;14;Muy buena / Oso ona;11;64;71;Buena / Ona;3;Muy buena / Oso ona;4;Muy buena / Oso ona;;;279;85;980,7;14,1;2,05;Buena / Ona
16/09/2017;3;6;17;Muy buena / Oso ona;11;63;68;Buena / Ona;3;Muy buena / Oso ona;4;Muy buena / Oso ona;;;253;96;979,7;11,9;2,31;Buena / Ona
15/09/2017;4;7;12;Muy buena / Oso ona;12;57;62;Buena / Ona;5;Muy buena / Oso ona;5;Muy buena / Oso ona;;;251;97;980,8;12,3;2,22;Buena / Ona
14/09/2017;3;10;17;Muy buena / Oso ona;15;59;68;Buena / Ona;7;Muy buena / Oso ona;5;Muy buena / Oso ona;;;308;92;984,4;15,1;2,15;Buena / Ona
13/09/2017;4;14;24;Muy buena / Oso ona;20;41;53;Muy buena / Oso ona;7;Muy buena / Oso ona;5;Muy buena / Oso ona;;;311;97;983,6;18,3;0,92;Muy buena / Oso ona
12/09/2017;3;9;21;Muy buena / Oso ona;14;60;69;Buena / Ona;4;Muy buena / Oso ona;5;Muy buena / Oso ona;;;268;100;982;15,9;1,7;Buena / Ona
11/09/2017;3;8;15;Muy buena / Oso ona;13;57;66;Buena / Ona;7;Muy buena / Oso ona;4;Muy buena / Oso ona;;;292;99;978;16,2;3,43;Buena / Ona
10/09/2017;3;6;8;Muy buena / Oso ona;10;67;72;Buena / Ona;5;Muy buena / Oso ona;4;Muy buena / Oso ona;;;264;92;977,4;15,5;3,13;Buena / Ona
09/09/2017;3;5;10;Muy buena / Oso ona;10;65;70;Buena / Ona;4;Muy buena / Oso ona;5;Muy buena / Oso ona;;;268;92;974,1;15,2;4,28;Buena / Ona
08/09/2017;4;11;23;Muy buena / Oso ona;17;60;75;Buena / Ona;10;Muy buena / Oso ona;5;Muy buena / Oso ona;;;291;88;978,2;16,7;1,31;Buena / Ona
07/09/2017;4;9;19;Muy buena / Oso ona;15;59;67;Buena / Ona;11;Muy buena / Oso ona;7;Muy buena / Oso ona;;;310;90;984,9;16,8;1,01;Buena / Ona
06/09/2017;3;9;13;Muy buena / Oso ona;13;59;62;Buena / Ona;8;Muy buena / Oso ona;5;Muy buena / Oso ona;;;324;100;988,7;16,8;1,2;Buena / Ona
05/09/2017;5;14;24;Muy buena / Oso ona;21;45;60;Muy buena / Oso ona;8;Muy buena / Oso ona;6;Muy buena / Oso ona;;;317;99;985,8;19,1;1,12;Muy buena / Oso ona
04/09/2017;5;15;28;Muy buena / Oso ona;23;35;45;Muy buena / Oso ona;7;Muy buena / Oso ona;4;Muy buena / Oso ona;;;319;99;980,7;18,7;0,79;Muy buena / Oso ona
03/09/2017;4;12;25;Muy buena / Oso ona;18;50;58;Muy buena / Oso ona;8;Muy buena / Oso ona;5;Muy buena / Oso ona;;;327;85;978,6;19,1;0,64;Muy buena / Oso ona
02/09/2017;3;7;11;Muy buena / Oso ona;12;65;74;Buena / Ona;6;Muy buena / Oso ona;6;Muy buena / Oso ona;;;283;89;985,9;16,9;0,46;Buena / Ona
01/09/2017;3;7;12;Muy buena / Oso ona;12;63;70;Buena / Ona;5;Muy buena / Oso ona;5;Muy buena / Oso ona;;;290;95;985,9;16;1,95;Buena / Ona
31/08/2017;3;7;20;Muy buena / Oso ona;13;61;74;Buena / Ona;5;Muy buena / Oso ona;5;Muy buena / Oso ona;;;303;99;984,5;15,9;0,99;Buena / Ona
30/08/2017;4;12;27;Muy buena / Oso ona;18;54;67;Buena / Ona;11;Muy buena / Oso ona;4;Muy buena / Oso ona;;;310;100;978,8;18,1;1,74;Buena / Ona
29/08/2017;5;14;25;Muy buena / Oso ona;22;61;79;Buena / Ona;11;Muy buena / Oso ona;3;Muy buena / Oso ona;;;300;95;977,5;19,7;1,04;Buena / Ona
28/08/2017;3;12;33;Muy buena / Oso ona;17;57;72;Buena / Ona;11;Muy buena / Oso ona;3;Muy buena / Oso ona;;;231;82;978;21,7;1,56;Buena / Ona
27/08/2017;3;10;31;Muy buena / Oso ona;14;54;64;Buena / Ona;13;Muy buena / Oso ona;4;Muy buena / Oso ona;;;230;82;977,9;22,7;1,4;Buena / Ona
26/08/2017;4;15;29;Muy buena / Oso ona;21;47;60;Muy buena / Oso ona;15;Muy buena / Oso ona;3;Muy buena / Oso ona;;;6;99;977,7;20,8;0,53;Muy buena / Oso ona
25/08/2017;4;13;41;Muy buena / Oso ona;19;49;62;Buena / Ona;8;Muy buena / Oso ona;3;Muy buena / Oso ona;;;336;100;979,3;19,4;0,97;Buena / Ona
24/08/2017;4;12;26;Muy buena / Oso ona;17;52;62;Buena / Ona;9;Muy buena / Oso ona;3;Muy buena / Oso ona;;;327;100;979,9;19,2;1,27;Buena / Ona
23/08/2017;4;15;26;Muy buena / Oso ona;20;48;59;Muy buena / Oso ona;13;Muy buena / Oso ona;3;Muy buena / Oso ona;;;354;94;981,3;19,3;0,75;Muy buena / Oso ona
22/08/2017;4;16;36;Muy buena / Oso ona;22;71;108;Mejorable / Hobetzeko modukoa;17;Muy buena / Oso ona;4;Muy buena / Oso ona;;;333;73;979,8;23,1;1,13;Mejorable / Hobetzeko modukoa
21/08/2017;6;18;39;Muy buena / Oso ona;27;80;117;Mejorable / Hobetzeko modukoa;11;Muy buena / Oso ona;5;Muy buena / Oso ona;;;92;64;979,6;24,5;0,3;Mejorable / Hobetzeko modukoa
20/08/2017;3;10;47;Muy buena / Oso ona;15;58;71;Buena / Ona;6;Muy buena / Oso ona;3;Muy buena / Oso ona;;;19;85;;18,4;0,38;Buena / Ona
19/08/2017;3;7;19;Muy buena / Oso ona;12;61;67;Buena / Ona;5;Muy buena / Oso ona;3;Muy buena / Oso ona;;;352;99;;18,2;0,83;Buena / Ona
18/08/2017;4;14;27;Muy buena / Oso ona;20;49;67;Buena / Ona;9;Muy buena / Oso ona;4;Muy buena / Oso ona;;;323;100;;18,9;1,13;Buena / Ona
17/08/2017;4;13;22;Muy buena / Oso ona;19;58;69;Buena / Ona;7;Muy buena / Oso ona;5;Muy buena / Oso ona;;;316;85;;20,4;1,55;Buena / Ona
16/08/2017;4;14;25;Muy buena / Oso ona;21;45;63;Buena / Ona;7;Muy buena / Oso ona;3;Muy buena / Oso ona;;;334;96;;19,7;0,99;Buena / Ona
15/08/2017;3;11;15;Muy buena / Oso ona;16;47;50;Muy buena / Oso ona;8;Muy buena / Oso ona;3;Muy buena / Oso ona;;;333;100;;18,4;1,19;Muy buena / Oso ona
14/08/2017;3;14;28;Muy buena / Oso ona;19;62;83;Buena / Ona;14;Muy buena / Oso ona;3;Muy buena / Oso ona;;;301;83;;22,6;0,28;Buena / Ona
13/08/2017;3;9;16;Muy buena / Oso ona;14;54;65;Buena / Ona;8;Muy buena / Oso ona;3;Muy buena / Oso ona;;;315;92;;18,4;1,08;Buena / Ona
12/08/2017;6;11;29;Muy buena / Oso ona;20;55;73;Buena / Ona;8;Muy buena / Oso ona;5;Muy buena / Oso ona;;;302;84;;17,2;1,04;Buena / Ona
11/08/2017;3;10;19;Muy buena / Oso ona;15;65;74;Buena / Ona;7;Muy buena / Oso ona;4;Muy buena / Oso ona;;;314;90;;16,4;1,53;Buena / Ona
10/08/2017;4;10;20;Muy buena / Oso ona;16;66;71;Buena / Ona;6;Muy buena / Oso ona;4;Muy buena / Oso ona;;;284;96;;15,3;3,17;Buena / Ona
09/08/2017;4;9;14;Muy buena / Oso ona;14;68;71;Buena / Ona;4;Muy buena / Oso ona;4;Muy buena / Oso ona;;;283;90;;15,3;3,11;Buena / Ona
08/08/2017;3;10;15;Muy buena / Oso ona;15;63;69;Buena / Ona;4;Muy buena / Oso ona;4;Muy buena / Oso ona;;;285;97;;15,8;2,24;Buena / Ona
07/08/2017;4;11;19;Muy buena / Oso ona;16;64;72;Buena / Ona;8;Muy buena / Oso ona;3;Muy buena / Oso ona;;;297;99;979;18,1;2,1;Buena / Ona
06/08/2017;3;6;12;Muy buena / Oso ona;11;63;71;Buena / Ona;7;Muy buena / Oso ona;3;Muy buena / Oso ona;;;344;98;985,1;17,7;1,47;Buena / Ona
05/08/2017;3;7;10;Muy buena / Oso ona;12;56;61;Buena / Ona;12;Muy buena / Oso ona;3;Muy buena / Oso ona;;;332;100;984,4;17,2;2,16;Buena / Ona
04/08/2017;4;11;21;Muy buena / Oso ona;17;48;61;Buena / Ona;10;Muy buena / Oso ona;3;Muy buena / Oso ona;;;337;88;981,4;23,5;1,3;Buena / Ona
03/08/2017;5;14;38;Muy buena / Oso ona;23;57;73;Buena / Ona;13;Muy buena / Oso ona;4;Muy buena / Oso ona;;;320;95;982,1;20,8;1,6;Buena / Ona
02/08/2017;6;18;32;Muy buena / Oso ona;26;51;71;Buena / Ona;11;Muy buena / Oso ona;3;Muy buena / Oso ona;;;333;99;981,7;19,7;1;Buena / Ona
01/08/2017;4;13;28;Muy buena / Oso ona;18;42;51;Muy buena / Oso ona;6;Muy buena / Oso ona;3;Muy buena / Oso ona;;;333;100;980,2;18,4;0,42;Muy buena / Oso ona
31/07/2017;3;9;15;Muy buena / Oso ona;14;46;53;Muy buena / Oso ona;5;Muy buena / Oso ona;3;Muy buena / Oso ona;;;339;100;977,2;17;0,97;Muy buena / Oso ona
30/07/2017;3;12;23;Muy buena / Oso ona;17;41;52;Muy buena / Oso ona;7;Muy buena / Oso ona;4;Muy buena / Oso ona;;;316;97;978,9;18,5;1,09;Muy buena / Oso ona
29/07/2017;4;11;32;Muy buena / Oso ona;18;53;59;Muy buena / Oso ona;8;Muy buena / Oso ona;6;Muy buena / Oso ona;;;328;75;979;22,7;0,63;Muy buena / Oso ona
28/07/2017;4;14;26;Muy buena / Oso ona;20;43;53;Muy buena / Oso ona;8;Muy buena / Oso ona;3;Muy buena / Oso ona;;;338;100;981,4;19;0,99;Muy buena / Oso ona
27/07/2017;9;18;37;Muy buena / Oso ona;32;42;62;Buena / Ona;15;Muy buena / Oso ona;4;Muy buena / Oso ona;;;335;96;979,8;19,6;1,34;Buena / Ona
26/07/2017;7;17;35;Muy buena / Oso ona;28;59;79;Buena / Ona;13;Muy buena / Oso ona;4;Muy buena / Oso ona;;;324;97;981;17,9;1,18;Buena / Ona
25/07/2017;3;9;15;Muy buena / Oso ona;15;60;63;Buena / Ona;6;Muy buena / Oso ona;6;Muy buena / Oso ona;;;298;100;984,4;16,5;2,09;Buena / Ona
24/07/2017;5;12;16;Muy buena / Oso ona;19;40;49;Muy buena / Oso ona;4;Muy buena / Oso ona;4;Muy buena / Oso ona;;;306;100;985,4;16,6;3,48;Muy buena / Oso ona
23/07/2017;3;10;16;Muy buena / Oso ona;14;56;72;Buena / Ona;9;Muy buena / Oso ona;6;Muy buena / Oso ona;;;315;93;984,3;18,1;1,3;Buena / Ona
22/07/2017;4;10;21;Muy buena / Oso ona;16;51;60;Muy buena / Oso ona;9;Muy buena / Oso ona;4;Muy buena / Oso ona;;;307;98;;17,3;1,54;Muy buena / Oso ona
21/07/2017;4;17;22;Muy buena / Oso ona;23;37;43;Muy buena / Oso ona;7;Muy buena / Oso ona;4;Muy buena / Oso ona;;;318;100;;15,8;0,94;Muy buena / Oso ona
20/07/2017;3;15;27;Muy buena / Oso ona;21;47;55;Muy buena / Oso ona;5;Muy buena / Oso ona;3;Muy buena / Oso ona;;;318;100;980,7;15,7;1,28;Muy buena / Oso ona
19/07/2017;4;13;30;Muy buena / Oso ona;18;69;81;Buena / Ona;15;Muy buena / Oso ona;3;Muy buena / Oso ona;;;321;93;977,2;19,7;1,29;Buena / Ona
18/07/2017;4;15;32;Muy buena / Oso ona;21;79;88;Buena / Ona;22;Muy buena / Oso ona;3;Muy buena / Oso ona;;;341;77;974,2;23,2;1,52;Buena / Ona
17/07/2017;5;23;48;Muy buena / Oso ona;32;76;108;Mejorable / Hobetzeko modukoa;25;Muy buena / Oso ona;3;Muy buena / Oso ona;;;11;83;977,1;24,4;0,31;Mejorable / Hobetzeko modukoa
16/07/2017;3;11;23;Muy buena / Oso ona;16;75;92;Buena / Ona;13;Muy buena / Oso ona;3;Muy buena / Oso ona;;;333;92;983,8;20,8;1,09;Buena / Ona
15/07/2017;2;8;12;Muy buena / Oso ona;12;58;63;Buena / Ona;7;Muy buena / Oso ona;3;Muy buena / Oso ona;;;4;99;986,3;18,2;0,96;Buena / Ona
14/07/2017;3;11;25;Muy buena / Oso ona;16;47;60;Muy buena / Oso ona;5;Muy buena / Oso ona;3;Muy buena / Oso ona;;;356;98;986,6;17,9;1,09;Muy buena / Oso ona
13/07/2017;5;15;34;Muy buena / Oso ona;22;34;50;Muy buena / Oso ona;16;Muy buena / Oso ona;3;Muy buena / Oso ona;;;332;100;985,9;17,5;1,1;Muy buena / Oso ona
12/07/2017;5;16;36;Muy buena / Oso ona;24;36;46;Muy buena / Oso ona;12;Muy buena / Oso ona;5;Muy buena / Oso ona;;;328;99;984,4;18,7;1,19;Muy buena / Oso ona
11/07/2017;7;18;42;Muy buena / Oso ona;28;39;59;Muy buena / Oso ona;13;Muy buena / Oso ona;4;Muy buena / Oso ona;;;328;99;980,8;18,7;1;Muy buena / Oso ona
10/07/2017;8;16;25;Muy buena / Oso ona;28;38;52;Muy buena / Oso ona;7;Muy buena / Oso ona;4;Muy buena / Oso ona;;;330;100;980,5;17,1;1,44;Muy buena / Oso ona
09/07/2017;13;20;35;Muy buena / Oso ona;39;51;66;Buena / Ona;17;Muy buena / Oso ona;4;Muy buena / Oso ona;;;333;100;979,5;17,9;1,43;Buena / Ona
08/07/2017;29;34;77;Buena / Ona;77;45;58;Muy buena / Oso ona;14;Muy buena / Oso ona;4;Muy buena / Oso ona;;;337;100;981,2;17,5;1,57;Buena / Ona
07/07/2017;28;33;78;Buena / Ona;75;46;57;Muy buena / Oso ona;26;Buena / Ona;5;Muy buena / Oso ona;;;330;89;981,7;19,8;1,42;Buena / Ona
06/07/2017;14;33;67;Buena / Ona;54;37;52;Muy buena / Oso ona;31;Buena / Ona;4;Muy buena / Oso ona;;;2;87;979,7;20,7;0,29;Buena / Ona
05/07/2017;16;24;56;Buena / Ona;48;58;81;Buena / Ona;25;Muy buena / Oso ona;4;Muy buena / Oso ona;;;347;73;977;22,3;1,04;Buena / Ona
04/07/2017;11;20;42;Muy buena / Oso ona;37;58;94;Buena / Ona;23;Muy buena / Oso ona;4;Muy buena / Oso ona;;;106;74;978,3;25,3;0,35;Buena / Ona
03/07/2017;8;13;28;Muy buena / Oso ona;24;33;43;Muy buena / Oso ona;14;Muy buena / Oso ona;4;Muy buena / Oso ona;;;34;92;986,8;18,7;0,59;Muy buena / Oso ona
02/07/2017;3;11;18;Muy buena / Oso ona;16;46;57;Muy buena / Oso ona;6;Muy buena / Oso ona;4;Muy buena / Oso ona;;;320;95;990,2;16;1,06;Muy buena / Oso ona
01/07/2017;5;10;23;Muy buena / Oso ona;16;48;55;Muy buena / Oso ona;6;Muy buena / Oso ona;4;Muy buena / Oso ona;;;278;98;988,2;13,4;2,44;Muy buena / Oso ona
30/06/2017;3;9;15;Muy buena / Oso ona;14;51;63;Buena / Ona;3;Muy buena / Oso ona;4;Muy buena / Oso ona;;;260;91;980,7;13,1;3,2;Buena / Ona
29/06/2017;3;9;15;Muy buena / Oso ona;14;61;65;Buena / Ona;5;Muy buena / Oso ona;4;Muy buena / Oso ona;;;273;70;974,6;15,7;3,6;Buena / Ona
28/06/2017;4;8;23;Muy buena / Oso ona;14;56;66;Buena / Ona;5;Muy buena / Oso ona;5;Muy buena / Oso ona;;;274;90;970,9;17,5;4;Buena / Ona
27/06/2017;6;20;30;Muy buena / Oso ona;29;36;51;Muy buena / Oso ona;12;Muy buena / Oso ona;5;Muy buena / Oso ona;;;336;100;973,7;17,8;1,03;Muy buena / Oso ona
26/06/2017;6;17;34;Muy buena / Oso ona;27;39;52;Muy buena / Oso ona;10;Muy buena / Oso ona;4;Muy buena / Oso ona;;;324;100;975,1;19,3;1,09;Muy buena / Oso ona
25/06/2017;3;12;23;Muy buena / Oso ona;16;44;55;Muy buena / Oso ona;10;Muy buena / Oso ona;4;Muy buena / Oso ona;;;47;100;980,7;18,4;0,21;Muy buena / Oso ona
24/06/2017;3;11;17;Muy buena / Oso ona;15;49;55;Muy buena / Oso ona;11;Muy buena / Oso ona;4;Muy buena / Oso ona;;;332;100;985,3;17,3;0,67;Muy buena / Oso ona
23/06/2017;3;16;30;Muy buena / Oso ona;20;51;59;Muy buena / Oso ona;15;Muy buena / Oso ona;4;Muy buena / Oso ona;;;325;100;986,6;17,7;1,17;Muy buena / Oso ona
22/06/2017;3;18;35;Muy buena / Oso ona;23;61;103;Mejorable / Hobetzeko modukoa;25;Muy buena / Oso ona;3;Muy buena / Oso ona;;;341;100;982,6;18,1;1,49;Mejorable / Hobetzeko modukoa
21/06/2017;4;25;43;Muy buena / Oso ona;31;99;137;Mejorable / Hobetzeko modukoa;54;Mejorable / Hobetzeko modukoa;4;Muy buena / Oso ona;;;316;62;978,7;27,8;1,02;Mejorable / Hobetzeko modukoa
20/06/2017;3;28;60;Buena / Ona;33;80;108;Mejorable / Hobetzeko modukoa;21;Muy buena / Oso ona;4;Muy buena / Oso ona;;;283;60;979,8;26,2;0,8;Mejorable / Hobetzeko modukoa
19/06/2017;2;16;38;Muy buena / Oso ona;20;110;134;Mejorable / Hobetzeko modukoa;17;Muy buena / Oso ona;4;Muy buena / Oso ona;;;209;60;;27,4;2,48;Mejorable / Hobetzeko modukoa
18/06/2017;3;21;61;Buena / Ona;27;98;115;Mejorable / Hobetzeko modukoa;18;Muy buena / Oso ona;4;Muy buena / Oso ona;;;325;79;;24,3;0,89;Mejorable / Hobetzeko modukoa
17/06/2017;4;18;28;Muy buena / Oso ona;24;68;99;Buena / Ona;14;Muy buena / Oso ona;4;Muy buena / Oso ona;;;329;97;;20,5;0,86;Buena / Ona
16/06/2017;3;18;35;Muy buena / Oso ona;23;54;65;Buena / Ona;10;Muy buena / Oso ona;4;Muy buena / Oso ona;;;6;100;;17,1;0,52;Buena / Ona
15/06/2017;3;20;33;Muy buena / Oso ona;24;58;64;Buena / Ona;7;Muy buena / Oso ona;4;Muy buena / Oso ona;;;335;100;986,8;15,7;1,9;Buena / Ona
14/06/2017;4;25;45;Muy buena / Oso ona;31;53;64;Buena / Ona;20;Muy buena / Oso ona;5;Muy buena / Oso ona;;;335;100;979,2;18,4;1,49;Buena / Ona
13/06/2017;7;36;61;Buena / Ona;47;39;55;Muy buena / Oso ona;17;Muy buena / Oso ona;5;Muy buena / Oso ona;;;342;100;978,7;18,8;0,77;Buena / Ona
12/06/2017;3;26;35;Muy buena / Oso ona;30;39;47;Muy buena / Oso ona;9;Muy buena / Oso ona;5;Muy buena / Oso ona;;;9;100;983;18,9;0,77;Muy buena / Oso ona
11/06/2017;3;31;49;Muy buena / Oso ona;36;49;67;Buena / Ona;22;Muy buena / Oso ona;5;Muy buena / Oso ona;;;336;100;983,2;18,7;1,55;Buena / Ona
10/06/2017;5;54;89;Buena / Ona;62;42;64;Buena / Ona;19;Muy buena / Oso ona;6;Muy buena / Oso ona;;;348;97;981,6;18,8;0,91;Buena / Ona
09/06/2017;;;;Sin datos / Daturik gabe;;37;62;Buena / Ona;14;Muy buena / Oso ona;7;Muy buena / Oso ona;;;330;95;980,8;16,8;1,03;Buena / Ona
08/06/2017;;;;Sin datos / Daturik gabe;;70;83;Buena / Ona;14;Muy buena / Oso ona;6;Muy buena / Oso ona;;;295;73;977,9;21,4;0,65;Buena / Ona
07/06/2017;;;;Sin datos / Daturik gabe;;59;76;Buena / Ona;12;Muy buena / Oso ona;6;Muy buena / Oso ona;;;345;83;983,9;17,7;0,35;Buena / Ona
06/06/2017;;;;Sin datos / Daturik gabe;;63;72;Buena / Ona;6;Muy buena / Oso ona;7;Muy buena / Oso ona;;;310;96;982,3;14;3,01;Buena / Ona
05/06/2017;;;;Sin datos / Daturik gabe;;56;72;Buena / Ona;9;Muy buena / Oso ona;6;Muy buena / Oso ona;;;301;94;979,2;16,8;0,91;Buena / Ona
04/06/2017;;;;Sin datos / Daturik gabe;;51;64;Buena / Ona;6;Muy buena / Oso ona;6;Muy buena / Oso ona;;;318;100;983,8;11,9;0,98;Buena / Ona
03/06/2017;;;;Sin datos / Daturik gabe;;54;59;Muy buena / Oso ona;10;Muy buena / Oso ona;6;Muy buena / Oso ona;;;304;100;983,3;13,7;1,27;Muy buena / Oso ona
02/06/2017;;;;Sin datos / Daturik gabe;;58;67;Buena / Ona;15;Muy buena / Oso ona;5;Muy buena / Oso ona;;;334;100;981,8;15,7;1,31;Buena / Ona
01/06/2017;;;;Sin datos / Daturik gabe;;57;81;Buena / Ona;17;Muy buena / Oso ona;5;Muy buena / Oso ona;;;332;95;981,6;19,3;1,23;Buena / Ona
31/05/2017;2;1;1;Muy buena / Oso ona;4;49;68;Buena / Ona;12;Muy buena / Oso ona;5;Muy buena / Oso ona;;;346;98;982,9;18;0,86;Buena / Ona
30/05/2017;3;4;13;Muy buena / Oso ona;9;60;77;Buena / Ona;7;Muy buena / Oso ona;5;Muy buena / Oso ona;;;331;100;982,4;15,2;1,29;Buena / Ona
29/05/2017;3;16;31;Muy buena / Oso ona;21;62;78;Buena / Ona;6;Muy buena / Oso ona;5;Muy buena / Oso ona;;;333;100;979,3;15,3;1,44;Buena / Ona
28/05/2017;3;15;28;Muy buena / Oso ona;20;68;83;Buena / Ona;14;Muy buena / Oso ona;5;Muy buena / Oso ona;;;67;81;977,3;19,8;0,36;Buena / Ona
27/05/2017;5;23;41;Muy buena / Oso ona;29;69;87;Buena / Ona;23;Muy buena / Oso ona;5;Muy buena / Oso ona;;;277;84;977,3;21;0,15;Buena / Ona
26/05/2017;4;17;35;Muy buena / Oso ona;22;96;115;Mejorable / Hobetzeko modukoa;18;Muy buena / Oso ona;5;Muy buena / Oso ona;;;305;76;976,6;20,4;1,04;Mejorable / Hobetzeko modukoa
25/05/2017;4;19;39;Muy buena / Oso ona;26;103;132;Mejorable / Hobetzeko modukoa;21;Muy buena / Oso ona;5;Muy buena / Oso ona;;;299;60;976,7;25,9;1,09;Mejorable / Hobetzeko modukoa
24/05/2017;5;20;38;Muy buena / Oso ona;28;65;86;Buena / Ona;17;Muy buena / Oso ona;6;Muy buena / Oso ona;;;42;80;982,2;20,6;0,54;Buena / Ona
23/05/2017;2;15;27;Muy buena / Oso ona;18;58;70;Buena / Ona;16;Muy buena / Oso ona;9;Muy buena / Oso ona;;;341;85;986,3;15,3;1,1;Buena / Ona
22/05/2017;3;12;31;Muy buena / Oso ona;16;76;91;Buena / Ona;18;Muy buena / Oso ona;6;Muy buena / Oso ona;;;336;81;981,6;16,8;1,76;Buena / Ona
21/05/2017;1;8;17;Muy buena / Oso ona;10;78;93;Buena / Ona;12;Muy buena / Oso ona;6;Muy buena / Oso ona;;;148;58;978,9;21,6;0,24;Buena / Ona
20/05/2017;2;10;17;Muy buena / Oso ona;13;62;73;Buena / Ona;6;Muy buena / Oso ona;7;Muy buena / Oso ona;;;317;83;986,6;13,1;0,68;Buena / Ona
19/05/2017;2;8;19;Muy buena / Oso ona;12;73;80;Buena / Ona;5;Muy buena / Oso ona;5;Muy buena / Oso ona;;;289;79;984,5;11,4;2,41;Buena / Ona
18/05/2017;2;6;9;Muy buena / Oso ona;10;76;79;Buena / Ona;5;Muy buena / Oso ona;7;Muy buena / Oso ona;;;302;92;981,6;11,4;3,05;Buena / Ona
17/05/2017;3;25;50;Muy buena / Oso ona;30;57;78;Buena / Ona;18;Muy buena / Oso ona;15;Muy buena / Oso ona;;;313;89;982;15,3;1,01;Buena / Ona
16/05/2017;7;29;58;Buena / Ona;39;72;84;Buena / Ona;20;Muy buena / Oso ona;11;Muy buena / Oso ona;;;314;67;986,8;20,4;1,13;Buena / Ona
15/05/2017;3;17;50;Muy buena / Oso ona;22;75;84;Buena / Ona;10;Muy buena / Oso ona;8;Muy buena / Oso ona;;;297;59;988,3;20,2;1,05;Buena / Ona
14/05/2017;3;11;31;Muy buena / Oso ona;15;67;77;Buena / Ona;7;Muy buena / Oso ona;9;Muy buena / Oso ona;;;290;65;985,5;18,5;0,82;Buena / Ona
13/05/2017;2;10;19;Muy buena / Oso ona;13;69;81;Buena / Ona;6;Muy buena / Oso ona;6;Muy buena / Oso ona;;;294;80;978,1;16;0,82;Buena / Ona
12/05/2017;2;6;30;Muy buena / Oso ona;9;77;91;Buena / Ona;11;Muy buena / Oso ona;5;Muy buena / Oso ona;;;218;69;968;16,2;5,08;Buena / Ona
11/05/2017;2;3;5;Muy buena / Oso ona;5;90;95;Buena / Ona;3;Muy buena / Oso ona;4;Muy buena / Oso ona;;;214;59;960,8;17,3;7;Buena / Ona
10/05/2017;2;16;42;Muy buena / Oso ona;19;78;89;Buena / Ona;15;Muy buena / Oso ona;7;Muy buena / Oso ona;;;249;75;964,6;17,2;1,17;Buena / Ona
09/05/2017;4;19;47;Muy buena / Oso ona;25;69;75;Buena / Ona;15;Muy buena / Oso ona;7;Muy buena / Oso ona;;;9;79;974,2;15,2;0,38;Buena / Ona
08/05/2017;5;18;42;Muy buena / Oso ona;25;61;71;Buena / Ona;8;Muy buena / Oso ona;10;Muy buena / Oso ona;;;25;69;982,7;14,2;0,61;Buena / Ona
07/05/2017;2;9;23;Muy buena / Oso ona;12;74;82;Buena / Ona;6;Muy buena / Oso ona;7;Muy buena / Oso ona;;;323;64;985,1;15,4;0,94;Buena / Ona
06/05/2017;2;6;12;Muy buena / Oso ona;9;81;87;Buena / Ona;6;Muy buena / Oso ona;5;Muy buena / Oso ona;;;279;67;979,6;14,5;2,07;Buena / Ona
05/05/2017;2;10;30;Muy buena / Oso ona;13;83;91;Buena / Ona;14;Muy buena / Oso ona;7;Muy buena / Oso ona;;;180;75;970,2;17,7;0,76;Buena / Ona
04/05/2017;4;17;33;Muy buena / Oso ona;23;60;77;Buena / Ona;13;Muy buena / Oso ona;7;Muy buena / Oso ona;;;61;87;974,5;15,4;0,49;Buena / Ona
03/05/2017;5;19;30;Muy buena / Oso ona;25;47;70;Buena / Ona;14;Muy buena / Oso ona;9;Muy buena / Oso ona;;;340;92;979,5;13,3;1,01;Buena / Ona
02/05/2017;3;14;38;Muy buena / Oso ona;19;65;69;Buena / Ona;10;Muy buena / Oso ona;5;Muy buena / Oso ona;;;287;88;983,3;12,5;1,3;Buena / Ona
01/05/2017;2;8;21;Muy buena / Oso ona;12;76;88;Buena / Ona;6;Muy buena / Oso ona;5;Muy buena / Oso ona;;;268;68;982,2;10,2;1,41;Buena / Ona
30/04/2017;2;5;8;Muy buena / Oso ona;8;91;97;Buena / Ona;6;Muy buena / Oso ona;4;Muy buena / Oso ona;;;229;71;970,9;10,8;4,13;Buena / Ona
29/04/2017;2;6;11;Muy buena / Oso ona;9;81;91;Buena / Ona;8;Muy buena / Oso ona;5;Muy buena / Oso ona;;;182;62;972,5;13,8;1,61;Buena / Ona
28/04/2017;3;10;24;Muy buena / Oso ona;14;78;89;Buena / Ona;7;Muy buena / Oso ona;5;Muy buena / Oso ona;;;330;75;981,6;8,1;0,49;Buena / Ona
27/04/2017;3;11;30;Muy buena / Oso ona;15;82;;Sin datos / Daturik gabe;5;Muy buena / Oso ona;5;Muy buena / Oso ona;;;311;76;982,1;6,6;1,51;Muy buena / Oso ona
26/04/2017;2;10;23;Muy buena / Oso ona;14;82;90;Buena / Ona;6;Muy buena / Oso ona;4;Muy buena / Oso ona;;;324;88;978,5;6,2;1,48;Buena / Ona
25/04/2017;3;17;39;Muy buena / Oso ona;22;66;82;Buena / Ona;14;Muy buena / Oso ona;8;Muy buena / Oso ona;;;299;93;973,6;12,3;1,33;Buena / Ona
24/04/2017;8;22;59;Buena / Ona;35;75;95;Buena / Ona;16;Muy buena / Oso ona;16;Muy buena / Oso ona;;;325;69;977,4;18;1,32;Buena / Ona
23/04/2017;2;14;30;Muy buena / Oso ona;18;103;110;Mejorable / Hobetzeko modukoa;16;Muy buena / Oso ona;14;Muy buena / Oso ona;;;325;54;981,1;19,4;0,95;Mejorable / Hobetzeko modukoa
22/04/2017;2;11;27;Muy buena / Oso ona;13;109;116;Mejorable / Hobetzeko modukoa;15;Muy buena / Oso ona;16;Muy buena / Oso ona;;;278;42;983,6;20,7;1,36;Mejorable / Hobetzeko modukoa
21/04/2017;3;12;40;Muy buena / Oso ona;15;98;112;Mejorable / Hobetzeko modukoa;13;Muy buena / Oso ona;6;Muy buena / Oso ona;;;87;46;986,3;18,3;0,14;Mejorable / Hobetzeko modukoa
20/04/2017;4;13;41;Muy buena / Oso ona;18;83;;Sin datos / Daturik gabe;13;Muy buena / Oso ona;4;Muy buena / Oso ona;;;68;54;987,6;12,8;0,82;Muy buena / Oso ona
19/04/2017;2;8;18;Muy buena / Oso ona;11;91;100;Buena / Ona;10;Muy buena / Oso ona;4;Muy buena / Oso ona;;;54;59;987;10,9;1,27;Buena / Ona
18/04/2017;3;10;21;Muy buena / Oso ona;15;79;88;Buena / Ona;13;Muy buena / Oso ona;5;Muy buena / Oso ona;;;358;84;984,9;12,1;0,9;Buena / Ona
17/04/2017;2;8;14;Muy buena / Oso ona;11;75;84;Buena / Ona;13;Muy buena / Oso ona;4;Muy buena / Oso ona;;;357;84;983,9;13,2;0,88;Buena / Ona
16/04/2017;2;7;15;Muy buena / Oso ona;11;74;80;Buena / Ona;28;Buena / Ona;5;Muy buena / Oso ona;;;62;86;987;12,8;0,68;Buena / Ona
15/04/2017;2;10;22;Muy buena / Oso ona;13;78;88;Buena / Ona;33;Buena / Ona;9;Muy buena / Oso ona;;;327;92;986,7;12,3;1,48;Buena / Ona
14/04/2017;2;16;43;Muy buena / Oso ona;19;76;92;Buena / Ona;22;Muy buena / Oso ona;11;Muy buena / Oso ona;;;323;96;983,7;11,5;0,67;Buena / Ona
13/04/2017;4;15;37;Muy buena / Oso ona;21;83;95;Buena / Ona;14;Muy buena / Oso ona;11;Muy buena / Oso ona;;;332;87;982;12,8;1,51;Buena / Ona
12/04/2017;4;16;40;Muy buena / Oso ona;23;74;90;Buena / Ona;14;Muy buena / Oso ona;16;Muy buena / Oso ona;;;315;87;984,2;12,8;1,46;Buena / Ona
11/04/2017;3;11;21;Muy buena / Oso ona;15;90;97;Buena / Ona;19;Muy buena / Oso ona;9;Muy buena / Oso ona;;;315;89;988,1;12,4;1,4;Buena / Ona
10/04/2017;4;22;43;Muy buena / Oso ona;28;66;94;Buena / Ona;31;Buena / Ona;17;Muy buena / Oso ona;;;323;99;987,8;11,4;1,46;Buena / Ona
09/04/2017;3;24;49;Muy buena / Oso ona;28;80;116;Mejorable / Hobetzeko modukoa;22;Muy buena / Oso ona;15;Muy buena / Oso ona;;;321;66;983,9;16,5;1,15;Mejorable / Hobetzeko modukoa
08/04/2017;1;15;37;Muy buena / Oso ona;17;97;118;Mejorable / Hobetzeko modukoa;16;Muy buena / Oso ona;17;Muy buena / Oso ona;;;256;53;981,1;19,5;0,88;Mejorable / Hobetzeko modukoa
07/04/2017;5;22;53;Buena / Ona;30;68;83;Buena / Ona;18;Muy buena / Oso ona;11;Muy buena / Oso ona;;;340;93;983,6;12,1;0,71;Buena / Ona
06/04/2017;2;12;21;Muy buena / Oso ona;16;77;87;Buena / Ona;14;Muy buena / Oso ona;5;Muy buena / Oso ona;;;340;99;987,8;11,4;2,28;Buena / Ona
05/04/2017;3;12;21;Muy buena / Oso ona;16;74;79;Buena / Ona;8;Muy buena / Oso ona;6;Muy buena / Oso ona;;;329;100;989,1;10,1;3;Buena / Ona
04/04/2017;3;14;26;Muy buena / Oso ona;19;71;80;Buena / Ona;10;Muy buena / Oso ona;14;Muy buena / Oso ona;;;319;94;989,7;10,7;2,1;Buena / Ona
03/04/2017;6;16;35;Muy buena / Oso ona;24;67;86;Buena / Ona;11;Muy buena / Oso ona;17;Muy buena / Oso ona;;;324;86;987,4;11,2;0,95;Buena / Ona
02/04/2017;3;8;17;Muy buena / Oso ona;12;89;93;Buena / Ona;6;Muy buena / Oso ona;6;Muy buena / Oso ona;;;302;87;986,8;9,6;2,92;Buena / Ona
01/04/2017;3;5;12;Muy buena / Oso ona;9;87;93;Buena / Ona;5;Muy buena / Oso ona;5;Muy buena / Oso ona;;;272;78;983,1;10,6;4,84;Buena / Ona
31/03/2017;3;13;37;Muy buena / Oso ona;17;85;100;Buena / Ona;11;Muy buena / Oso ona;6;Muy buena / Oso ona;;;279;79;980,6;13,8;0,86;Buena / Ona
30/03/2017;3;8;16;Muy buena / Oso ona;12;95;104;Mejorable / Hobetzeko modukoa;9;Muy buena / Oso ona;5;Muy buena / Oso ona;;;196;49;982;20;1,7;Mejorable / Hobetzeko modukoa
29/03/2017;5;18;48;Muy buena / Oso ona;25;77;88;Buena / Ona;9;Muy buena / Oso ona;10;Muy buena / Oso ona;;;281;51;986,2;18,7;0,85;Buena / Ona
28/03/2017;3;12;44;Muy buena / Oso ona;17;84;92;Buena / Ona;7;Muy buena / Oso ona;7;Muy buena / Oso ona;;;244;58;986,6;15,4;2,15;Buena / Ona
27/03/2017;3;6;13;Muy buena / Oso ona;10;93;99;Buena / Ona;4;Muy buena / Oso ona;5;Muy buena / Oso ona;;;174;63;978,6;14,4;2,26;Buena / Ona
26/03/2017;3;5;7;Muy buena / Oso ona;9;84;93;Buena / Ona;5;Muy buena / Oso ona;4;Muy buena / Oso ona;;;151;71;975,7;12,3;3,05;Buena / Ona
25/03/2017;2;6;10;Muy buena / Oso ona;9;84;89;Buena / Ona;3;Muy buena / Oso ona;5;Muy buena / Oso ona;;;249;93;974,8;6,8;2,64;Buena / Ona
24/03/2017;3;11;19;Muy buena / Oso ona;16;76;87;Buena / Ona;5;Muy buena / Oso ona;5;Muy buena / Oso ona;;;307;66;977,8;8,3;0,63;Buena / Ona
23/03/2017;3;5;11;Muy buena / Oso ona;9;84;90;Buena / Ona;3;Muy buena / Oso ona;4;Muy buena / Oso ona;;;218;66;972;7,2;3,04;Buena / Ona
22/03/2017;3;11;21;Muy buena / Oso ona;16;75;78;Buena / Ona;5;Muy buena / Oso ona;5;Muy buena / Oso ona;;;238;88;973,1;7;1,92;Buena / Ona
21/03/2017;3;11;18;Muy buena / Oso ona;16;75;85;Buena / Ona;6;Muy buena / Oso ona;5;Muy buena / Oso ona;;;295;95;980,5;8,7;1,62;Buena / Ona
20/03/2017;4;15;32;Muy buena / Oso ona;20;60;74;Buena / Ona;23;Muy buena / Oso ona;8;Muy buena / Oso ona;;;306;95;980,6;9,3;0,75;Buena / Ona
19/03/2017;4;12;25;Muy buena / Oso ona;18;66;81;Buena / Ona;13;Muy buena / Oso ona;8;Muy buena / Oso ona;;;320;95;983,7;9,4;1,4;Buena / Ona
18/03/2017;3;12;17;Muy buena / Oso ona;17;69;74;Buena / Ona;14;Muy buena / Oso ona;6;Muy buena / Oso ona;;;327;88;987;10,3;0,86;Buena / Ona
17/03/2017;4;18;31;Muy buena / Oso ona;24;62;86;Buena / Ona;19;Muy buena / Oso ona;11;Muy buena / Oso ona;;;338;93;986,1;10,3;1,23;Buena / Ona
16/03/2017;3;8;27;Muy buena / Oso ona;12;90;101;Mejorable / Hobetzeko modukoa;11;Muy buena / Oso ona;5;Muy buena / Oso ona;;;207;49;982,8;18,4;1,29;Mejorable / Hobetzeko modukoa
15/03/2017;4;19;54;Buena / Ona;25;63;72;Buena / Ona;20;Muy buena / Oso ona;12;Muy buena / Oso ona;;;339;100;989,5;11,8;0,78;Buena / Ona
14/03/2017;4;18;35;Muy buena / Oso ona;23;59;75;Buena / Ona;13;Muy buena / Oso ona;5;Muy buena / Oso ona;;;339;100;994,2;10,6;2,38;Buena / Ona
13/03/2017;3;13;23;Muy buena / Oso ona;17;74;85;Buena / Ona;7;Muy buena / Oso ona;5;Muy buena / Oso ona;;;332;95;990,4;9;5,11;Buena / Ona
12/03/2017;3;7;13;Muy buena / Oso ona;11;81;84;Buena / Ona;6;Muy buena / Oso ona;5;Muy buena / Oso ona;;;296;86;983,4;10,1;5,17;Buena / Ona
11/03/2017;4;12;39;Muy buena / Oso ona;18;80;85;Buena / Ona;20;Muy buena / Oso ona;10;Muy buena / Oso ona;;;301;62;980,4;17;2,65;Buena / Ona
10/03/2017;11;32;62;Buena / Ona;49;51;64;Buena / Ona;23;Muy buena / Oso ona;10;Muy buena / Oso ona;;;318;64;983,3;19,2;0,09;Buena / Ona
09/03/2017;6;27;75;Buena / Ona;36;38;56;Muy buena / Oso ona;21;Muy buena / Oso ona;15;Muy buena / Oso ona;;;45;98;988;12,6;0,46;Buena / Ona
08/03/2017;5;14;27;Muy buena / Oso ona;21;56;66;Buena / Ona;11;Muy buena / Oso ona;6;Muy buena / Oso ona;;;333;100;989,9;12,4;0,95;Buena / Ona
07/03/2017;3;10;29;Muy buena / Oso ona;15;68;88;Buena / Ona;13;Muy buena / Oso ona;6;Muy buena / Oso ona;;;288;94;988,6;11,5;2,67;Buena / Ona
06/03/2017;3;7;21;Muy buena / Oso ona;12;79;88;Buena / Ona;11;Muy buena / Oso ona;5;Muy buena / Oso ona;;;279;83;984,4;12,8;3,74;Buena / Ona
05/03/2017;3;8;21;Muy buena / Oso ona;13;72;80;Buena / Ona;10;Muy buena / Oso ona;5;Muy buena / Oso ona;;;239;79;976,4;11,7;2,57;Buena / Ona
04/03/2017;3;5;13;Muy buena / Oso ona;10;80;87;Buena / Ona;4;Muy buena / Oso ona;5;Muy buena / Oso ona;;;265;68;968,5;7,8;2,97;Buena / Ona
03/03/2017;4;9;23;Muy buena / Oso ona;15;76;83;Buena / Ona;9;Muy buena / Oso ona;4;Muy buena / Oso ona;;;222;71;965,3;11,9;1,9;Buena / Ona
02/03/2017;7;14;38;Muy buena / Oso ona;24;61;76;Buena / Ona;11;Muy buena / Oso ona;6;Muy buena / Oso ona;;;235;70;978,4;14;0,42;Buena / Ona
01/03/2017;3;8;25;Muy buena / Oso ona;13;72;85;Buena / Ona;8;Muy buena / Oso ona;5;Muy buena / Oso ona;;;242;75;979,5;11;2,63;Buena / Ona
28/02/2017;3;5;16;Muy buena / Oso ona;10;81;;Sin datos / Daturik gabe;6;Muy buena / Oso ona;4;Muy buena / Oso ona;;;262;82;974,8;9;4,47;Muy buena / Oso ona
27/02/2017;3;9;25;Muy buena / Oso ona;14;71;82;Buena / Ona;14;Muy buena / Oso ona;6;Muy buena / Oso ona;;;232;75;973,8;12,3;3,23;Buena / Ona
26/02/2017;4;15;26;Muy buena / Oso ona;22;61;72;Buena / Ona;14;Muy buena / Oso ona;10;Muy buena / Oso ona;;;320;90;981,9;11,2;0,75;Buena / Ona
25/02/2017;6;21;49;Muy buena / Oso ona;31;58;75;Buena / Ona;13;Muy buena / Oso ona;13;Muy buena / Oso ona;;;326;88;982,4;10,5;0,34;Buena / Ona
24/02/2017;3;11;20;Muy buena / Oso ona;16;75;80;Buena / Ona;6;Muy buena / Oso ona;5;Muy buena / Oso ona;;;330;99;983,2;8,3;1,52;Buena / Ona
23/02/2017;6;27;56;Buena / Ona;37;35;51;Muy buena / Oso ona;29;Buena / Ona;12;Muy buena / Oso ona;;;320;98;979,4;9,6;1,21;Buena / Ona
22/02/2017;10;31;55;Buena / Ona;46;28;35;Muy buena / Oso ona;17;Muy buena / Oso ona;12;Muy buena / Oso ona;;;324;96;983,3;10,1;0,34;Buena / Ona
21/02/2017;5;17;39;Muy buena / Oso ona;24;58;79;Buena / Ona;8;Muy buena / Oso ona;6;Muy buena / Oso ona;;;323;90;988,2;10;0,63;Buena / Ona
20/02/2017;3;11;23;Muy buena / Oso ona;16;75;78;Buena / Ona;12;Muy buena / Oso ona;6;Muy buena / Oso ona;;;300;91;990;10,1;1,07;Buena / Ona
19/02/2017;3;10;26;Muy buena / Oso ona;15;79;85;Buena / Ona;14;Muy buena / Oso ona;6;Muy buena / Oso ona;;;331;98;989,4;9,9;1,84;Buena / Ona
18/02/2017;4;12;31;Muy buena / Oso ona;18;69;85;Buena / Ona;15;Muy buena / Oso ona;6;Muy buena / Oso ona;;;315;82;984,3;10,6;1,55;Buena / Ona
17/02/2017;6;21;44;Muy buena / Oso ona;30;58;68;Buena / Ona;15;Muy buena / Oso ona;7;Muy buena / Oso ona;;;296;71;988,2;12,8;0,63;Buena / Ona
16/02/2017;3;10;49;Muy buena / Oso ona;15;71;81;Buena / Ona;11;Muy buena / Oso ona;5;Muy buena / Oso ona;;;242;64;991,3;14;1,6;Buena / Ona
15/02/2017;3;6;10;Muy buena / Oso ona;11;72;75;Buena / Ona;6;Muy buena / Oso ona;5;Muy buena / Oso ona;;;193;60;990,4;14,2;1,38;Buena / Ona
14/02/2017;3;5;11;Muy buena / Oso ona;11;75;80;Buena / Ona;3;Muy buena / Oso ona;4;Muy buena / Oso ona;;;191;59;981,9;13,5;1,88;Buena / Ona
13/02/2017;3;7;19;Muy buena / Oso ona;12;74;80;Buena / Ona;9;Muy buena / Oso ona;4;Muy buena / Oso ona;;;139;72;968,5;12,8;3,92;Buena / Ona
12/02/2017;3;7;12;Muy buena / Oso ona;12;64;79;Buena / Ona;13;Muy buena / Oso ona;4;Muy buena / Oso ona;;;123;83;967,3;10,4;4,47;Buena / Ona
11/02/2017;5;17;55;Buena / Ona;25;55;68;Buena / Ona;12;Muy buena / Oso ona;6;Muy buena / Oso ona;;;91;82;976,5;7,8;0,68;Buena / Ona
10/02/2017;3;11;39;Muy buena / Oso ona;16;67;73;Buena / Ona;7;Muy buena / Oso ona;6;Muy buena / Oso ona;;;181;56;974;10,1;0,35;Buena / Ona
09/02/2017;5;13;34;Muy buena / Oso ona;20;64;70;Buena / Ona;5;Muy buena / Oso ona;5;Muy buena / Oso ona;;;245;79;979,7;8,6;0,36;Buena / Ona
08/02/2017;4;10;23;Muy buena / Oso ona;16;77;88;Buena / Ona;4;Muy buena / Oso ona;5;Muy buena / Oso ona;;;292;92;989,1;6,5;3,57;Buena / Ona
07/02/2017;3;7;22;Muy buena / Oso ona;12;75;86;Buena / Ona;5;Muy buena / Oso ona;4;Muy buena / Oso ona;;;276;91;985,1;9,7;4,27;Buena / Ona
06/02/2017;4;8;29;Muy buena / Oso ona;14;62;85;Buena / Ona;5;Muy buena / Oso ona;4;Muy buena / Oso ona;;;258;93;985,2;9,8;2,53;Buena / Ona
05/02/2017;3;3;7;Muy buena / Oso ona;8;86;88;Buena / Ona;3;Muy buena / Oso ona;4;Muy buena / Oso ona;;;272;75;976,3;8,2;8,61;Buena / Ona
04/02/2017;3;7;18;Muy buena / Oso ona;11;74;85;Buena / Ona;4;Muy buena / Oso ona;4;Muy buena / Oso ona;;;257;80;969,9;11,6;2,86;Buena / Ona
03/02/2017;3;3;5;Muy buena / Oso ona;8;87;88;Buena / Ona;5;Muy buena / Oso ona;4;Muy buena / Oso ona;;;221;53;969,1;13,6;7,32;Buena / Ona
02/02/2017;3;4;11;Muy buena / Oso ona;9;82;88;Buena / Ona;3;Muy buena / Oso ona;4;Muy buena / Oso ona;;;217;56;969,3;13,7;8,88;Buena / Ona
01/02/2017;3;6;11;Muy buena / Oso ona;11;68;71;Buena / Ona;6;Muy buena / Oso ona;4;Muy buena / Oso ona;;;213;58;974,9;15;6,18;Buena / Ona
31/01/2017;4;9;23;Muy buena / Oso ona;15;59;70;Buena / Ona;5;Muy buena / Oso ona;5;Muy buena / Oso ona;;;205;60;;14,7;1,94;Buena / Ona
30/01/2017;4;5;10;Muy buena / Oso ona;12;59;64;Buena / Ona;3;Muy buena / Oso ona;4;Muy buena / Oso ona;;;216;71;;15,3;4,42;Buena / Ona
29/01/2017;4;5;18;Muy buena / Oso ona;10;70;78;Buena / Ona;3;Muy buena / Oso ona;5;Muy buena / Oso ona;;;223;68;;12,5;5,02;Buena / Ona
28/01/2017;4;9;28;Muy buena / Oso ona;14;71;82;Buena / Ona;4;Muy buena / Oso ona;5;Muy buena / Oso ona;;;265;71;;8,7;2,08;Buena / Ona
27/01/2017;4;8;12;Muy buena / Oso ona;13;71;73;Buena / Ona;10;Muy buena / Oso ona;4;Muy buena / Oso ona;;;192;69;;9,4;2,95;Buena / Ona
26/01/2017;4;16;47;Muy buena / Oso ona;22;63;77;Buena / Ona;13;Muy buena / Oso ona;6;Muy buena / Oso ona;;;182;65;;6,4;2,17;Buena / Ona
25/01/2017;5;16;43;Muy buena / Oso ona;24;64;76;Buena / Ona;11;Muy buena / Oso ona;5;Muy buena / Oso ona;;;126;79;984,6;3,9;0,28;Buena / Ona
24/01/2017;4;14;36;Muy buena / Oso ona;20;72;76;Buena / Ona;13;Muy buena / Oso ona;5;Muy buena / Oso ona;;;295;87;988,1;6,5;1,43;Buena / Ona
23/01/2017;4;15;25;Muy buena / Oso ona;21;71;76;Buena / Ona;10;Muy buena / Oso ona;6;Muy buena / Oso ona;;;302;94;985,4;7,5;2,31;Buena / Ona
22/01/2017;4;18;34;Muy buena / Oso ona;23;56;71;Buena / Ona;15;Muy buena / Oso ona;7;Muy buena / Oso ona;;;302;98;983,5;6,8;1,56;Buena / Ona
21/01/2017;5;23;51;Buena / Ona;31;46;60;Muy buena / Oso ona;16;Muy buena / Oso ona;11;Muy buena / Oso ona;;;285;83;982,9;6,6;1,03;Buena / Ona
20/01/2017;13;33;73;Buena / Ona;53;26;36;Muy buena / Oso ona;19;Muy buena / Oso ona;11;Muy buena / Oso ona;;;305;88;984,6;2,7;0,44;Buena / Ona
19/01/2017;6;26;40;Muy buena / Oso ona;34;27;37;Muy buena / Oso ona;14;Muy buena / Oso ona;5;Muy buena / Oso ona;;;113;92;986,4;1,6;0,68;Muy buena / Oso ona
18/01/2017;4;18;40;Muy buena / Oso ona;23;43;63;Buena / Ona;10;Muy buena / Oso ona;4;Muy buena / Oso ona;;;6;86;987,2;1;0,73;Buena / Ona
17/01/2017;3;10;24;Muy buena / Oso ona;15;62;66;Buena / Ona;4;Muy buena / Oso ona;4;Muy buena / Oso ona;;;19;89;988,5;4;2,09;Buena / Ona
16/01/2017;4;12;18;Muy buena / Oso ona;18;66;75;Buena / Ona;4;Muy buena / Oso ona;5;Muy buena / Oso ona;;;324;100;985;8,9;6,1;Buena / Ona
15/01/2017;4;12;16;Muy buena / Oso ona;18;71;73;Buena / Ona;4;Muy buena / Oso ona;6;Muy buena / Oso ona;;;312;100;981,8;7,7;4,13;Buena / Ona
14/01/2017;3;10;15;Muy buena / Oso ona;15;70;74;Buena / Ona;4;Muy buena / Oso ona;7;Muy buena / Oso ona;;;282;97;980,6;5,4;2,74;Buena / Ona
13/01/2017;3;8;18;Muy buena / Oso ona;13;75;81;Buena / Ona;4;Muy buena / Oso ona;5;Muy buena / Oso ona;;;279;92;976,6;6;4,88;Buena / Ona
12/01/2017;6;12;48;Muy buena / Oso ona;22;43;58;Muy buena / Oso ona;6;Muy buena / Oso ona;5;Muy buena / Oso ona;;;277;99;974,5;10,3;2,52;Muy buena / Oso ona
11/01/2017;4;13;20;Muy buena / Oso ona;19;54;65;Buena / Ona;3;Muy buena / Oso ona;5;Muy buena / Oso ona;;;306;100;977,5;10,8;4,12;Buena / Ona
10/01/2017;4;16;22;Muy buena / Oso ona;22;61;64;Buena / Ona;4;Muy buena / Oso ona;5;Muy buena / Oso ona;;;309;97;974;8,6;4,99;Buena / Ona
09/01/2017;8;26;67;Buena / Ona;38;44;59;Muy buena / Oso ona;7;Muy buena / Oso ona;6;Muy buena / Oso ona;;;276;77;981,2;8,4;0,6;Buena / Ona
08/01/2017;3;15;48;Muy buena / Oso ona;20;62;78;Buena / Ona;8;Muy buena / Oso ona;6;Muy buena / Oso ona;;;256;55;984,6;6,3;0,39;Buena / Ona
07/01/2017;4;15;33;Muy buena / Oso ona;21;57;66;Buena / Ona;11;Muy buena / Oso ona;7;Muy buena / Oso ona;;;285;63;984,5;4,5;0,86;Buena / Ona
06/01/2017;4;13;28;Muy buena / Oso ona;18;57;65;Buena / Ona;9;Muy buena / Oso ona;5;Muy buena / Oso ona;;;261;79;983,9;3,8;0,12;Buena / Ona
05/01/2017;4;20;44;Muy buena / Oso ona;26;48;64;Buena / Ona;10;Muy buena / Oso ona;7;Muy buena / Oso ona;;;110;77;982,2;4,6;0,97;Buena / Ona
04/01/2017;9;30;52;Buena / Ona;44;21;27;Muy buena / Oso ona;21;Muy buena / Oso ona;18;Muy buena / Oso ona;1,43;0,11;309;91;980,1;5,8;0,81;Buena / Ona
03/01/2017;10;32;53;Buena / Ona;47;22;31;Muy buena / Oso ona;20;Muy buena / Oso ona;8;Muy buena / Oso ona;1,46;0,12;356;81;977,4;6,3;0,29;Buena / Ona
02/01/2017;3;17;43;Muy buena / Oso ona;22;44;56;Muy buena / Oso ona;10;Muy buena / Oso ona;4;Muy buena / Oso ona;1,45;0,07;236;68;973,1;6,9;1,06;Muy buena / Oso ona
01/01/2017;4;12;17;Muy buena / Oso ona;17;35;42;Muy buena / Oso ona;11;Muy buena / Oso ona;6;Muy buena / Oso ona;1,5;0,06;264;75;976;4,1;1,14;Muy buena / Oso ona
