Date;CO (mg/m3);CO 8h max (mg/m3);CO 8h max - ICA;NO (µg/m3);NO2 (µg/m3);NO2 max (µg/m3);NO2 - ICA;NOX (µg/m3);PM10 (µg/m3);PM10 - ICA;PM2,5 (µg/m3);PM2,5 - ICA;ICA Estación
28/10/2017;0,35;0,42;Muy buena / Oso ona;23;32;52;Buena / Ona;68;17;Muy buena / Oso ona;9;Muy buena / Oso ona;Buena / Ona
27/10/2017;0,34;0,5;Muy buena / Oso ona;22;34;57;Buena / Ona;68;23;Muy buena / Oso ona;10;Muy buena / Oso ona;Buena / Ona
26/10/2017;0,45;0,58;Muy buena / Oso ona;44;41;69;Buena / Ona;108;32;Buena / Ona;14;Muy buena / Oso ona;Buena / Ona
25/10/2017;0,5;0,61;Muy buena / Oso ona;51;46;68;Buena / Ona;125;30;Buena / Ona;14;Muy buena / Oso ona;Buena / Ona
24/10/2017;0,36;0,5;Muy buena / Oso ona;50;44;78;Buena / Ona;119;26;Buena / Ona;11;Muy buena / Oso ona;Buena / Ona
23/10/2017;0,32;0,4;Muy buena / Oso ona;20;30;51;Buena / Ona;61;16;Muy buena / Oso ona;6;Muy buena / Oso ona;Buena / Ona
22/10/2017;0,26;0,3;Muy buena / Oso ona;8;25;46;Muy buena / Oso ona;37;12;Muy buena / Oso ona;5;Muy buena / Oso ona;Muy buena / Oso ona
21/10/2017;0,28;0,39;Muy buena / Oso ona;10;24;43;Muy buena / Oso ona;38;24;Muy buena / Oso ona;10;Muy buena / Oso ona;Muy buena / Oso ona
20/10/2017;0,36;0,46;Muy buena / Oso ona;23;34;56;Buena / Ona;69;11;Muy buena / Oso ona;6;Muy buena / Oso ona;Buena / Ona
19/10/2017;0,36;0,41;Muy buena / Oso ona;16;33;58;Buena / Ona;57;13;Muy buena / Oso ona;7;Muy buena / Oso ona;Buena / Ona
18/10/2017;0,45;0,65;Muy buena / Oso ona;28;36;75;Buena / Ona;78;25;Muy buena / Oso ona;15;Muy buena / Oso ona;Buena / Ona
17/10/2017;0,39;0,57;Muy buena / Oso ona;15;30;68;Buena / Ona;53;35;Buena / Ona;17;Buena / Ona;Buena / Ona
16/10/2017;0,32;0,42;Muy buena / Oso ona;9;26;51;Buena / Ona;41;35;Buena / Ona;11;Muy buena / Oso ona;Buena / Ona
15/10/2017;0,26;0,5;Muy buena / Oso ona;5;21;40;Muy buena / Oso ona;29;24;Muy buena / Oso ona;11;Muy buena / Oso ona;Muy buena / Oso ona
14/10/2017;0,44;0,59;Muy buena / Oso ona;18;36;85;Buena / Ona;64;34;Buena / Ona;18;Buena / Ona;Buena / Ona
13/10/2017;0,45;0,58;Muy buena / Oso ona;37;29;67;Buena / Ona;87;38;Buena / Ona;19;Buena / Ona;Buena / Ona
12/10/2017;0,38;0,56;Muy buena / Oso ona;14;28;55;Buena / Ona;50;26;Buena / Ona;15;Muy buena / Oso ona;Buena / Ona
11/10/2017;0,44;0,54;Muy buena / Oso ona;27;39;65;Buena / Ona;80;26;Buena / Ona;12;Muy buena / Oso ona;Buena / Ona
10/10/2017;0,38;0,42;Muy buena / Oso ona;24;32;61;Buena / Ona;69;19;Muy buena / Oso ona;12;Muy buena / Oso ona;Buena / Ona
09/10/2017;0,34;0,38;Muy buena / Oso ona;17;29;50;Muy buena / Oso ona;55;16;Muy buena / Oso ona;8;Muy buena / Oso ona;Muy buena / Oso ona
08/10/2017;0,3;0,34;Muy buena / Oso ona;10;23;43;Muy buena / Oso ona;37;17;Muy buena / Oso ona;12;Muy buena / Oso ona;Muy buena / Oso ona
07/10/2017;0,32;0,35;Muy buena / Oso ona;15;26;47;Muy buena / Oso ona;49;16;Muy buena / Oso ona;8;Muy buena / Oso ona;Muy buena / Oso ona
06/10/2017;0,33;0,41;Muy buena / Oso ona;17;25;49;Muy buena / Oso ona;50;14;Muy buena / Oso ona;6;Muy buena / Oso ona;Muy buena / Oso ona
05/10/2017;0,35;0,46;Muy buena / Oso ona;24;20;36;Muy buena / Oso ona;57;15;Muy buena / Oso ona;8;Muy buena / Oso ona;Muy buena / Oso ona
04/10/2017;0,41;0,49;Muy buena / Oso ona;32;22;36;Muy buena / Oso ona;71;18;Muy buena / Oso ona;7;Muy buena / Oso ona;Muy buena / Oso ona
03/10/2017;0,42;0,52;Muy buena / Oso ona;35;18;39;Muy buena / Oso ona;72;13;Muy buena / Oso ona;6;Muy buena / Oso ona;Muy buena / Oso ona
02/10/2017;0,46;0,53;Muy buena / Oso ona;32;34;62;Buena / Ona;82;13;Muy buena / Oso ona;6;Muy buena / Oso ona;Buena / Ona
01/10/2017;0,35;0,42;Muy buena / Oso ona;13;27;46;Muy buena / Oso ona;46;11;Muy buena / Oso ona;5;Muy buena / Oso ona;Muy buena / Oso ona
30/09/2017;0,32;0,5;Muy buena / Oso ona;9;26;47;Muy buena / Oso ona;40;13;Muy buena / Oso ona;7;Muy buena / Oso ona;Muy buena / Oso ona
29/09/2017;0,51;;Sin datos / Daturik gabe;37;44;65;Buena / Ona;100;31;Buena / Ona;18;Buena / Ona;Buena / Ona
28/09/2017;0,52;0,65;Muy buena / Oso ona;47;48;76;Buena / Ona;121;30;Buena / Ona;13;Muy buena / Oso ona;Buena / Ona
27/09/2017;0,39;0,45;Muy buena / Oso ona;32;38;56;Buena / Ona;88;17;Muy buena / Oso ona;8;Muy buena / Oso ona;Buena / Ona
26/09/2017;0,29;0,34;Muy buena / Oso ona;19;26;45;Muy buena / Oso ona;54;12;Muy buena / Oso ona;5;Muy buena / Oso ona;Muy buena / Oso ona
25/09/2017;0,3;0,36;Muy buena / Oso ona;18;29;63;Buena / Ona;57;17;Muy buena / Oso ona;6;Muy buena / Oso ona;Buena / Ona
24/09/2017;0,34;0,4;Muy buena / Oso ona;14;25;49;Muy buena / Oso ona;45;23;Muy buena / Oso ona;12;Muy buena / Oso ona;Muy buena / Oso ona
23/09/2017;0,35;0,4;Muy buena / Oso ona;24;35;56;Buena / Ona;72;20;Muy buena / Oso ona;10;Muy buena / Oso ona;Buena / Ona
22/09/2017;0,32;0,38;Muy buena / Oso ona;24;33;55;Buena / Ona;70;14;Muy buena / Oso ona;8;Muy buena / Oso ona;Buena / Ona
21/09/2017;0,39;0,45;Muy buena / Oso ona;20;34;52;Buena / Ona;65;17;Muy buena / Oso ona;8;Muy buena / Oso ona;Buena / Ona
20/09/2017;0,36;0,43;Muy buena / Oso ona;23;31;51;Buena / Ona;66;12;Muy buena / Oso ona;6;Muy buena / Oso ona;Buena / Ona
19/09/2017;0,36;0,43;Muy buena / Oso ona;22;31;51;Buena / Ona;64;12;Muy buena / Oso ona;6;Muy buena / Oso ona;Buena / Ona
18/09/2017;0,35;0,43;Muy buena / Oso ona;20;28;61;Buena / Ona;58;8;Muy buena / Oso ona;6;Muy buena / Oso ona;Buena / Ona
17/09/2017;0,27;0,33;Muy buena / Oso ona;8;22;36;Muy buena / Oso ona;34;11;Muy buena / Oso ona;3;Muy buena / Oso ona;Muy buena / Oso ona
16/09/2017;0,28;0,33;Muy buena / Oso ona;11;28;58;Buena / Ona;45;9;Muy buena / Oso ona;4;Muy buena / Oso ona;Buena / Ona
15/09/2017;0,33;0,39;Muy buena / Oso ona;18;30;48;Muy buena / Oso ona;57;18;Muy buena / Oso ona;4;Muy buena / Oso ona;Muy buena / Oso ona
14/09/2017;0,31;0,39;Muy buena / Oso ona;12;29;52;Buena / Ona;47;19;Muy buena / Oso ona;6;Muy buena / Oso ona;Buena / Ona
13/09/2017;0,38;0,43;Muy buena / Oso ona;18;28;45;Muy buena / Oso ona;56;17;Muy buena / Oso ona;7;Muy buena / Oso ona;Muy buena / Oso ona
12/09/2017;0,34;0,4;Muy buena / Oso ona;15;30;61;Buena / Ona;52;16;Muy buena / Oso ona;6;Muy buena / Oso ona;Buena / Ona
11/09/2017;0,32;0,38;Muy buena / Oso ona;13;23;46;Muy buena / Oso ona;43;25;Muy buena / Oso ona;6;Muy buena / Oso ona;Muy buena / Oso ona
10/09/2017;0,25;0,33;Muy buena / Oso ona;6;18;50;Muy buena / Oso ona;27;23;Muy buena / Oso ona;5;Muy buena / Oso ona;Muy buena / Oso ona
09/09/2017;0,26;0,31;Muy buena / Oso ona;9;20;41;Muy buena / Oso ona;33;18;Muy buena / Oso ona;4;Muy buena / Oso ona;Muy buena / Oso ona
08/09/2017;0,3;0,33;Muy buena / Oso ona;15;29;58;Buena / Ona;52;18;Muy buena / Oso ona;6;Muy buena / Oso ona;Buena / Ona
07/09/2017;0,29;0,35;Muy buena / Oso ona;18;28;52;Buena / Ona;55;19;Muy buena / Oso ona;6;Muy buena / Oso ona;Buena / Ona
06/09/2017;0,29;0,35;Muy buena / Oso ona;13;23;46;Muy buena / Oso ona;44;15;Muy buena / Oso ona;5;Muy buena / Oso ona;Muy buena / Oso ona
05/09/2017;0,32;0,36;Muy buena / Oso ona;15;21;39;Muy buena / Oso ona;44;11;Muy buena / Oso ona;5;Muy buena / Oso ona;Muy buena / Oso ona
04/09/2017;0,35;0,39;Muy buena / Oso ona;21;24;65;Buena / Ona;56;13;Muy buena / Oso ona;6;Muy buena / Oso ona;Buena / Ona
03/09/2017;0,34;0,39;Muy buena / Oso ona;10;26;45;Muy buena / Oso ona;40;14;Muy buena / Oso ona;6;Muy buena / Oso ona;Muy buena / Oso ona
02/09/2017;0,31;0,35;Muy buena / Oso ona;10;23;50;Muy buena / Oso ona;38;13;Muy buena / Oso ona;4;Muy buena / Oso ona;Muy buena / Oso ona
01/09/2017;0,31;0,36;Muy buena / Oso ona;14;23;47;Muy buena / Oso ona;45;14;Muy buena / Oso ona;5;Muy buena / Oso ona;Muy buena / Oso ona
31/08/2017;0,32;0,36;Muy buena / Oso ona;13;27;52;Buena / Ona;47;13;Muy buena / Oso ona;5;Muy buena / Oso ona;Buena / Ona
30/08/2017;0,31;0,4;Muy buena / Oso ona;15;22;45;Muy buena / Oso ona;45;17;Muy buena / Oso ona;;Sin datos / Daturik gabe;Muy buena / Oso ona
29/08/2017;0,32;0,39;Muy buena / Oso ona;18;28;47;Muy buena / Oso ona;55;14;Muy buena / Oso ona;6;Muy buena / Oso ona;Muy buena / Oso ona
28/08/2017;0,37;0,5;Muy buena / Oso ona;25;37;64;Buena / Ona;75;26;Buena / Ona;11;Muy buena / Oso ona;Buena / Ona
27/08/2017;0,34;0,36;Muy buena / Oso ona;11;26;43;Muy buena / Oso ona;42;18;Muy buena / Oso ona;8;Muy buena / Oso ona;Muy buena / Oso ona
26/08/2017;0,31;0,33;Muy buena / Oso ona;10;19;40;Muy buena / Oso ona;34;12;Muy buena / Oso ona;5;Muy buena / Oso ona;Muy buena / Oso ona
25/08/2017;0,32;0,36;Muy buena / Oso ona;12;20;36;Muy buena / Oso ona;38;15;Muy buena / Oso ona;4;Muy buena / Oso ona;Muy buena / Oso ona
24/08/2017;0,29;0,32;Muy buena / Oso ona;9;17;33;Muy buena / Oso ona;31;17;Muy buena / Oso ona;5;Muy buena / Oso ona;Muy buena / Oso ona
23/08/2017;0,29;0,36;Muy buena / Oso ona;12;20;52;Buena / Ona;38;24;Muy buena / Oso ona;9;Muy buena / Oso ona;Buena / Ona
22/08/2017;0,35;0,45;Muy buena / Oso ona;8;24;63;Buena / Ona;35;32;Buena / Ona;11;Muy buena / Oso ona;Buena / Ona
21/08/2017;0,37;0,43;Muy buena / Oso ona;13;32;46;Muy buena / Oso ona;51;16;Muy buena / Oso ona;6;Muy buena / Oso ona;Muy buena / Oso ona
20/08/2017;0,25;0,32;Muy buena / Oso ona;7;19;35;Muy buena / Oso ona;30;15;Muy buena / Oso ona;5;Muy buena / Oso ona;Muy buena / Oso ona
19/08/2017;0,3;0,34;Muy buena / Oso ona;10;20;34;Muy buena / Oso ona;36;13;Muy buena / Oso ona;4;Muy buena / Oso ona;Muy buena / Oso ona
18/08/2017;0,36;0,43;Muy buena / Oso ona;17;29;57;Buena / Ona;55;16;Muy buena / Oso ona;8;Muy buena / Oso ona;Buena / Ona
17/08/2017;0,3;0,35;Muy buena / Oso ona;15;26;39;Muy buena / Oso ona;49;13;Muy buena / Oso ona;6;Muy buena / Oso ona;Muy buena / Oso ona
16/08/2017;0,33;0,37;Muy buena / Oso ona;18;28;57;Buena / Ona;55;9;Muy buena / Oso ona;5;Muy buena / Oso ona;Buena / Ona
15/08/2017;0,26;0,31;Muy buena / Oso ona;5;13;23;Muy buena / Oso ona;21;12;Muy buena / Oso ona;6;Muy buena / Oso ona;Muy buena / Oso ona
14/08/2017;0,34;0,44;Muy buena / Oso ona;21;31;61;Buena / Ona;63;23;Muy buena / Oso ona;10;Muy buena / Oso ona;Buena / Ona
13/08/2017;0,25;0,28;Muy buena / Oso ona;11;20;43;Muy buena / Oso ona;37;12;Muy buena / Oso ona;6;Muy buena / Oso ona;Muy buena / Oso ona
12/08/2017;0,24;0,25;Muy buena / Oso ona;13;23;39;Muy buena / Oso ona;43;12;Muy buena / Oso ona;5;Muy buena / Oso ona;Muy buena / Oso ona
11/08/2017;0,22;0,26;Muy buena / Oso ona;12;24;42;Muy buena / Oso ona;43;17;Muy buena / Oso ona;5;Muy buena / Oso ona;Muy buena / Oso ona
10/08/2017;0,2;0,23;Muy buena / Oso ona;6;19;36;Muy buena / Oso ona;29;19;Muy buena / Oso ona;4;Muy buena / Oso ona;Muy buena / Oso ona
09/08/2017;0,2;0,27;Muy buena / Oso ona;10;21;50;Muy buena / Oso ona;36;13;Muy buena / Oso ona;3;Muy buena / Oso ona;Muy buena / Oso ona
08/08/2017;0,24;0,28;Muy buena / Oso ona;14;25;55;Buena / Ona;45;14;Muy buena / Oso ona;4;Muy buena / Oso ona;Buena / Ona
07/08/2017;0,27;0,32;Muy buena / Oso ona;11;25;51;Buena / Ona;43;19;Muy buena / Oso ona;7;Muy buena / Oso ona;Buena / Ona
06/08/2017;0,2;0,24;Muy buena / Oso ona;5;14;32;Muy buena / Oso ona;22;14;Muy buena / Oso ona;5;Muy buena / Oso ona;Muy buena / Oso ona
05/08/2017;0,25;0,28;Muy buena / Oso ona;10;20;33;Muy buena / Oso ona;35;12;Muy buena / Oso ona;4;Muy buena / Oso ona;Muy buena / Oso ona
04/08/2017;0,31;0,46;Muy buena / Oso ona;11;18;38;Muy buena / Oso ona;34;14;Muy buena / Oso ona;6;Muy buena / Oso ona;Muy buena / Oso ona
03/08/2017;0,27;0,32;Muy buena / Oso ona;12;16;48;Muy buena / Oso ona;34;14;Muy buena / Oso ona;5;Muy buena / Oso ona;Muy buena / Oso ona
02/08/2017;0,26;0,31;Muy buena / Oso ona;12;20;44;Muy buena / Oso ona;38;15;Muy buena / Oso ona;5;Muy buena / Oso ona;Muy buena / Oso ona
01/08/2017;0,27;0,34;Muy buena / Oso ona;15;24;59;Buena / Ona;47;13;Muy buena / Oso ona;5;Muy buena / Oso ona;Buena / Ona
31/07/2017;0,23;0,26;Muy buena / Oso ona;7;15;27;Muy buena / Oso ona;25;14;Muy buena / Oso ona;6;Muy buena / Oso ona;Muy buena / Oso ona
30/07/2017;0,28;0,32;Muy buena / Oso ona;9;23;38;Muy buena / Oso ona;36;15;Muy buena / Oso ona;7;Muy buena / Oso ona;Muy buena / Oso ona
29/07/2017;0,31;0,37;Muy buena / Oso ona;10;21;43;Muy buena / Oso ona;36;17;Muy buena / Oso ona;7;Muy buena / Oso ona;Muy buena / Oso ona
28/07/2017;0,28;0,34;Muy buena / Oso ona;11;16;36;Muy buena / Oso ona;33;10;Muy buena / Oso ona;4;Muy buena / Oso ona;Muy buena / Oso ona
27/07/2017;0,3;0,35;Muy buena / Oso ona;14;26;48;Muy buena / Oso ona;47;19;Muy buena / Oso ona;9;Muy buena / Oso ona;Muy buena / Oso ona
26/07/2017;0,27;0,3;Muy buena / Oso ona;14;24;46;Muy buena / Oso ona;46;14;Muy buena / Oso ona;6;Muy buena / Oso ona;Muy buena / Oso ona
25/07/2017;0,2;0,21;Muy buena / Oso ona;4;8;22;Muy buena / Oso ona;14;14;Muy buena / Oso ona;4;Muy buena / Oso ona;Muy buena / Oso ona
24/07/2017;0,24;0,3;Muy buena / Oso ona;7;11;26;Muy buena / Oso ona;23;10;Muy buena / Oso ona;3;Muy buena / Oso ona;Muy buena / Oso ona
23/07/2017;0,26;0,3;Muy buena / Oso ona;7;18;38;Muy buena / Oso ona;27;16;Muy buena / Oso ona;6;Muy buena / Oso ona;Muy buena / Oso ona
22/07/2017;0,26;0,29;Muy buena / Oso ona;10;21;42;Muy buena / Oso ona;36;14;Muy buena / Oso ona;5;Muy buena / Oso ona;Muy buena / Oso ona
21/07/2017;0,28;0,35;Muy buena / Oso ona;16;26;41;Muy buena / Oso ona;51;16;Muy buena / Oso ona;6;Muy buena / Oso ona;Muy buena / Oso ona
20/07/2017;0,29;0,36;Muy buena / Oso ona;15;29;61;Buena / Ona;52;12;Muy buena / Oso ona;4;Muy buena / Oso ona;Buena / Ona
19/07/2017;0,3;0,34;Muy buena / Oso ona;7;17;33;Muy buena / Oso ona;29;27;Buena / Ona;11;Muy buena / Oso ona;Buena / Ona
18/07/2017;0,28;0,36;Muy buena / Oso ona;6;21;43;Muy buena / Oso ona;30;28;Buena / Ona;12;Muy buena / Oso ona;Buena / Ona
17/07/2017;0,39;0,48;Muy buena / Oso ona;14;35;68;Buena / Ona;56;25;Muy buena / Oso ona;13;Muy buena / Oso ona;Buena / Ona
16/07/2017;0,26;0,28;Muy buena / Oso ona;6;19;40;Muy buena / Oso ona;28;16;Muy buena / Oso ona;9;Muy buena / Oso ona;Muy buena / Oso ona
15/07/2017;0,23;0,27;Muy buena / Oso ona;7;14;32;Muy buena / Oso ona;24;11;Muy buena / Oso ona;4;Muy buena / Oso ona;Muy buena / Oso ona
14/07/2017;0,3;0,39;Muy buena / Oso ona;20;20;54;Buena / Ona;50;9;Muy buena / Oso ona;4;Muy buena / Oso ona;Buena / Ona
13/07/2017;0,26;0,32;Muy buena / Oso ona;10;12;29;Muy buena / Oso ona;27;8;Muy buena / Oso ona;4;Muy buena / Oso ona;Muy buena / Oso ona
12/07/2017;0,3;0,37;Muy buena / Oso ona;15;20;43;Muy buena / Oso ona;42;15;Muy buena / Oso ona;6;Muy buena / Oso ona;Muy buena / Oso ona
11/07/2017;0,29;0,31;Muy buena / Oso ona;13;20;45;Muy buena / Oso ona;39;8;Muy buena / Oso ona;3;Muy buena / Oso ona;Muy buena / Oso ona
10/07/2017;0,29;0,38;Muy buena / Oso ona;17;22;59;Buena / Ona;48;11;Muy buena / Oso ona;4;Muy buena / Oso ona;Buena / Ona
09/07/2017;0,23;0,33;Muy buena / Oso ona;4;9;19;Muy buena / Oso ona;15;18;Muy buena / Oso ona;9;Muy buena / Oso ona;Muy buena / Oso ona
08/07/2017;0,29;0,33;Muy buena / Oso ona;6;16;46;Muy buena / Oso ona;25;32;Buena / Ona;11;Muy buena / Oso ona;Buena / Ona
07/07/2017;0,31;0,38;Muy buena / Oso ona;11;18;53;Buena / Ona;34;20;Muy buena / Oso ona;11;Muy buena / Oso ona;Buena / Ona
06/07/2017;0,33;0,41;Muy buena / Oso ona;12;23;56;Buena / Ona;42;20;Muy buena / Oso ona;10;Muy buena / Oso ona;Buena / Ona
05/07/2017;0,3;0,67;Muy buena / Oso ona;16;21;103;Mejorable / Hobetzeko modukoa;46;20;Muy buena / Oso ona;7;Muy buena / Oso ona;Mejorable / Hobetzeko modukoa
04/07/2017;0,48;0,69;Muy buena / Oso ona;26;36;86;Buena / Ona;76;16;Muy buena / Oso ona;6;Muy buena / Oso ona;Buena / Ona
03/07/2017;0,29;0,35;Muy buena / Oso ona;16;17;42;Muy buena / Oso ona;41;9;Muy buena / Oso ona;3;Muy buena / Oso ona;Muy buena / Oso ona
02/07/2017;0,26;0,3;Muy buena / Oso ona;6;16;30;Muy buena / Oso ona;25;13;Muy buena / Oso ona;4;Muy buena / Oso ona;Muy buena / Oso ona
01/07/2017;0,22;0,24;Muy buena / Oso ona;7;14;34;Muy buena / Oso ona;25;20;Muy buena / Oso ona;3;Muy buena / Oso ona;Muy buena / Oso ona
30/06/2017;0,25;0,31;Muy buena / Oso ona;15;28;54;Buena / Ona;50;16;Muy buena / Oso ona;5;Muy buena / Oso ona;Buena / Ona
29/06/2017;0,21;0,23;Muy buena / Oso ona;8;17;37;Muy buena / Oso ona;29;20;Muy buena / Oso ona;3;Muy buena / Oso ona;Muy buena / Oso ona
28/06/2017;0,26;0,31;Muy buena / Oso ona;8;19;43;Muy buena / Oso ona;31;15;Muy buena / Oso ona;5;Muy buena / Oso ona;Muy buena / Oso ona
27/06/2017;0,33;0,38;Muy buena / Oso ona;15;23;44;Muy buena / Oso ona;46;13;Muy buena / Oso ona;6;Muy buena / Oso ona;Muy buena / Oso ona
26/06/2017;;;Sin datos / Daturik gabe;16;22;46;Muy buena / Oso ona;46;16;Muy buena / Oso ona;9;Muy buena / Oso ona;Muy buena / Oso ona
25/06/2017;;;Sin datos / Daturik gabe;6;15;28;Muy buena / Oso ona;24;12;Muy buena / Oso ona;6;Muy buena / Oso ona;Muy buena / Oso ona
24/06/2017;;;Sin datos / Daturik gabe;7;17;34;Muy buena / Oso ona;27;28;Buena / Ona;20;Buena / Ona;Buena / Ona
23/06/2017;;;Sin datos / Daturik gabe;13;23;69;Buena / Ona;43;22;Muy buena / Oso ona;11;Muy buena / Oso ona;Buena / Ona
22/06/2017;0,14;0,2;Muy buena / Oso ona;6;15;26;Muy buena / Oso ona;23;29;Buena / Ona;18;Buena / Ona;Buena / Ona
21/06/2017;0,18;0,24;Muy buena / Oso ona;9;36;74;Buena / Ona;49;27;Buena / Ona;15;Muy buena / Oso ona;Buena / Ona
20/06/2017;0,21;;Sin datos / Daturik gabe;8;33;71;Buena / Ona;46;25;Muy buena / Oso ona;13;Muy buena / Oso ona;Buena / Ona
19/06/2017;0,21;0,27;Muy buena / Oso ona;17;36;64;Buena / Ona;61;23;Muy buena / Oso ona;12;Muy buena / Oso ona;Buena / Ona
18/06/2017;0,19;0,22;Muy buena / Oso ona;6;26;48;Muy buena / Oso ona;35;23;Muy buena / Oso ona;12;Muy buena / Oso ona;Muy buena / Oso ona
17/06/2017;;;Sin datos / Daturik gabe;8;20;43;Muy buena / Oso ona;32;21;Muy buena / Oso ona;9;Muy buena / Oso ona;Muy buena / Oso ona
16/06/2017;;;Sin datos / Daturik gabe;13;20;61;Buena / Ona;39;18;Muy buena / Oso ona;9;Muy buena / Oso ona;Buena / Ona
15/06/2017;0,2;0,29;Muy buena / Oso ona;8;20;47;Muy buena / Oso ona;32;16;Muy buena / Oso ona;9;Muy buena / Oso ona;Muy buena / Oso ona
14/06/2017;0,16;0,21;Muy buena / Oso ona;7;17;36;Muy buena / Oso ona;27;25;Muy buena / Oso ona;11;Muy buena / Oso ona;Muy buena / Oso ona
13/06/2017;0,19;0,25;Muy buena / Oso ona;9;19;47;Muy buena / Oso ona;33;24;Muy buena / Oso ona;9;Muy buena / Oso ona;Muy buena / Oso ona
12/06/2017;0,17;;Sin datos / Daturik gabe;10;13;32;Muy buena / Oso ona;29;17;Muy buena / Oso ona;6;Muy buena / Oso ona;Muy buena / Oso ona
11/06/2017;0,15;0,17;Muy buena / Oso ona;5;10;22;Muy buena / Oso ona;18;19;Muy buena / Oso ona;11;Muy buena / Oso ona;Muy buena / Oso ona
10/06/2017;0,19;;Sin datos / Daturik gabe;11;14;44;Muy buena / Oso ona;31;19;Muy buena / Oso ona;9;Muy buena / Oso ona;Muy buena / Oso ona
09/06/2017;0,19;;Sin datos / Daturik gabe;10;18;58;Buena / Ona;33;15;Muy buena / Oso ona;6;Muy buena / Oso ona;Buena / Ona
08/06/2017;0,22;0,31;Muy buena / Oso ona;18;29;54;Buena / Ona;56;22;Muy buena / Oso ona;9;Muy buena / Oso ona;Buena / Ona
07/06/2017;;;Sin datos / Daturik gabe;14;25;47;Muy buena / Oso ona;46;21;Muy buena / Oso ona;6;Muy buena / Oso ona;Muy buena / Oso ona
06/06/2017;;;Sin datos / Daturik gabe;8;17;32;Muy buena / Oso ona;29;26;Buena / Ona;5;Muy buena / Oso ona;Buena / Ona
05/06/2017;0,19;;Sin datos / Daturik gabe;14;26;63;Buena / Ona;47;10;Muy buena / Oso ona;5;Muy buena / Oso ona;Buena / Ona
04/06/2017;;;Sin datos / Daturik gabe;7;17;39;Muy buena / Oso ona;27;10;Muy buena / Oso ona;4;Muy buena / Oso ona;Muy buena / Oso ona
03/06/2017;0,16;0,21;Muy buena / Oso ona;8;21;49;Muy buena / Oso ona;32;14;Muy buena / Oso ona;6;Muy buena / Oso ona;Muy buena / Oso ona
02/06/2017;0,22;0,28;Muy buena / Oso ona;9;20;59;Buena / Ona;34;17;Muy buena / Oso ona;9;Muy buena / Oso ona;Buena / Ona
01/06/2017;0,23;0,33;Muy buena / Oso ona;12;20;47;Muy buena / Oso ona;38;16;Muy buena / Oso ona;10;Muy buena / Oso ona;Muy buena / Oso ona
31/05/2017;0,19;0,26;Muy buena / Oso ona;14;17;54;Buena / Ona;39;12;Muy buena / Oso ona;7;Muy buena / Oso ona;Buena / Ona
30/05/2017;0,22;0,29;Muy buena / Oso ona;15;22;53;Buena / Ona;45;9;Muy buena / Oso ona;4;Muy buena / Oso ona;Buena / Ona
29/05/2017;0,23;0,33;Muy buena / Oso ona;13;23;68;Buena / Ona;42;14;Muy buena / Oso ona;8;Muy buena / Oso ona;Buena / Ona
28/05/2017;0,24;0,46;Muy buena / Oso ona;5;16;40;Muy buena / Oso ona;24;22;Muy buena / Oso ona;13;Muy buena / Oso ona;Muy buena / Oso ona
27/05/2017;0,33;0,46;Muy buena / Oso ona;11;28;73;Buena / Ona;44;27;Buena / Ona;15;Muy buena / Oso ona;Buena / Ona
26/05/2017;0,3;0,4;Muy buena / Oso ona;8;31;76;Buena / Ona;43;30;Buena / Ona;16;Muy buena / Oso ona;Buena / Ona
25/05/2017;0,39;0,56;Muy buena / Oso ona;22;36;85;Buena / Ona;70;26;Buena / Ona;14;Muy buena / Oso ona;Buena / Ona
24/05/2017;0,34;0,39;Muy buena / Oso ona;16;30;50;Muy buena / Oso ona;54;20;Muy buena / Oso ona;10;Muy buena / Oso ona;Muy buena / Oso ona
23/05/2017;0,24;0,31;Muy buena / Oso ona;14;21;73;Buena / Ona;42;14;Muy buena / Oso ona;7;Muy buena / Oso ona;Buena / Ona
22/05/2017;0,28;0,37;Muy buena / Oso ona;7;20;53;Buena / Ona;31;26;Buena / Ona;11;Muy buena / Oso ona;Buena / Ona
21/05/2017;0,26;0,31;Muy buena / Oso ona;10;31;59;Buena / Ona;45;14;Muy buena / Oso ona;6;Muy buena / Oso ona;Buena / Ona
20/05/2017;0,21;0,24;Muy buena / Oso ona;9;23;46;Muy buena / Oso ona;36;13;Muy buena / Oso ona;6;Muy buena / Oso ona;Muy buena / Oso ona
19/05/2017;0,24;0,32;Muy buena / Oso ona;16;32;70;Buena / Ona;57;19;Muy buena / Oso ona;7;Muy buena / Oso ona;Buena / Ona
18/05/2017;0,23;0,34;Muy buena / Oso ona;10;23;62;Buena / Ona;39;15;Muy buena / Oso ona;4;Muy buena / Oso ona;Buena / Ona
17/05/2017;0,33;0,46;Muy buena / Oso ona;16;35;71;Buena / Ona;59;19;Muy buena / Oso ona;11;Muy buena / Oso ona;Buena / Ona
16/05/2017;0,39;0,56;Muy buena / Oso ona;16;41;79;Buena / Ona;65;21;Muy buena / Oso ona;13;Muy buena / Oso ona;Buena / Ona
15/05/2017;0,27;0,33;Muy buena / Oso ona;13;33;78;Buena / Ona;54;14;Muy buena / Oso ona;8;Muy buena / Oso ona;Buena / Ona
14/05/2017;0,22;0,25;Muy buena / Oso ona;6;24;45;Muy buena / Oso ona;33;11;Muy buena / Oso ona;5;Muy buena / Oso ona;Muy buena / Oso ona
13/05/2017;0,21;0,24;Muy buena / Oso ona;6;19;42;Muy buena / Oso ona;28;8;Muy buena / Oso ona;4;Muy buena / Oso ona;Muy buena / Oso ona
12/05/2017;0,22;;Sin datos / Daturik gabe;11;25;48;Muy buena / Oso ona;41;8;Muy buena / Oso ona;3;Muy buena / Oso ona;Muy buena / Oso ona
11/05/2017;0,21;0,29;Muy buena / Oso ona;10;28;53;Buena / Ona;44;6;Muy buena / Oso ona;2;Muy buena / Oso ona;Buena / Ona
10/05/2017;0,29;0,33;Muy buena / Oso ona;11;33;65;Buena / Ona;49;17;Muy buena / Oso ona;8;Muy buena / Oso ona;Buena / Ona
09/05/2017;0,31;0,41;Muy buena / Oso ona;17;35;72;Buena / Ona;61;17;Muy buena / Oso ona;9;Muy buena / Oso ona;Buena / Ona
08/05/2017;0,24;0,29;Muy buena / Oso ona;15;28;63;Buena / Ona;52;12;Muy buena / Oso ona;7;Muy buena / Oso ona;Buena / Ona
07/05/2017;0,19;0,24;Muy buena / Oso ona;6;22;36;Muy buena / Oso ona;32;10;Muy buena / Oso ona;5;Muy buena / Oso ona;Muy buena / Oso ona
06/05/2017;0,2;0,22;Muy buena / Oso ona;6;22;43;Muy buena / Oso ona;32;9;Muy buena / Oso ona;7;Muy buena / Oso ona;Muy buena / Oso ona
05/05/2017;0,37;0,6;Muy buena / Oso ona;23;38;87;Buena / Ona;73;22;Muy buena / Oso ona;11;Muy buena / Oso ona;Buena / Ona
04/05/2017;0,34;0,42;Muy buena / Oso ona;24;35;61;Buena / Ona;72;19;Muy buena / Oso ona;8;Muy buena / Oso ona;Buena / Ona
03/05/2017;0,31;0,4;Muy buena / Oso ona;22;28;51;Buena / Ona;61;19;Muy buena / Oso ona;9;Muy buena / Oso ona;Buena / Ona
02/05/2017;0,28;0,35;Muy buena / Oso ona;11;27;70;Buena / Ona;44;21;Muy buena / Oso ona;7;Muy buena / Oso ona;Buena / Ona
01/05/2017;0,23;0,29;Muy buena / Oso ona;5;21;58;Buena / Ona;28;17;Muy buena / Oso ona;4;Muy buena / Oso ona;Buena / Ona
30/04/2017;0,21;0,24;Muy buena / Oso ona;5;21;42;Muy buena / Oso ona;29;10;Muy buena / Oso ona;5;Muy buena / Oso ona;Muy buena / Oso ona
29/04/2017;0,25;0,32;Muy buena / Oso ona;12;27;59;Buena / Ona;45;12;Muy buena / Oso ona;6;Muy buena / Oso ona;Buena / Ona
28/04/2017;0,29;0,33;Muy buena / Oso ona;17;38;67;Buena / Ona;64;14;Muy buena / Oso ona;6;Muy buena / Oso ona;Buena / Ona
27/04/2017;0,24;0,32;Muy buena / Oso ona;14;27;68;Buena / Ona;48;12;Muy buena / Oso ona;6;Muy buena / Oso ona;Buena / Ona
26/04/2017;0,24;0,33;Muy buena / Oso ona;15;27;83;Buena / Ona;49;10;Muy buena / Oso ona;3;Muy buena / Oso ona;Buena / Ona
25/04/2017;0,32;0,37;Muy buena / Oso ona;17;38;88;Buena / Ona;64;17;Muy buena / Oso ona;7;Muy buena / Oso ona;Buena / Ona
24/04/2017;0,29;0,4;Muy buena / Oso ona;14;32;81;Buena / Ona;51;18;Muy buena / Oso ona;9;Muy buena / Oso ona;Buena / Ona
23/04/2017;0,35;0,41;Muy buena / Oso ona;7;36;67;Buena / Ona;46;21;Muy buena / Oso ona;12;Muy buena / Oso ona;Buena / Ona
22/04/2017;0,27;0,36;Muy buena / Oso ona;7;37;76;Buena / Ona;47;17;Muy buena / Oso ona;8;Muy buena / Oso ona;Buena / Ona
21/04/2017;0,28;0,33;Muy buena / Oso ona;12;40;87;Buena / Ona;58;18;Muy buena / Oso ona;7;Muy buena / Oso ona;Buena / Ona
20/04/2017;;;Sin datos / Daturik gabe;16;34;81;Buena / Ona;57;15;Muy buena / Oso ona;8;Muy buena / Oso ona;Buena / Ona
19/04/2017;;;Sin datos / Daturik gabe;11;26;51;Buena / Ona;41;13;Muy buena / Oso ona;4;Muy buena / Oso ona;Buena / Ona
18/04/2017;0,19;0,23;Muy buena / Oso ona;10;29;62;Buena / Ona;44;19;Muy buena / Oso ona;9;Muy buena / Oso ona;Buena / Ona
17/04/2017;0,15;0,19;Muy buena / Oso ona;5;21;41;Muy buena / Oso ona;28;17;Muy buena / Oso ona;7;Muy buena / Oso ona;Muy buena / Oso ona
16/04/2017;;;Sin datos / Daturik gabe;6;25;45;Muy buena / Oso ona;33;12;Muy buena / Oso ona;4;Muy buena / Oso ona;Muy buena / Oso ona
15/04/2017;0,14;0,18;Muy buena / Oso ona;7;24;60;Buena / Ona;35;16;Muy buena / Oso ona;8;Muy buena / Oso ona;Buena / Ona
14/04/2017;0,15;0,17;Muy buena / Oso ona;5;24;50;Muy buena / Oso ona;31;16;Muy buena / Oso ona;9;Muy buena / Oso ona;Muy buena / Oso ona
13/04/2017;0,15;0,17;Muy buena / Oso ona;5;23;44;Muy buena / Oso ona;30;17;Muy buena / Oso ona;9;Muy buena / Oso ona;Muy buena / Oso ona
12/04/2017;;;Sin datos / Daturik gabe;9;28;65;Buena / Ona;42;18;Muy buena / Oso ona;9;Muy buena / Oso ona;Buena / Ona
11/04/2017;0,16;;Sin datos / Daturik gabe;5;20;43;Muy buena / Oso ona;28;21;Muy buena / Oso ona;9;Muy buena / Oso ona;Muy buena / Oso ona
10/04/2017;0,23;0,3;Muy buena / Oso ona;12;30;83;Buena / Ona;49;27;Buena / Ona;21;Buena / Ona;Buena / Ona
09/04/2017;0,24;0,41;Muy buena / Oso ona;9;30;86;Buena / Ona;44;22;Muy buena / Oso ona;13;Muy buena / Oso ona;Buena / Ona
08/04/2017;0,36;0,45;Muy buena / Oso ona;29;47;96;Buena / Ona;93;21;Muy buena / Oso ona;11;Muy buena / Oso ona;Buena / Ona
07/04/2017;0,21;0,26;Muy buena / Oso ona;13;35;65;Buena / Ona;55;21;Muy buena / Oso ona;9;Muy buena / Oso ona;Buena / Ona
06/04/2017;0,23;0,33;Muy buena / Oso ona;19;26;67;Buena / Ona;55;28;Buena / Ona;11;Muy buena / Oso ona;Buena / Ona
05/04/2017;0,17;;Sin datos / Daturik gabe;8;15;47;Muy buena / Oso ona;28;22;Muy buena / Oso ona;6;Muy buena / Oso ona;Muy buena / Oso ona
04/04/2017;0,17;0,23;Muy buena / Oso ona;6;18;38;Muy buena / Oso ona;27;14;Muy buena / Oso ona;4;Muy buena / Oso ona;Muy buena / Oso ona
03/04/2017;0,2;0,24;Muy buena / Oso ona;19;30;66;Buena / Ona;59;15;Muy buena / Oso ona;6;Muy buena / Oso ona;Buena / Ona
02/04/2017;;;Sin datos / Daturik gabe;3;12;43;Muy buena / Oso ona;17;23;Muy buena / Oso ona;4;Muy buena / Oso ona;Muy buena / Oso ona
01/04/2017;0,14;0,18;Muy buena / Oso ona;7;22;47;Muy buena / Oso ona;33;17;Muy buena / Oso ona;4;Muy buena / Oso ona;Muy buena / Oso ona
31/03/2017;0,26;;Sin datos / Daturik gabe;18;33;109;Mejorable / Hobetzeko modukoa;61;21;Muy buena / Oso ona;8;Muy buena / Oso ona;Mejorable / Hobetzeko modukoa
30/03/2017;0,25;0,39;Muy buena / Oso ona;12;41;92;Buena / Ona;59;14;Muy buena / Oso ona;6;Muy buena / Oso ona;Buena / Ona
29/03/2017;0,25;0,32;Muy buena / Oso ona;18;45;77;Buena / Ona;71;17;Muy buena / Oso ona;7;Muy buena / Oso ona;Buena / Ona
28/03/2017;0,26;0,33;Muy buena / Oso ona;17;38;80;Buena / Ona;63;12;Muy buena / Oso ona;5;Muy buena / Oso ona;Buena / Ona
27/03/2017;0,18;0,27;Muy buena / Oso ona;7;29;51;Buena / Ona;40;8;Muy buena / Oso ona;4;Muy buena / Oso ona;Buena / Ona
26/03/2017;0,18;0,25;Muy buena / Oso ona;8;31;81;Buena / Ona;42;8;Muy buena / Oso ona;4;Muy buena / Oso ona;Buena / Ona
25/03/2017;0,21;0,32;Muy buena / Oso ona;13;36;74;Buena / Ona;55;8;Muy buena / Oso ona;4;Muy buena / Oso ona;Buena / Ona
24/03/2017;0,23;0,31;Muy buena / Oso ona;16;45;85;Buena / Ona;70;11;Muy buena / Oso ona;5;Muy buena / Oso ona;Buena / Ona
23/03/2017;0,21;0,31;Muy buena / Oso ona;17;39;78;Buena / Ona;64;12;Muy buena / Oso ona;4;Muy buena / Oso ona;Buena / Ona
22/03/2017;0,22;0,29;Muy buena / Oso ona;16;40;85;Buena / Ona;64;11;Muy buena / Oso ona;4;Muy buena / Oso ona;Buena / Ona
21/03/2017;0,23;0,28;Muy buena / Oso ona;15;39;88;Buena / Ona;63;14;Muy buena / Oso ona;7;Muy buena / Oso ona;Buena / Ona
20/03/2017;0,23;0,3;Muy buena / Oso ona;17;35;88;Buena / Ona;61;18;Muy buena / Oso ona;8;Muy buena / Oso ona;Buena / Ona
19/03/2017;0,17;0,27;Muy buena / Oso ona;9;25;49;Muy buena / Oso ona;39;16;Muy buena / Oso ona;7;Muy buena / Oso ona;Muy buena / Oso ona
18/03/2017;0,2;0,24;Muy buena / Oso ona;9;25;52;Buena / Ona;39;16;Muy buena / Oso ona;8;Muy buena / Oso ona;Buena / Ona
17/03/2017;0,25;0,41;Muy buena / Oso ona;12;23;74;Buena / Ona;42;27;Buena / Ona;12;Muy buena / Oso ona;Buena / Ona
16/03/2017;0,47;0,74;Muy buena / Oso ona;58;58;116;Mejorable / Hobetzeko modukoa;146;25;Muy buena / Oso ona;12;Muy buena / Oso ona;Mejorable / Hobetzeko modukoa
15/03/2017;0,33;0,41;Muy buena / Oso ona;25;34;80;Buena / Ona;72;29;Buena / Ona;13;Muy buena / Oso ona;Buena / Ona
14/03/2017;0,3;0,45;Muy buena / Oso ona;29;28;74;Buena / Ona;73;26;Buena / Ona;13;Muy buena / Oso ona;Buena / Ona
13/03/2017;0,23;0,3;Muy buena / Oso ona;14;21;50;Muy buena / Oso ona;42;23;Muy buena / Oso ona;6;Muy buena / Oso ona;Muy buena / Oso ona
12/03/2017;0,15;0,22;Muy buena / Oso ona;6;14;39;Muy buena / Oso ona;23;24;Muy buena / Oso ona;5;Muy buena / Oso ona;Muy buena / Oso ona
11/03/2017;0,31;0,99;Muy buena / Oso ona;27;40;67;Buena / Ona;81;26;Buena / Ona;13;Muy buena / Oso ona;Buena / Ona
10/03/2017;0,69;0,97;Muy buena / Oso ona;75;53;97;Buena / Ona;168;32;Buena / Ona;15;Muy buena / Oso ona;Buena / Ona
09/03/2017;0,3;0,36;Muy buena / Oso ona;26;30;57;Buena / Ona;71;19;Muy buena / Oso ona;8;Muy buena / Oso ona;Buena / Ona
08/03/2017;0,26;0,37;Muy buena / Oso ona;19;27;66;Buena / Ona;55;17;Muy buena / Oso ona;5;Muy buena / Oso ona;Buena / Ona
07/03/2017;0,27;0,38;Muy buena / Oso ona;20;33;87;Buena / Ona;63;44;Buena / Ona;9;Muy buena / Oso ona;Buena / Ona
06/03/2017;0,24;0,29;Muy buena / Oso ona;11;28;57;Buena / Ona;44;45;Buena / Ona;10;Muy buena / Oso ona;Buena / Ona
05/03/2017;0,23;0,28;Muy buena / Oso ona;7;25;38;Muy buena / Oso ona;35;25;Muy buena / Oso ona;7;Muy buena / Oso ona;Muy buena / Oso ona
04/03/2017;0,19;0,24;Muy buena / Oso ona;11;30;86;Buena / Ona;46;13;Muy buena / Oso ona;4;Muy buena / Oso ona;Buena / Ona
03/03/2017;0,16;0,5;Muy buena / Oso ona;7;23;37;Muy buena / Oso ona;34;14;Muy buena / Oso ona;5;Muy buena / Oso ona;Muy buena / Oso ona
02/03/2017;0,38;0,49;Muy buena / Oso ona;34;46;80;Buena / Ona;98;20;Muy buena / Oso ona;8;Muy buena / Oso ona;Buena / Ona
01/03/2017;0,26;0,34;Muy buena / Oso ona;14;38;61;Buena / Ona;59;17;Muy buena / Oso ona;6;Muy buena / Oso ona;Buena / Ona
28/02/2017;0,28;0,34;Muy buena / Oso ona;21;42;82;Buena / Ona;75;32;Buena / Ona;9;Muy buena / Oso ona;Buena / Ona
27/02/2017;0,26;0,42;Muy buena / Oso ona;17;41;121;Mejorable / Hobetzeko modukoa;67;23;Muy buena / Oso ona;8;Muy buena / Oso ona;Mejorable / Hobetzeko modukoa
26/02/2017;0,33;0,49;Muy buena / Oso ona;19;38;80;Buena / Ona;67;30;Buena / Ona;16;Muy buena / Oso ona;Buena / Ona
25/02/2017;0,27;0,4;Muy buena / Oso ona;20;39;74;Buena / Ona;70;22;Muy buena / Oso ona;8;Muy buena / Oso ona;Buena / Ona
24/02/2017;0,27;0,32;Muy buena / Oso ona;22;43;88;Buena / Ona;77;22;Muy buena / Oso ona;7;Muy buena / Oso ona;Buena / Ona
23/02/2017;0,36;0,57;Muy buena / Oso ona;37;43;69;Buena / Ona;100;37;Buena / Ona;22;Buena / Ona;Buena / Ona
22/02/2017;0,4;0,55;Muy buena / Oso ona;50;47;69;Buena / Ona;124;29;Buena / Ona;18;Buena / Ona;Buena / Ona
21/02/2017;0,28;0,36;Muy buena / Oso ona;28;40;67;Buena / Ona;84;18;Muy buena / Oso ona;9;Muy buena / Oso ona;Buena / Ona
20/02/2017;0,34;0,45;Muy buena / Oso ona;32;48;88;Buena / Ona;96;22;Muy buena / Oso ona;12;Muy buena / Oso ona;Buena / Ona
19/02/2017;0,39;0,48;Muy buena / Oso ona;22;44;77;Buena / Ona;79;27;Buena / Ona;15;Muy buena / Oso ona;Buena / Ona
18/02/2017;0,38;0,63;Muy buena / Oso ona;21;43;82;Buena / Ona;74;34;Buena / Ona;24;Buena / Ona;Buena / Ona
17/02/2017;0,39;0,63;Muy buena / Oso ona;40;51;105;Mejorable / Hobetzeko modukoa;112;29;Buena / Ona;15;Muy buena / Oso ona;Mejorable / Hobetzeko modukoa
16/02/2017;0,51;0,71;Muy buena / Oso ona;59;61;112;Mejorable / Hobetzeko modukoa;151;28;Buena / Ona;13;Muy buena / Oso ona;Mejorable / Hobetzeko modukoa
15/02/2017;0,36;0,52;Muy buena / Oso ona;30;48;100;Buena / Ona;94;17;Muy buena / Oso ona;8;Muy buena / Oso ona;Buena / Ona
14/02/2017;0,33;0,48;Muy buena / Oso ona;30;40;75;Buena / Ona;86;15;Muy buena / Oso ona;6;Muy buena / Oso ona;Buena / Ona
13/02/2017;0,22;0,34;Muy buena / Oso ona;8;28;62;Buena / Ona;39;27;Buena / Ona;7;Muy buena / Oso ona;Buena / Ona
12/02/2017;0,25;0,47;Muy buena / Oso ona;11;21;44;Muy buena / Oso ona;38;39;Buena / Ona;;Sin datos / Daturik gabe;Buena / Ona
11/02/2017;0,42;0,75;Muy buena / Oso ona;33;42;70;Buena / Ona;92;28;Buena / Ona;15;Muy buena / Oso ona;Buena / Ona
10/02/2017;0,56;0,76;Muy buena / Oso ona;71;59;147;Mejorable / Hobetzeko modukoa;168;22;Muy buena / Oso ona;9;Muy buena / Oso ona;Mejorable / Hobetzeko modukoa
09/02/2017;0,32;0,38;Muy buena / Oso ona;24;45;77;Buena / Ona;81;14;Muy buena / Oso ona;6;Muy buena / Oso ona;Buena / Ona
08/02/2017;0,17;0,2;Muy buena / Oso ona;7;15;32;Muy buena / Oso ona;26;21;Muy buena / Oso ona;4;Muy buena / Oso ona;Muy buena / Oso ona
07/02/2017;0,26;0,43;Muy buena / Oso ona;16;33;61;Buena / Ona;57;21;Muy buena / Oso ona;5;Muy buena / Oso ona;Buena / Ona
06/02/2017;0,33;0,46;Muy buena / Oso ona;37;55;92;Buena / Ona;111;25;Muy buena / Oso ona;9;Muy buena / Oso ona;Buena / Ona
05/02/2017;0,12;0,27;Muy buena / Oso ona;5;12;27;Muy buena / Oso ona;19;21;Muy buena / Oso ona;5;Muy buena / Oso ona;Muy buena / Oso ona
04/02/2017;0,23;0,29;Muy buena / Oso ona;13;36;68;Buena / Ona;55;15;Muy buena / Oso ona;5;Muy buena / Oso ona;Buena / Ona
03/02/2017;0,19;;Sin datos / Daturik gabe;11;27;63;Buena / Ona;44;16;Muy buena / Oso ona;4;Muy buena / Oso ona;Buena / Ona
02/02/2017;0,17;0,6;Muy buena / Oso ona;10;28;49;Muy buena / Oso ona;44;9;Muy buena / Oso ona;4;Muy buena / Oso ona;Muy buena / Oso ona
01/02/2017;0,51;0,83;Muy buena / Oso ona;71;56;101;Mejorable / Hobetzeko modukoa;164;22;Muy buena / Oso ona;10;Muy buena / Oso ona;Mejorable / Hobetzeko modukoa
31/01/2017;0,48;0,79;Muy buena / Oso ona;54;48;112;Mejorable / Hobetzeko modukoa;131;17;Muy buena / Oso ona;9;Muy buena / Oso ona;Mejorable / Hobetzeko modukoa
30/01/2017;0,24;0,29;Muy buena / Oso ona;14;40;60;Buena / Ona;61;11;Muy buena / Oso ona;6;Muy buena / Oso ona;Buena / Ona
29/01/2017;0,17;0,31;Muy buena / Oso ona;8;28;39;Muy buena / Oso ona;40;8;Muy buena / Oso ona;3;Muy buena / Oso ona;Muy buena / Oso ona
28/01/2017;0,23;0,36;Muy buena / Oso ona;15;38;92;Buena / Ona;61;18;Muy buena / Oso ona;5;Muy buena / Oso ona;Buena / Ona
27/01/2017;0,24;0,39;Muy buena / Oso ona;16;35;77;Buena / Ona;60;15;Muy buena / Oso ona;7;Muy buena / Oso ona;Buena / Ona
26/01/2017;0,24;0,33;Muy buena / Oso ona;26;44;94;Buena / Ona;83;22;Muy buena / Oso ona;12;Muy buena / Oso ona;Buena / Ona
25/01/2017;0,33;0,5;Muy buena / Oso ona;33;44;67;Buena / Ona;95;26;Buena / Ona;18;Buena / Ona;Buena / Ona
24/01/2017;0,46;0,58;Muy buena / Oso ona;52;50;80;Buena / Ona;130;28;Buena / Ona;16;Muy buena / Oso ona;Buena / Ona
23/01/2017;0,48;0,68;Muy buena / Oso ona;65;51;86;Buena / Ona;150;25;Muy buena / Oso ona;14;Muy buena / Oso ona;Buena / Ona
22/01/2017;0,46;0,99;Muy buena / Oso ona;39;52;77;Buena / Ona;112;26;Buena / Ona;18;Buena / Ona;Buena / Ona
21/01/2017;0,56;0,97;Muy buena / Oso ona;66;60;148;Mejorable / Hobetzeko modukoa;161;28;Buena / Ona;19;Buena / Ona;Mejorable / Hobetzeko modukoa
20/01/2017;0,36;0,47;Muy buena / Oso ona;39;45;66;Buena / Ona;105;27;Buena / Ona;20;Buena / Ona;Buena / Ona
19/01/2017;0,31;0,37;Muy buena / Oso ona;27;44;64;Buena / Ona;85;22;Muy buena / Oso ona;14;Muy buena / Oso ona;Buena / Ona
18/01/2017;0,32;0,42;Muy buena / Oso ona;36;48;67;Buena / Ona;103;21;Muy buena / Oso ona;14;Muy buena / Oso ona;Buena / Ona
17/01/2017;0,22;0,29;Muy buena / Oso ona;25;32;67;Buena / Ona;70;12;Muy buena / Oso ona;6;Muy buena / Oso ona;Buena / Ona
16/01/2017;0,18;0,26;Muy buena / Oso ona;14;20;51;Buena / Ona;41;14;Muy buena / Oso ona;4;Muy buena / Oso ona;Buena / Ona
15/01/2017;;;Sin datos / Daturik gabe;6;14;44;Muy buena / Oso ona;23;14;Muy buena / Oso ona;2;Muy buena / Oso ona;Muy buena / Oso ona
14/01/2017;;;Sin datos / Daturik gabe;15;31;61;Buena / Ona;54;12;Muy buena / Oso ona;3;Muy buena / Oso ona;Buena / Ona
13/01/2017;;;Sin datos / Daturik gabe;8;15;33;Muy buena / Oso ona;26;26;Buena / Ona;5;Muy buena / Oso ona;Buena / Ona
12/01/2017;0,28;0,36;Muy buena / Oso ona;34;36;68;Buena / Ona;89;21;Muy buena / Oso ona;7;Muy buena / Oso ona;Buena / Ona
11/01/2017;0,18;;Sin datos / Daturik gabe;10;21;38;Muy buena / Oso ona;36;15;Muy buena / Oso ona;3;Muy buena / Oso ona;Muy buena / Oso ona
10/01/2017;0,16;0,43;Muy buena / Oso ona;11;22;65;Buena / Ona;39;16;Muy buena / Oso ona;6;Muy buena / Oso ona;Buena / Ona
09/01/2017;0,36;0,45;Muy buena / Oso ona;50;51;84;Buena / Ona;128;20;Muy buena / Oso ona;;Sin datos / Daturik gabe;Buena / Ona
08/01/2017;0,28;0,56;Muy buena / Oso ona;29;52;75;Buena / Ona;96;22;Muy buena / Oso ona;15;Muy buena / Oso ona;Buena / Ona
07/01/2017;0,33;0,59;Muy buena / Oso ona;45;48;98;Buena / Ona;117;24;Muy buena / Oso ona;16;Muy buena / Oso ona;Buena / Ona
06/01/2017;0,33;0,62;Muy buena / Oso ona;46;47;81;Buena / Ona;117;22;Muy buena / Oso ona;14;Muy buena / Oso ona;Buena / Ona
05/01/2017;0,44;0,68;Muy buena / Oso ona;64;58;95;Buena / Ona;156;23;Muy buena / Oso ona;12;Muy buena / Oso ona;Buena / Ona
04/01/2017;0,42;0,75;Muy buena / Oso ona;65;48;77;Buena / Ona;147;29;Buena / Ona;20;Buena / Ona;Buena / Ona
03/01/2017;0,54;0,8;Muy buena / Oso ona;92;48;74;Buena / Ona;189;37;Buena / Ona;25;Buena / Ona;Buena / Ona
02/01/2017;;;Sin datos / Daturik gabe;56;51;88;Buena / Ona;137;22;Muy buena / Oso ona;15;Muy buena / Oso ona;Buena / Ona
01/01/2017;0,26;0,85;Muy buena / Oso ona;36;39;62;Buena / Ona;94;31;Buena / Ona;25;Buena / Ona;Buena / Ona
