Date;CO (mg/m3);CO 8h max (mg/m3);CO 8h max - ICA;NO (µg/m3);NO2 (µg/m3);NO2 max (µg/m3);NO2 - ICA;NOX (µg/m3);PM10 (µg/m3);PM10 - ICA;SO2 (µg/m3);SO2 - ICA;D.vien (grados);H (%);Tº (ºC);V.vien (m/s);ICA Estación
28/10/2017;0,27;0,31;Muy buena / Oso ona;6;25;53;Buena / Ona;34;11;Muy buena / Oso ona;2;Muy buena / Oso ona;345;78;16,6;0,47;Buena / Ona
27/10/2017;0,29;0,41;Muy buena / Oso ona;27;35;61;Buena / Ona;75;27;Buena / Ona;7;Muy buena / Oso ona;354;81;16,2;0,16;Buena / Ona
26/10/2017;0,34;0,8;Muy buena / Oso ona;14;47;73;Buena / Ona;68;22;Muy buena / Oso ona;8;Muy buena / Oso ona;57;66;18,8;0,32;Buena / Ona
25/10/2017;0,56;0,79;Muy buena / Oso ona;57;59;83;Buena / Ona;145;44;Buena / Ona;14;Muy buena / Oso ona;112;71;17;0,12;Buena / Ona
24/10/2017;0,33;0,39;Muy buena / Oso ona;32;55;75;Buena / Ona;103;31;Buena / Ona;14;Muy buena / Oso ona;123;64;16,8;1,41;Buena / Ona
23/10/2017;0,25;0,31;Muy buena / Oso ona;19;40;64;Buena / Ona;69;;Sin datos / Daturik gabe;9;Muy buena / Oso ona;125;73;14,2;1,09;Buena / Ona
22/10/2017;0,18;0,24;Muy buena / Oso ona;2;17;50;Muy buena / Oso ona;20;;Sin datos / Daturik gabe;4;Muy buena / Oso ona;274;74;14,8;0,49;Muy buena / Oso ona
21/10/2017;0,24;0,3;Muy buena / Oso ona;2;12;30;Muy buena / Oso ona;15;21;Muy buena / Oso ona;5;Muy buena / Oso ona;303;66;17,5;2,08;Muy buena / Oso ona
20/10/2017;0,29;0,34;Muy buena / Oso ona;26;36;91;Buena / Ona;75;24;Muy buena / Oso ona;6;Muy buena / Oso ona;170;57;20,8;0,76;Buena / Ona
19/10/2017;0,25;0,31;Muy buena / Oso ona;11;30;70;Buena / Ona;46;10;Muy buena / Oso ona;3;Muy buena / Oso ona;142;65;17,9;1,17;Buena / Ona
18/10/2017;0,34;0,61;Muy buena / Oso ona;13;41;70;Buena / Ona;60;24;Muy buena / Oso ona;3;Muy buena / Oso ona;171;79;16,6;0,23;Buena / Ona
17/10/2017;0,34;0,57;Muy buena / Oso ona;6;37;64;Buena / Ona;46;36;Buena / Ona;4;Muy buena / Oso ona;123;70;20,4;0,9;Buena / Ona
16/10/2017;0,21;0,25;Muy buena / Oso ona;3;14;31;Muy buena / Oso ona;18;37;Buena / Ona;2;Muy buena / Oso ona;176;65;22,1;0,82;Buena / Ona
15/10/2017;0,21;0,39;Muy buena / Oso ona;3;15;46;Muy buena / Oso ona;18;28;Buena / Ona;4;Muy buena / Oso ona;111;51;25,6;1,93;Buena / Ona
14/10/2017;0,38;0,47;Muy buena / Oso ona;6;30;84;Buena / Ona;39;37;Buena / Ona;4;Muy buena / Oso ona;92;64;23,5;0,84;Buena / Ona
13/10/2017;0,42;0,54;Muy buena / Oso ona;22;35;63;Buena / Ona;69;47;Buena / Ona;9;Muy buena / Oso ona;55;79;18,5;0,31;Buena / Ona
12/10/2017;0,28;0,35;Muy buena / Oso ona;11;32;64;Buena / Ona;48;30;Buena / Ona;5;Muy buena / Oso ona;112;79;17,6;0,54;Buena / Ona
11/10/2017;0,27;0,3;Muy buena / Oso ona;8;33;55;Buena / Ona;44;27;Buena / Ona;7;Muy buena / Oso ona;85;69;18,5;0,74;Buena / Ona
10/10/2017;0,28;0,34;Muy buena / Oso ona;24;36;65;Buena / Ona;72;27;Buena / Ona;8;Muy buena / Oso ona;139;79;16,2;0,44;Buena / Ona
09/10/2017;0,29;0,52;Muy buena / Oso ona;18;36;62;Buena / Ona;62;24;Muy buena / Oso ona;8;Muy buena / Oso ona;149;74;15,1;0,44;Buena / Ona
08/10/2017;;;Sin datos / Daturik gabe;;;;Sin datos / Daturik gabe;;;Sin datos / Daturik gabe;;Sin datos / Daturik gabe;135;78;13,5;1,16;Sin datos / Daturik gabe
07/10/2017;0,3;0,38;Muy buena / Oso ona;10;24;50;Muy buena / Oso ona;39;16;Muy buena / Oso ona;3;Muy buena / Oso ona;80;75;15,3;0,62;Muy buena / Oso ona
06/10/2017;0,21;0,23;Muy buena / Oso ona;3;17;32;Muy buena / Oso ona;21;13;Muy buena / Oso ona;2;Muy buena / Oso ona;328;81;17,1;0,84;Muy buena / Oso ona
05/10/2017;0,26;0,28;Muy buena / Oso ona;4;21;42;Muy buena / Oso ona;27;18;Muy buena / Oso ona;3;Muy buena / Oso ona;329;87;19,5;0,98;Muy buena / Oso ona
04/10/2017;0,21;0,24;Muy buena / Oso ona;17;19;25;Muy buena / Oso ona;45;27;Buena / Ona;4;Muy buena / Oso ona;320;84;20,3;0,58;Buena / Ona
03/10/2017;0,26;0,37;Muy buena / Oso ona;24;22;28;Muy buena / Oso ona;58;22;Muy buena / Oso ona;3;Muy buena / Oso ona;352;89;20,1;0,28;Muy buena / Oso ona
02/10/2017;0,34;0,41;Muy buena / Oso ona;28;37;51;Buena / Ona;80;23;Muy buena / Oso ona;3;Muy buena / Oso ona;123;89;20,2;0,17;Buena / Ona
01/10/2017;0,31;0,39;Muy buena / Oso ona;17;32;46;Muy buena / Oso ona;57;20;Muy buena / Oso ona;6;Muy buena / Oso ona;140;87;18,1;1,15;Muy buena / Oso ona
30/09/2017;0,26;0,32;Muy buena / Oso ona;2;17;36;Muy buena / Oso ona;21;8;Muy buena / Oso ona;1;Muy buena / Oso ona;1;89;17,6;0,27;Muy buena / Oso ona
29/09/2017;0,31;0,45;Muy buena / Oso ona;14;28;61;Buena / Ona;49;35;Buena / Ona;6;Muy buena / Oso ona;336;78;20,1;0,77;Buena / Ona
28/09/2017;0,29;0,34;Muy buena / Oso ona;15;40;58;Buena / Ona;62;;Sin datos / Daturik gabe;7;Muy buena / Oso ona;135;70;21,2;0,5;Buena / Ona
27/09/2017;0,23;0,27;Muy buena / Oso ona;11;40;69;Buena / Ona;56;23;Muy buena / Oso ona;7;Muy buena / Oso ona;125;68;19,7;0,84;Buena / Ona
26/09/2017;0,26;0,3;Muy buena / Oso ona;11;28;50;Muy buena / Oso ona;45;17;Muy buena / Oso ona;3;Muy buena / Oso ona;99;77;18,5;0,52;Muy buena / Oso ona
25/09/2017;0,24;0,33;Muy buena / Oso ona;9;25;49;Muy buena / Oso ona;38;16;Muy buena / Oso ona;3;Muy buena / Oso ona;297;81;18,2;0,48;Muy buena / Oso ona
24/09/2017;0,27;0,35;Muy buena / Oso ona;6;22;39;Muy buena / Oso ona;30;24;Muy buena / Oso ona;7;Muy buena / Oso ona;326;77;19,7;0,58;Muy buena / Oso ona
23/09/2017;0,25;0,36;Muy buena / Oso ona;3;21;37;Muy buena / Oso ona;26;21;Muy buena / Oso ona;3;Muy buena / Oso ona;111;70;21,3;0,7;Muy buena / Oso ona
22/09/2017;0,27;0,35;Muy buena / Oso ona;6;25;61;Buena / Ona;34;17;Muy buena / Oso ona;2;Muy buena / Oso ona;342;87;17,2;0,71;Buena / Ona
21/09/2017;0,31;0,36;Muy buena / Oso ona;20;31;52;Buena / Ona;61;26;Buena / Ona;7;Muy buena / Oso ona;14;77;17,7;0,23;Buena / Ona
20/09/2017;0,28;0,32;Muy buena / Oso ona;18;38;63;Buena / Ona;65;23;Muy buena / Oso ona;7;Muy buena / Oso ona;111;68;17,2;0,69;Buena / Ona
19/09/2017;0,26;0,32;Muy buena / Oso ona;10;24;42;Muy buena / Oso ona;38;11;Muy buena / Oso ona;3;Muy buena / Oso ona;231;76;16,7;0,08;Muy buena / Oso ona
18/09/2017;0,26;0,3;Muy buena / Oso ona;10;28;44;Muy buena / Oso ona;43;10;Muy buena / Oso ona;3;Muy buena / Oso ona;171;88;15,9;0,08;Muy buena / Oso ona
17/09/2017;0,17;0,3;Muy buena / Oso ona;3;15;30;Muy buena / Oso ona;20;10;Muy buena / Oso ona;6;Muy buena / Oso ona;251;68;16,2;0,35;Muy buena / Oso ona
16/09/2017;0,24;0,35;Muy buena / Oso ona;3;20;43;Muy buena / Oso ona;24;8;Muy buena / Oso ona;4;Muy buena / Oso ona;171;77;14;0,23;Muy buena / Oso ona
15/09/2017;0,27;0,41;Muy buena / Oso ona;8;24;40;Muy buena / Oso ona;36;14;Muy buena / Oso ona;4;Muy buena / Oso ona;197;80;14,2;0,41;Muy buena / Oso ona
14/09/2017;0,19;0,47;Muy buena / Oso ona;4;21;44;Muy buena / Oso ona;27;22;Muy buena / Oso ona;3;Muy buena / Oso ona;303;73;17,3;1,1;Muy buena / Oso ona
13/09/2017;0,34;0,45;Muy buena / Oso ona;14;24;40;Muy buena / Oso ona;45;22;Muy buena / Oso ona;5;Muy buena / Oso ona;160;75;20;0,29;Muy buena / Oso ona
12/09/2017;0,25;0,36;Muy buena / Oso ona;5;24;52;Buena / Ona;30;19;Muy buena / Oso ona;4;Muy buena / Oso ona;269;75;18,4;0,42;Buena / Ona
11/09/2017;0,22;0,3;Muy buena / Oso ona;3;18;33;Muy buena / Oso ona;22;21;Muy buena / Oso ona;4;Muy buena / Oso ona;306;81;18;2,08;Muy buena / Oso ona
10/09/2017;0,2;0,21;Muy buena / Oso ona;2;15;29;Muy buena / Oso ona;18;14;Muy buena / Oso ona;4;Muy buena / Oso ona;289;72;17,6;1,26;Muy buena / Oso ona
09/09/2017;0,17;0,2;Muy buena / Oso ona;2;11;17;Muy buena / Oso ona;14;12;Muy buena / Oso ona;4;Muy buena / Oso ona;298;77;17;2,32;Muy buena / Oso ona
08/09/2017;0,21;0,23;Muy buena / Oso ona;9;20;39;Muy buena / Oso ona;33;20;Muy buena / Oso ona;5;Muy buena / Oso ona;163;68;19,1;0,39;Muy buena / Oso ona
07/09/2017;0,19;0,27;Muy buena / Oso ona;6;19;39;Muy buena / Oso ona;28;15;Muy buena / Oso ona;3;Muy buena / Oso ona;236;67;19,2;0,06;Muy buena / Oso ona
06/09/2017;0,25;0,44;Muy buena / Oso ona;3;17;36;Muy buena / Oso ona;20;17;Muy buena / Oso ona;2;Muy buena / Oso ona;310;81;19,1;0,68;Muy buena / Oso ona
05/09/2017;0,25;0,33;Muy buena / Oso ona;13;20;32;Muy buena / Oso ona;40;16;Muy buena / Oso ona;5;Muy buena / Oso ona;335;77;21,1;0,41;Muy buena / Oso ona
04/09/2017;0,32;0,39;Muy buena / Oso ona;17;25;41;Muy buena / Oso ona;51;15;Muy buena / Oso ona;4;Muy buena / Oso ona;355;80;20,8;0,3;Muy buena / Oso ona
03/09/2017;0,24;0,33;Muy buena / Oso ona;5;22;33;Muy buena / Oso ona;29;16;Muy buena / Oso ona;6;Muy buena / Oso ona;60;68;20,9;0,24;Muy buena / Oso ona
02/09/2017;0,24;0,33;Muy buena / Oso ona;3;17;30;Muy buena / Oso ona;22;14;Muy buena / Oso ona;5;Muy buena / Oso ona;63;69;19;0,27;Muy buena / Oso ona
01/09/2017;0,24;0,27;Muy buena / Oso ona;5;18;42;Muy buena / Oso ona;26;13;Muy buena / Oso ona;5;Muy buena / Oso ona;303;71;18,6;1,17;Muy buena / Oso ona
31/08/2017;0,24;0,29;Muy buena / Oso ona;5;20;49;Muy buena / Oso ona;27;11;Muy buena / Oso ona;4;Muy buena / Oso ona;338;75;18,6;0,06;Muy buena / Oso ona
30/08/2017;0,22;0,28;Muy buena / Oso ona;6;20;43;Muy buena / Oso ona;30;18;Muy buena / Oso ona;3;Muy buena / Oso ona;309;84;20,2;0,59;Muy buena / Oso ona
29/08/2017;0,23;0,26;Muy buena / Oso ona;8;23;38;Muy buena / Oso ona;35;21;Muy buena / Oso ona;3;Muy buena / Oso ona;334;79;21,5;0,08;Muy buena / Oso ona
28/08/2017;0,21;0,36;Muy buena / Oso ona;7;24;46;Muy buena / Oso ona;34;;Sin datos / Daturik gabe;4;Muy buena / Oso ona;129;69;23;1,56;Muy buena / Oso ona
27/08/2017;0,36;0,49;Muy buena / Oso ona;5;24;36;Muy buena / Oso ona;32;;Sin datos / Daturik gabe;5;Muy buena / Oso ona;119;72;23;0,78;Muy buena / Oso ona
26/08/2017;0,25;0,3;Muy buena / Oso ona;3;14;35;Muy buena / Oso ona;18;;Sin datos / Daturik gabe;2;Muy buena / Oso ona;8;77;22,9;0,69;Muy buena / Oso ona
25/08/2017;0,23;0,32;Muy buena / Oso ona;4;13;34;Muy buena / Oso ona;19;;Sin datos / Daturik gabe;3;Muy buena / Oso ona;333;77;22,1;0,79;Muy buena / Oso ona
24/08/2017;0,22;0,27;Muy buena / Oso ona;2;10;21;Muy buena / Oso ona;13;18;Muy buena / Oso ona;2;Muy buena / Oso ona;325;81;21,8;1,19;Muy buena / Oso ona
23/08/2017;0,25;0,37;Muy buena / Oso ona;5;16;39;Muy buena / Oso ona;23;26;Buena / Ona;3;Muy buena / Oso ona;350;74;22;0,46;Buena / Ona
22/08/2017;0,25;0,34;Muy buena / Oso ona;8;31;64;Buena / Ona;43;43;Buena / Ona;7;Muy buena / Oso ona;334;69;23,3;0,89;Buena / Ona
21/08/2017;0,25;0,33;Muy buena / Oso ona;11;35;81;Buena / Ona;51;22;Muy buena / Oso ona;7;Muy buena / Oso ona;129;57;24,8;1,23;Buena / Ona
20/08/2017;0,19;0,22;Muy buena / Oso ona;4;16;38;Muy buena / Oso ona;22;13;Muy buena / Oso ona;4;Muy buena / Oso ona;79;67;20,2;0,43;Muy buena / Oso ona
19/08/2017;0,21;0,28;Muy buena / Oso ona;2;10;34;Muy buena / Oso ona;13;10;Muy buena / Oso ona;2;Muy buena / Oso ona;346;73;21,1;0,46;Muy buena / Oso ona
18/08/2017;0,27;0,39;Muy buena / Oso ona;8;22;41;Muy buena / Oso ona;34;17;Muy buena / Oso ona;4;Muy buena / Oso ona;360;81;21,1;0,41;Muy buena / Oso ona
17/08/2017;0,22;0,26;Muy buena / Oso ona;9;21;37;Muy buena / Oso ona;35;15;Muy buena / Oso ona;9;Muy buena / Oso ona;319;68;22;0,51;Muy buena / Oso ona
16/08/2017;0,24;0,31;Muy buena / Oso ona;7;16;28;Muy buena / Oso ona;26;12;Muy buena / Oso ona;6;Muy buena / Oso ona;322;72;21,9;0,59;Muy buena / Oso ona
15/08/2017;0,25;0,64;Muy buena / Oso ona;3;11;19;Muy buena / Oso ona;15;9;Muy buena / Oso ona;2;Muy buena / Oso ona;330;81;21;0,94;Muy buena / Oso ona
14/08/2017;0,34;0,44;Muy buena / Oso ona;7;20;33;Muy buena / Oso ona;29;25;Muy buena / Oso ona;4;Muy buena / Oso ona;67;70;23,9;0,51;Muy buena / Oso ona
13/08/2017;0,2;0,24;Muy buena / Oso ona;3;14;26;Muy buena / Oso ona;18;12;Muy buena / Oso ona;4;Muy buena / Oso ona;277;70;20,1;0,26;Muy buena / Oso ona
12/08/2017;0,18;0,2;Muy buena / Oso ona;5;15;29;Muy buena / Oso ona;22;14;Muy buena / Oso ona;5;Muy buena / Oso ona;223;66;18,9;0,04;Muy buena / Oso ona
11/08/2017;0,19;;Sin datos / Daturik gabe;5;16;38;Muy buena / Oso ona;24;18;Muy buena / Oso ona;4;Muy buena / Oso ona;305;67;18,7;0,17;Muy buena / Oso ona
10/08/2017;;;Sin datos / Daturik gabe;2;13;27;Muy buena / Oso ona;17;16;Muy buena / Oso ona;5;Muy buena / Oso ona;301;72;17,6;2,1;Muy buena / Oso ona
09/08/2017;0,17;0,21;Muy buena / Oso ona;2;11;21;Muy buena / Oso ona;14;13;Muy buena / Oso ona;4;Muy buena / Oso ona;306;67;17,9;2,03;Muy buena / Oso ona
08/08/2017;0,15;0,18;Muy buena / Oso ona;3;14;38;Muy buena / Oso ona;18;7;Muy buena / Oso ona;4;Muy buena / Oso ona;305;70;18,3;1,52;Muy buena / Oso ona
07/08/2017;0,19;0,22;Muy buena / Oso ona;6;17;42;Muy buena / Oso ona;25;26;Buena / Ona;3;Muy buena / Oso ona;312;76;20,5;1,24;Buena / Ona
06/08/2017;0,13;0,21;Muy buena / Oso ona;2;6;19;Muy buena / Oso ona;9;13;Muy buena / Oso ona;2;Muy buena / Oso ona;334;66;20,7;0,96;Muy buena / Oso ona
05/08/2017;0,19;;Sin datos / Daturik gabe;2;10;18;Muy buena / Oso ona;13;;Sin datos / Daturik gabe;2;Muy buena / Oso ona;318;93;19;1,23;Muy buena / Oso ona
04/08/2017;0,22;0,24;Muy buena / Oso ona;5;14;35;Muy buena / Oso ona;21;27;Buena / Ona;3;Muy buena / Oso ona;335;65;25,9;0,72;Buena / Ona
03/08/2017;0,24;0,32;Muy buena / Oso ona;8;18;36;Muy buena / Oso ona;30;24;Muy buena / Oso ona;4;Muy buena / Oso ona;326;75;22,7;0,67;Muy buena / Oso ona
02/08/2017;0,24;0,26;Muy buena / Oso ona;9;20;32;Muy buena / Oso ona;34;24;Muy buena / Oso ona;5;Muy buena / Oso ona;326;73;21,9;0,48;Muy buena / Oso ona
01/08/2017;0,22;0,24;Muy buena / Oso ona;7;16;33;Muy buena / Oso ona;27;16;Muy buena / Oso ona;3;Muy buena / Oso ona;9;78;20,9;0,5;Muy buena / Oso ona
31/07/2017;0,21;0,24;Muy buena / Oso ona;3;16;34;Muy buena / Oso ona;19;;Sin datos / Daturik gabe;3;Muy buena / Oso ona;320;85;19,6;0,54;Muy buena / Oso ona
30/07/2017;0,23;0,32;Muy buena / Oso ona;4;16;25;Muy buena / Oso ona;22;;Sin datos / Daturik gabe;3;Muy buena / Oso ona;313;78;20,6;0,3;Muy buena / Oso ona
29/07/2017;0,21;0,26;Muy buena / Oso ona;5;18;31;Muy buena / Oso ona;24;;Sin datos / Daturik gabe;7;Muy buena / Oso ona;79;58;24,5;0,09;Muy buena / Oso ona
28/07/2017;0,25;0,33;Muy buena / Oso ona;3;15;36;Muy buena / Oso ona;20;12;Muy buena / Oso ona;3;Muy buena / Oso ona;334;79;21,5;0,68;Muy buena / Oso ona
27/07/2017;0,26;0,35;Muy buena / Oso ona;14;22;43;Muy buena / Oso ona;42;31;Buena / Ona;6;Muy buena / Oso ona;341;76;21,5;0,73;Buena / Ona
26/07/2017;0,19;0,23;Muy buena / Oso ona;8;18;34;Muy buena / Oso ona;30;;Sin datos / Daturik gabe;6;Muy buena / Oso ona;263;73;19,9;0,05;Muy buena / Oso ona
25/07/2017;0,13;0,14;Muy buena / Oso ona;2;11;29;Muy buena / Oso ona;14;;Sin datos / Daturik gabe;4;Muy buena / Oso ona;298;75;18,9;1,48;Muy buena / Oso ona
24/07/2017;0,13;0,15;Muy buena / Oso ona;3;10;19;Muy buena / Oso ona;14;11;Muy buena / Oso ona;3;Muy buena / Oso ona;307;87;18,7;2,15;Muy buena / Oso ona
23/07/2017;0,14;0,15;Muy buena / Oso ona;3;9;16;Muy buena / Oso ona;13;21;Muy buena / Oso ona;5;Muy buena / Oso ona;323;67;20,9;0,51;Muy buena / Oso ona
22/07/2017;0,2;0,24;Muy buena / Oso ona;8;15;27;Muy buena / Oso ona;27;16;Muy buena / Oso ona;7;Muy buena / Oso ona;338;73;19,3;0,28;Muy buena / Oso ona
21/07/2017;0,22;0,37;Muy buena / Oso ona;11;22;41;Muy buena / Oso ona;38;22;Muy buena / Oso ona;5;Muy buena / Oso ona;355;81;18,1;0,53;Muy buena / Oso ona
20/07/2017;0,22;0,36;Muy buena / Oso ona;4;18;43;Muy buena / Oso ona;24;14;Muy buena / Oso ona;3;Muy buena / Oso ona;322;81;18,3;1,03;Muy buena / Oso ona
19/07/2017;0,22;0,28;Muy buena / Oso ona;4;20;55;Buena / Ona;25;28;Buena / Ona;4;Muy buena / Oso ona;326;70;22,4;0,96;Buena / Ona
18/07/2017;0,31;0,43;Muy buena / Oso ona;3;19;41;Muy buena / Oso ona;23;35;Buena / Ona;3;Muy buena / Oso ona;351;71;23,9;0,68;Buena / Ona
17/07/2017;0,35;0,5;Muy buena / Oso ona;12;34;69;Buena / Ona;52;42;Buena / Ona;5;Muy buena / Oso ona;359;70;25,1;0,56;Buena / Ona
16/07/2017;0,23;0,3;Muy buena / Oso ona;3;18;39;Muy buena / Oso ona;22;19;Muy buena / Oso ona;4;Muy buena / Oso ona;317;70;22,3;0,82;Muy buena / Oso ona
15/07/2017;0,18;0,23;Muy buena / Oso ona;2;10;24;Muy buena / Oso ona;12;15;Muy buena / Oso ona;2;Muy buena / Oso ona;6;69;21,2;0,76;Muy buena / Oso ona
14/07/2017;0,15;0,16;Muy buena / Oso ona;2;10;20;Muy buena / Oso ona;13;9;Muy buena / Oso ona;2;Muy buena / Oso ona;353;69;20,9;0,89;Muy buena / Oso ona
13/07/2017;0,28;0,55;Muy buena / Oso ona;4;13;33;Muy buena / Oso ona;19;8;Muy buena / Oso ona;2;Muy buena / Oso ona;338;78;20,2;0,95;Muy buena / Oso ona
12/07/2017;0,23;0,3;Muy buena / Oso ona;15;22;44;Muy buena / Oso ona;44;19;Muy buena / Oso ona;7;Muy buena / Oso ona;356;73;20,6;0,32;Muy buena / Oso ona
11/07/2017;0,23;0,36;Muy buena / Oso ona;11;19;31;Muy buena / Oso ona;35;19;Muy buena / Oso ona;5;Muy buena / Oso ona;329;74;20,7;0,58;Muy buena / Oso ona
10/07/2017;0,17;0,21;Muy buena / Oso ona;5;15;43;Muy buena / Oso ona;23;9;Muy buena / Oso ona;3;Muy buena / Oso ona;324;83;19,4;1,3;Muy buena / Oso ona
09/07/2017;0,2;0,24;Muy buena / Oso ona;2;11;21;Muy buena / Oso ona;14;20;Muy buena / Oso ona;3;Muy buena / Oso ona;328;82;20;1,33;Muy buena / Oso ona
08/07/2017;0,19;;Sin datos / Daturik gabe;2;12;26;Muy buena / Oso ona;14;20;Muy buena / Oso ona;2;Muy buena / Oso ona;334;86;19,9;1,4;Muy buena / Oso ona
07/07/2017;0,23;0,33;Muy buena / Oso ona;;;;Sin datos / Daturik gabe;;28;Buena / Ona;4;Muy buena / Oso ona;327;78;21,3;1,26;Buena / Ona
06/07/2017;0,28;0,37;Muy buena / Oso ona;;;;Sin datos / Daturik gabe;;37;Buena / Ona;4;Muy buena / Oso ona;353;75;21,5;0,85;Buena / Ona
05/07/2017;0,26;0,37;Muy buena / Oso ona;;;;Sin datos / Daturik gabe;;38;Buena / Ona;4;Muy buena / Oso ona;343;67;22,8;1,15;Buena / Ona
04/07/2017;0,27;0,29;Muy buena / Oso ona;13;31;56;Buena / Ona;50;36;Buena / Ona;4;Muy buena / Oso ona;47;65;25,6;0,59;Buena / Ona
03/07/2017;0,25;0,28;Muy buena / Oso ona;10;15;26;Muy buena / Oso ona;30;19;Muy buena / Oso ona;6;Muy buena / Oso ona;64;72;20,4;0,57;Muy buena / Oso ona
02/07/2017;0,18;0,2;Muy buena / Oso ona;4;15;25;Muy buena / Oso ona;21;14;Muy buena / Oso ona;6;Muy buena / Oso ona;277;70;18,4;0,2;Muy buena / Oso ona
01/07/2017;0,13;0,14;Muy buena / Oso ona;2;10;18;Muy buena / Oso ona;14;17;Muy buena / Oso ona;5;Muy buena / Oso ona;304;76;15,8;2,11;Muy buena / Oso ona
30/06/2017;0,15;0,2;Muy buena / Oso ona;3;12;18;Muy buena / Oso ona;16;;Sin datos / Daturik gabe;4;Muy buena / Oso ona;291;72;15,9;1,98;Muy buena / Oso ona
29/06/2017;0,13;0,14;Muy buena / Oso ona;3;10;15;Muy buena / Oso ona;14;12;Muy buena / Oso ona;6;Muy buena / Oso ona;305;53;18,3;2,69;Muy buena / Oso ona
28/06/2017;0,16;0,24;Muy buena / Oso ona;5;12;36;Muy buena / Oso ona;19;;Sin datos / Daturik gabe;5;Muy buena / Oso ona;306;68;19,6;2,03;Muy buena / Oso ona
27/06/2017;0,44;0,9;Muy buena / Oso ona;12;21;37;Muy buena / Oso ona;38;27;Buena / Ona;3;Muy buena / Oso ona;349;81;19,8;0,73;Buena / Ona
26/06/2017;0,31;0,39;Muy buena / Oso ona;7;18;30;Muy buena / Oso ona;28;22;Muy buena / Oso ona;2;Muy buena / Oso ona;357;79;21,5;0,72;Muy buena / Oso ona
25/06/2017;0,33;0,41;Muy buena / Oso ona;4;13;24;Muy buena / Oso ona;20;27;Buena / Ona;2;Muy buena / Oso ona;72;78;20,6;0,58;Buena / Ona
24/06/2017;0,26;0,42;Muy buena / Oso ona;3;13;26;Muy buena / Oso ona;17;20;Muy buena / Oso ona;2;Muy buena / Oso ona;351;81;20;0,39;Muy buena / Oso ona
23/06/2017;0,31;0,47;Muy buena / Oso ona;4;18;45;Muy buena / Oso ona;23;44;Buena / Ona;2;Muy buena / Oso ona;330;78;20,4;0,89;Buena / Ona
22/06/2017;0,25;0,3;Muy buena / Oso ona;3;15;23;Muy buena / Oso ona;19;33;Buena / Ona;2;Muy buena / Oso ona;331;83;20,4;1,48;Buena / Ona
21/06/2017;0,32;0,38;Muy buena / Oso ona;4;33;58;Buena / Ona;39;49;Buena / Ona;6;Muy buena / Oso ona;70;60;27,9;0,65;Buena / Ona
20/06/2017;0,35;0,42;Muy buena / Oso ona;7;42;70;Buena / Ona;52;35;Buena / Ona;8;Muy buena / Oso ona;45;52;27,1;0,44;Buena / Ona
19/06/2017;0,28;0,44;Muy buena / Oso ona;4;25;58;Buena / Ona;31;28;Buena / Ona;5;Muy buena / Oso ona;161;57;27;0,6;Buena / Ona
18/06/2017;0,32;0,34;Muy buena / Oso ona;4;30;53;Buena / Ona;36;41;Buena / Ona;8;Muy buena / Oso ona;7;66;24,2;0,33;Buena / Ona
17/06/2017;0,27;0,3;Muy buena / Oso ona;5;19;38;Muy buena / Oso ona;26;36;Buena / Ona;5;Muy buena / Oso ona;318;72;21,9;0,4;Buena / Ona
16/06/2017;0,21;0,24;Muy buena / Oso ona;4;15;40;Muy buena / Oso ona;21;26;Buena / Ona;3;Muy buena / Oso ona;15;78;19,9;0,6;Buena / Ona
15/06/2017;0,25;0,36;Muy buena / Oso ona;3;16;24;Muy buena / Oso ona;19;23;Muy buena / Oso ona;3;Muy buena / Oso ona;316;86;18,3;1,44;Muy buena / Oso ona
14/06/2017;0,29;0,4;Muy buena / Oso ona;4;18;32;Muy buena / Oso ona;23;40;Buena / Ona;3;Muy buena / Oso ona;327;87;20;1,12;Buena / Ona
13/06/2017;0,27;0,35;Muy buena / Oso ona;9;22;35;Muy buena / Oso ona;36;31;Buena / Ona;4;Muy buena / Oso ona;341;75;20,6;0,53;Buena / Ona
12/06/2017;0,2;0,22;Muy buena / Oso ona;3;12;27;Muy buena / Oso ona;16;17;Muy buena / Oso ona;3;Muy buena / Oso ona;8;81;19,3;0,78;Muy buena / Oso ona
11/06/2017;0,2;0,22;Muy buena / Oso ona;3;12;21;Muy buena / Oso ona;16;33;Buena / Ona;5;Muy buena / Oso ona;332;80;20,3;1,36;Buena / Ona
10/06/2017;0,22;0,25;Muy buena / Oso ona;5;16;22;Muy buena / Oso ona;23;34;Buena / Ona;4;Muy buena / Oso ona;351;78;20,4;0,48;Buena / Ona
09/06/2017;0,24;0,38;Muy buena / Oso ona;7;19;35;Muy buena / Oso ona;29;25;Muy buena / Oso ona;6;Muy buena / Oso ona;307;77;18,7;0,64;Muy buena / Oso ona
08/06/2017;0,28;0,32;Muy buena / Oso ona;8;29;47;Muy buena / Oso ona;40;36;Buena / Ona;10;Muy buena / Oso ona;71;70;20;0,35;Buena / Ona
07/06/2017;0,22;0,25;Muy buena / Oso ona;7;25;52;Buena / Ona;36;31;Buena / Ona;5;Muy buena / Oso ona;93;62;19,7;0,17;Buena / Ona
06/06/2017;0,19;0,26;Muy buena / Oso ona;3;12;20;Muy buena / Oso ona;15;22;Muy buena / Oso ona;5;Muy buena / Oso ona;310;70;16,5;2,2;Muy buena / Oso ona
05/06/2017;0,17;0,21;Muy buena / Oso ona;5;20;33;Muy buena / Oso ona;28;16;Muy buena / Oso ona;5;Muy buena / Oso ona;172;67;18,6;0,11;Muy buena / Oso ona
04/06/2017;0,17;0,2;Muy buena / Oso ona;2;17;34;Muy buena / Oso ona;21;12;Muy buena / Oso ona;4;Muy buena / Oso ona;322;89;14;0,38;Muy buena / Oso ona
03/06/2017;0,25;0,37;Muy buena / Oso ona;4;21;41;Muy buena / Oso ona;26;22;Muy buena / Oso ona;4;Muy buena / Oso ona;310;88;15,6;0,45;Muy buena / Oso ona
02/06/2017;0,26;0,31;Muy buena / Oso ona;3;20;37;Muy buena / Oso ona;24;22;Muy buena / Oso ona;3;Muy buena / Oso ona;329;90;17,6;1,02;Muy buena / Oso ona
01/06/2017;0,28;0,39;Muy buena / Oso ona;10;24;35;Muy buena / Oso ona;38;28;Buena / Ona;5;Muy buena / Oso ona;346;77;20,9;0,77;Buena / Ona
31/05/2017;0,24;0,41;Muy buena / Oso ona;7;21;41;Muy buena / Oso ona;31;19;Muy buena / Oso ona;4;Muy buena / Oso ona;326;73;20,2;0,89;Muy buena / Oso ona
30/05/2017;0,2;0,28;Muy buena / Oso ona;2;15;33;Muy buena / Oso ona;18;10;Muy buena / Oso ona;2;Muy buena / Oso ona;316;81;17,8;1;Muy buena / Oso ona
29/05/2017;0,18;0,25;Muy buena / Oso ona;2;15;25;Muy buena / Oso ona;18;13;Muy buena / Oso ona;3;Muy buena / Oso ona;333;90;17,2;1,09;Muy buena / Oso ona
28/05/2017;0,26;0,3;Muy buena / Oso ona;3;18;42;Muy buena / Oso ona;23;27;Buena / Ona;5;Muy buena / Oso ona;341;83;18,9;1,01;Buena / Ona
27/05/2017;0,3;0,43;Muy buena / Oso ona;4;29;57;Buena / Ona;35;29;Buena / Ona;5;Muy buena / Oso ona;16;76;20,7;0,6;Buena / Ona
26/05/2017;0,3;0,35;Muy buena / Oso ona;5;29;59;Buena / Ona;37;29;Buena / Ona;7;Muy buena / Oso ona;76;68;21,5;0,42;Buena / Ona
25/05/2017;0,29;0,33;Muy buena / Oso ona;7;39;65;Buena / Ona;49;32;Buena / Ona;7;Muy buena / Oso ona;115;56;26;0,61;Buena / Ona
24/05/2017;0,26;0,29;Muy buena / Oso ona;6;30;53;Buena / Ona;38;26;Buena / Ona;5;Muy buena / Oso ona;33;66;21,8;0,2;Buena / Ona
23/05/2017;0,22;0,28;Muy buena / Oso ona;3;16;49;Muy buena / Oso ona;20;21;Muy buena / Oso ona;7;Muy buena / Oso ona;320;68;17,6;0,99;Muy buena / Oso ona
22/05/2017;0,33;0,62;Muy buena / Oso ona;5;21;66;Buena / Ona;27;36;Buena / Ona;6;Muy buena / Oso ona;335;70;18,4;1,54;Buena / Ona
21/05/2017;0,24;0,29;Muy buena / Oso ona;5;24;37;Muy buena / Oso ona;31;14;Muy buena / Oso ona;15;Muy buena / Oso ona;118;51;22,6;1,51;Muy buena / Oso ona
20/05/2017;0,21;0,23;Muy buena / Oso ona;4;18;39;Muy buena / Oso ona;24;12;Muy buena / Oso ona;6;Muy buena / Oso ona;126;65;15,4;0,24;Muy buena / Oso ona
19/05/2017;0,19;0,2;Muy buena / Oso ona;4;19;48;Muy buena / Oso ona;26;13;Muy buena / Oso ona;6;Muy buena / Oso ona;306;64;13,9;0,98;Muy buena / Oso ona
18/05/2017;0,19;0,32;Muy buena / Oso ona;2;15;31;Muy buena / Oso ona;18;12;Muy buena / Oso ona;5;Muy buena / Oso ona;309;79;13,4;2;Muy buena / Oso ona
17/05/2017;0,31;0,37;Muy buena / Oso ona;8;37;64;Buena / Ona;50;25;Muy buena / Oso ona;6;Muy buena / Oso ona;348;80;17;0,75;Buena / Ona
16/05/2017;0,27;0,35;Muy buena / Oso ona;10;33;61;Buena / Ona;47;24;Muy buena / Oso ona;6;Muy buena / Oso ona;347;64;20,6;0,6;Buena / Ona
15/05/2017;;;Sin datos / Daturik gabe;;;;Sin datos / Daturik gabe;;;Sin datos / Daturik gabe;;Sin datos / Daturik gabe;331;57;21,8;1,09;Sin datos / Daturik gabe
14/05/2017;;;Sin datos / Daturik gabe;;;;Sin datos / Daturik gabe;;;Sin datos / Daturik gabe;;Sin datos / Daturik gabe;;;;;Sin datos / Daturik gabe
13/05/2017;;0,24;Muy buena / Oso ona;;;;Sin datos / Daturik gabe;;;Sin datos / Daturik gabe;;Sin datos / Daturik gabe;349;73;16,7;0,55;Muy buena / Oso ona
12/05/2017;0,18;0,19;Muy buena / Oso ona;1;15;29;Muy buena / Oso ona;16;10;Muy buena / Oso ona;3;Muy buena / Oso ona;232;59;18,4;1,53;Muy buena / Oso ona
11/05/2017;0,16;0,23;Muy buena / Oso ona;1;12;31;Muy buena / Oso ona;13;7;Muy buena / Oso ona;3;Muy buena / Oso ona;223;48;19,7;1,83;Muy buena / Oso ona
10/05/2017;0,29;0,46;Muy buena / Oso ona;9;34;70;Buena / Ona;48;31;Buena / Ona;6;Muy buena / Oso ona;310;69;18,1;0,3;Buena / Ona
09/05/2017;0,3;0,35;Muy buena / Oso ona;10;33;55;Buena / Ona;49;24;Muy buena / Oso ona;9;Muy buena / Oso ona;43;69;16,2;0,33;Buena / Ona
08/05/2017;0,26;0,31;Muy buena / Oso ona;12;29;52;Buena / Ona;48;19;Muy buena / Oso ona;12;Muy buena / Oso ona;311;63;15,6;0,29;Buena / Ona
07/05/2017;0,25;0,3;Muy buena / Oso ona;3;23;36;Muy buena / Oso ona;27;17;Muy buena / Oso ona;11;Muy buena / Oso ona;338;58;17;0,15;Muy buena / Oso ona
06/05/2017;0,23;0,39;Muy buena / Oso ona;1;16;35;Muy buena / Oso ona;17;13;Muy buena / Oso ona;5;Muy buena / Oso ona;312;56;16,6;0,45;Muy buena / Oso ona
05/05/2017;0,27;0,32;Muy buena / Oso ona;5;34;67;Buena / Ona;40;24;Muy buena / Oso ona;5;Muy buena / Oso ona;119;68;18,5;0,69;Buena / Ona
04/05/2017;0,32;0,56;Muy buena / Oso ona;12;30;67;Buena / Ona;48;25;Muy buena / Oso ona;5;Muy buena / Oso ona;34;69;17,1;0,61;Buena / Ona
03/05/2017;0,34;0,52;Muy buena / Oso ona;8;23;45;Muy buena / Oso ona;35;20;Muy buena / Oso ona;7;Muy buena / Oso ona;308;74;15,5;0,61;Muy buena / Oso ona
02/05/2017;0,24;0,31;Muy buena / Oso ona;8;28;60;Buena / Ona;40;17;Muy buena / Oso ona;7;Muy buena / Oso ona;328;77;14,2;0,36;Buena / Ona
01/05/2017;0,22;0,3;Muy buena / Oso ona;2;23;65;Buena / Ona;26;17;Muy buena / Oso ona;6;Muy buena / Oso ona;128;60;12,1;0,29;Buena / Ona
30/04/2017;0,18;0,2;Muy buena / Oso ona;;;;Sin datos / Daturik gabe;14;8;Muy buena / Oso ona;4;Muy buena / Oso ona;239;59;13,2;1,55;Muy buena / Oso ona
29/04/2017;0,22;0,28;Muy buena / Oso ona;4;23;45;Muy buena / Oso ona;28;12;Muy buena / Oso ona;6;Muy buena / Oso ona;160;52;15,8;2,47;Muy buena / Oso ona
28/04/2017;0,27;0,32;Muy buena / Oso ona;12;33;67;Buena / Ona;51;15;Muy buena / Oso ona;6;Muy buena / Oso ona;84;64;9,9;0,66;Buena / Ona
27/04/2017;0,22;0,27;Muy buena / Oso ona;7;25;59;Buena / Ona;36;10;Muy buena / Oso ona;4;Muy buena / Oso ona;300;67;8,3;0,42;Buena / Ona
26/04/2017;0,18;0,24;Muy buena / Oso ona;3;26;57;Buena / Ona;28;10;Muy buena / Oso ona;3;Muy buena / Oso ona;318;76;8,4;0,63;Buena / Ona
25/04/2017;0,3;0,4;Muy buena / Oso ona;7;36;68;Buena / Ona;42;20;Muy buena / Oso ona;5;Muy buena / Oso ona;313;83;12,8;0,83;Buena / Ona
24/04/2017;0,27;0,34;Muy buena / Oso ona;9;34;66;Buena / Ona;47;22;Muy buena / Oso ona;11;Muy buena / Oso ona;322;66;14,9;0,78;Buena / Ona
23/04/2017;0,29;0,34;Muy buena / Oso ona;4;34;60;Buena / Ona;38;27;Buena / Ona;20;Muy buena / Oso ona;319;58;15,8;0,51;Buena / Ona
22/04/2017;0,24;0,38;Muy buena / Oso ona;2;26;51;Buena / Ona;28;21;Muy buena / Oso ona;16;Muy buena / Oso ona;172;40;18,5;0,18;Buena / Ona
21/04/2017;0,3;0,37;Muy buena / Oso ona;8;38;64;Buena / Ona;50;21;Muy buena / Oso ona;9;Muy buena / Oso ona;113;45;15,7;0,94;Buena / Ona
20/04/2017;0,33;0,45;Muy buena / Oso ona;6;24;70;Buena / Ona;31;14;Muy buena / Oso ona;5;Muy buena / Oso ona;60;44;12,9;0,98;Buena / Ona
19/04/2017;0,28;0,43;Muy buena / Oso ona;3;23;75;Buena / Ona;25;15;Muy buena / Oso ona;3;Muy buena / Oso ona;39;48;13;0,91;Buena / Ona
18/04/2017;0,24;0,27;Muy buena / Oso ona;6;27;50;Muy buena / Oso ona;35;18;Muy buena / Oso ona;4;Muy buena / Oso ona;18;68;13,7;0,44;Muy buena / Oso ona
17/04/2017;0,21;0,24;Muy buena / Oso ona;3;16;31;Muy buena / Oso ona;20;16;Muy buena / Oso ona;5;Muy buena / Oso ona;50;68;14,8;0,25;Muy buena / Oso ona
16/04/2017;0,22;0,23;Muy buena / Oso ona;2;14;29;Muy buena / Oso ona;17;10;Muy buena / Oso ona;5;Muy buena / Oso ona;77;68;14,4;0,55;Muy buena / Oso ona
15/04/2017;0,22;0,27;Muy buena / Oso ona;2;18;45;Muy buena / Oso ona;20;17;Muy buena / Oso ona;7;Muy buena / Oso ona;334;72;14,5;0,82;Muy buena / Oso ona
14/04/2017;0,21;0,24;Muy buena / Oso ona;1;17;35;Muy buena / Oso ona;18;18;Muy buena / Oso ona;11;Muy buena / Oso ona;294;74;13,9;0,21;Muy buena / Oso ona
13/04/2017;0,24;0,29;Muy buena / Oso ona;3;20;42;Muy buena / Oso ona;24;18;Muy buena / Oso ona;7;Muy buena / Oso ona;304;72;13,9;0,34;Muy buena / Oso ona
12/04/2017;0,28;0,4;Muy buena / Oso ona;9;28;52;Buena / Ona;41;24;Muy buena / Oso ona;9;Muy buena / Oso ona;308;73;14,2;0,68;Buena / Ona
11/04/2017;0,23;0,3;Muy buena / Oso ona;2;18;47;Muy buena / Oso ona;20;26;Buena / Ona;5;Muy buena / Oso ona;304;70;14,6;1,26;Buena / Ona
10/04/2017;0,27;0,31;Muy buena / Oso ona;2;18;42;Muy buena / Oso ona;21;33;Buena / Ona;12;Muy buena / Oso ona;321;80;13,7;1,01;Buena / Ona
09/04/2017;0,33;0,46;Muy buena / Oso ona;4;27;64;Buena / Ona;32;35;Buena / Ona;12;Muy buena / Oso ona;350;70;15,7;0,82;Buena / Ona
08/04/2017;0,31;0,37;Muy buena / Oso ona;4;42;91;Buena / Ona;47;38;Buena / Ona;14;Muy buena / Oso ona;103;57;17,8;0,66;Buena / Ona
07/04/2017;0,24;0,27;Muy buena / Oso ona;7;32;58;Buena / Ona;42;27;Buena / Ona;6;Muy buena / Oso ona;270;72;13,5;0,14;Buena / Ona
06/04/2017;0,21;0,23;Muy buena / Oso ona;2;19;52;Buena / Ona;23;27;Buena / Ona;3;Muy buena / Oso ona;316;78;13,5;1,51;Buena / Ona
05/04/2017;0,2;0,23;Muy buena / Oso ona;2;14;28;Muy buena / Oso ona;16;20;Muy buena / Oso ona;3;Muy buena / Oso ona;320;82;12,3;1,88;Muy buena / Oso ona
04/04/2017;0,17;0,2;Muy buena / Oso ona;2;19;42;Muy buena / Oso ona;22;16;Muy buena / Oso ona;6;Muy buena / Oso ona;320;77;12,9;1,44;Muy buena / Oso ona
03/04/2017;0,2;0,22;Muy buena / Oso ona;6;22;40;Muy buena / Oso ona;30;15;Muy buena / Oso ona;7;Muy buena / Oso ona;234;72;12,6;0,24;Muy buena / Oso ona
02/04/2017;0,19;0,2;Muy buena / Oso ona;1;12;39;Muy buena / Oso ona;13;16;Muy buena / Oso ona;5;Muy buena / Oso ona;307;74;11,5;1,56;Muy buena / Oso ona
01/04/2017;0,2;0,24;Muy buena / Oso ona;1;13;31;Muy buena / Oso ona;14;11;Muy buena / Oso ona;5;Muy buena / Oso ona;302;69;12,7;2,5;Muy buena / Oso ona
31/03/2017;0,33;0,6;Muy buena / Oso ona;12;33;94;Buena / Ona;51;29;Buena / Ona;6;Muy buena / Oso ona;300;69;15,7;0,48;Buena / Ona
30/03/2017;0,22;0,27;Muy buena / Oso ona;5;33;69;Buena / Ona;39;15;Muy buena / Oso ona;7;Muy buena / Oso ona;155;44;21,1;1,54;Buena / Ona
29/03/2017;0,32;0,44;Muy buena / Oso ona;10;52;80;Buena / Ona;66;25;Muy buena / Oso ona;15;Muy buena / Oso ona;106;50;18,3;1,01;Buena / Ona
28/03/2017;0,34;0,61;Muy buena / Oso ona;4;34;87;Buena / Ona;40;20;Muy buena / Oso ona;12;Muy buena / Oso ona;42;54;16,4;0,41;Buena / Ona
27/03/2017;0,28;0,46;Muy buena / Oso ona;2;24;73;Buena / Ona;28;12;Muy buena / Oso ona;5;Muy buena / Oso ona;161;50;16,4;0,95;Buena / Ona
26/03/2017;0,18;0,23;Muy buena / Oso ona;2;14;38;Muy buena / Oso ona;16;7;Muy buena / Oso ona;4;Muy buena / Oso ona;136;58;13,7;1,54;Muy buena / Oso ona
25/03/2017;0,21;0,3;Muy buena / Oso ona;2;23;39;Muy buena / Oso ona;26;6;Muy buena / Oso ona;5;Muy buena / Oso ona;112;87;8,3;0,23;Muy buena / Oso ona
24/03/2017;0,29;0,33;Muy buena / Oso ona;11;32;61;Buena / Ona;48;13;Muy buena / Oso ona;9;Muy buena / Oso ona;123;58;9,9;0,6;Buena / Ona
23/03/2017;0,25;0,32;Muy buena / Oso ona;4;25;78;Buena / Ona;31;7;Muy buena / Oso ona;4;Muy buena / Oso ona;177;53;9,2;0,88;Buena / Ona
22/03/2017;0,25;0,32;Muy buena / Oso ona;2;24;45;Muy buena / Oso ona;27;10;Muy buena / Oso ona;5;Muy buena / Oso ona;252;76;8,4;0,19;Muy buena / Oso ona
21/03/2017;0,24;0,3;Muy buena / Oso ona;6;33;76;Buena / Ona;41;15;Muy buena / Oso ona;7;Muy buena / Oso ona;309;81;10,5;0,16;Buena / Ona
20/03/2017;0,25;0,27;Muy buena / Oso ona;2;23;40;Muy buena / Oso ona;26;23;Muy buena / Oso ona;6;Muy buena / Oso ona;14;72;11,7;0,37;Muy buena / Oso ona
19/03/2017;0,24;0,28;Muy buena / Oso ona;4;18;35;Muy buena / Oso ona;24;17;Muy buena / Oso ona;8;Muy buena / Oso ona;3;74;11;0,62;Muy buena / Oso ona
18/03/2017;0,28;0,39;Muy buena / Oso ona;2;18;41;Muy buena / Oso ona;20;17;Muy buena / Oso ona;5;Muy buena / Oso ona;11;69;12,7;0,29;Muy buena / Oso ona
17/03/2017;0,25;0,3;Muy buena / Oso ona;5;21;56;Buena / Ona;29;25;Muy buena / Oso ona;7;Muy buena / Oso ona;322;78;12,5;0,65;Buena / Ona
16/03/2017;0,32;0,51;Muy buena / Oso ona;10;41;97;Buena / Ona;56;28;Buena / Ona;9;Muy buena / Oso ona;147;55;17,6;0,94;Buena / Ona
15/03/2017;0,33;0,43;Muy buena / Oso ona;14;38;65;Buena / Ona;58;33;Buena / Ona;9;Muy buena / Oso ona;340;77;13,5;0,52;Buena / Ona
14/03/2017;0,25;0,27;Muy buena / Oso ona;2;20;48;Muy buena / Oso ona;23;28;Buena / Ona;3;Muy buena / Oso ona;321;83;12,9;1,32;Buena / Ona
13/03/2017;0,18;0,21;Muy buena / Oso ona;2;15;22;Muy buena / Oso ona;16;27;Buena / Ona;4;Muy buena / Oso ona;323;85;10,6;2,37;Buena / Ona
12/03/2017;0,17;0,18;Muy buena / Oso ona;1;8;13;Muy buena / Oso ona;9;15;Muy buena / Oso ona;7;Muy buena / Oso ona;310;74;11,8;3,12;Muy buena / Oso ona
11/03/2017;0,33;0,46;Muy buena / Oso ona;13;34;64;Buena / Ona;53;38;Buena / Ona;13;Muy buena / Oso ona;324;65;15,6;1,16;Buena / Ona
10/03/2017;0,4;0,45;Muy buena / Oso ona;36;54;84;Buena / Ona;108;44;Buena / Ona;13;Muy buena / Oso ona;109;68;16,2;0,46;Buena / Ona
09/03/2017;0,24;0,3;Muy buena / Oso ona;8;33;59;Buena / Ona;45;28;Buena / Ona;9;Muy buena / Oso ona;5;76;14,3;0,25;Buena / Ona
08/03/2017;0,22;0,31;Muy buena / Oso ona;13;22;68;Buena / Ona;42;25;Muy buena / Oso ona;6;Muy buena / Oso ona;344;75;14,6;0,64;Buena / Ona
07/03/2017;0,25;0,33;Muy buena / Oso ona;11;30;66;Buena / Ona;45;31;Buena / Ona;6;Muy buena / Oso ona;311;77;12,8;0,42;Buena / Ona
06/03/2017;0,19;0,28;Muy buena / Oso ona;3;20;60;Buena / Ona;23;32;Buena / Ona;8;Muy buena / Oso ona;295;67;14,4;1,97;Buena / Ona
05/03/2017;0,23;0,3;Muy buena / Oso ona;2;17;55;Buena / Ona;19;25;Muy buena / Oso ona;5;Muy buena / Oso ona;222;69;13,3;0,38;Buena / Ona
04/03/2017;0,22;0,28;Muy buena / Oso ona;3;22;69;Buena / Ona;25;13;Muy buena / Oso ona;9;Muy buena / Oso ona;273;59;9,8;0,78;Buena / Ona
03/03/2017;0,25;0,35;Muy buena / Oso ona;3;22;52;Buena / Ona;26;10;Muy buena / Oso ona;5;Muy buena / Oso ona;159;61;13,7;0,17;Buena / Ona
02/03/2017;0,3;0,38;Muy buena / Oso ona;29;44;97;Buena / Ona;88;25;Muy buena / Oso ona;9;Muy buena / Oso ona;143;63;14,8;0,82;Buena / Ona
01/03/2017;0,21;0,26;Muy buena / Oso ona;5;30;66;Buena / Ona;38;12;Muy buena / Oso ona;6;Muy buena / Oso ona;167;63;12,4;1,35;Buena / Ona
28/02/2017;0,24;0,33;Muy buena / Oso ona;2;24;64;Buena / Ona;27;17;Muy buena / Oso ona;5;Muy buena / Oso ona;265;72;10,7;1,27;Buena / Ona
27/02/2017;0,25;0,48;Muy buena / Oso ona;3;23;51;Buena / Ona;27;18;Muy buena / Oso ona;5;Muy buena / Oso ona;233;63;14;0,99;Buena / Ona
26/02/2017;0,36;0,6;Muy buena / Oso ona;9;31;63;Buena / Ona;44;30;Buena / Ona;10;Muy buena / Oso ona;151;72;12,4;0,29;Buena / Ona
25/02/2017;0,35;0,53;Muy buena / Oso ona;17;42;83;Buena / Ona;67;40;Buena / Ona;12;Muy buena / Oso ona;110;67;10,7;0,79;Buena / Ona
24/02/2017;0,25;0,36;Muy buena / Oso ona;5;28;75;Buena / Ona;35;19;Muy buena / Oso ona;4;Muy buena / Oso ona;330;80;10;0,57;Buena / Ona
23/02/2017;0,36;0,52;Muy buena / Oso ona;6;34;50;Muy buena / Oso ona;42;47;Buena / Ona;9;Muy buena / Oso ona;334;79;11,5;0,73;Buena / Ona
22/02/2017;0,32;0,4;Muy buena / Oso ona;21;36;55;Buena / Ona;68;40;Buena / Ona;9;Muy buena / Oso ona;349;81;11;0,34;Buena / Ona
21/02/2017;0,35;0,48;Muy buena / Oso ona;21;38;56;Buena / Ona;69;25;Muy buena / Oso ona;8;Muy buena / Oso ona;78;75;11,3;0,41;Buena / Ona
20/02/2017;0,3;0,42;Muy buena / Oso ona;10;36;75;Buena / Ona;51;23;Muy buena / Oso ona;5;Muy buena / Oso ona;313;71;12;0,22;Buena / Ona
19/02/2017;0,25;0,35;Muy buena / Oso ona;2;20;56;Buena / Ona;23;14;Muy buena / Oso ona;5;Muy buena / Oso ona;311;81;11,9;1,01;Buena / Ona
18/02/2017;0,33;0,38;Muy buena / Oso ona;8;30;63;Buena / Ona;42;27;Buena / Ona;9;Muy buena / Oso ona;324;77;11,2;0,28;Buena / Ona
17/02/2017;0,33;0,36;Muy buena / Oso ona;22;47;88;Buena / Ona;80;35;Buena / Ona;12;Muy buena / Oso ona;116;69;12,7;1,24;Buena / Ona
16/02/2017;0,26;0,3;Muy buena / Oso ona;8;35;81;Buena / Ona;46;20;Muy buena / Oso ona;6;Muy buena / Oso ona;152;58;15,1;0,93;Buena / Ona
15/02/2017;0,26;0,3;Muy buena / Oso ona;6;33;72;Buena / Ona;42;12;Muy buena / Oso ona;5;Muy buena / Oso ona;135;50;16;1,2;Buena / Ona
14/02/2017;0,26;0,31;Muy buena / Oso ona;8;34;72;Buena / Ona;46;14;Muy buena / Oso ona;6;Muy buena / Oso ona;125;52;14,5;1;Buena / Ona
13/02/2017;0,23;0,27;Muy buena / Oso ona;4;24;61;Buena / Ona;30;23;Muy buena / Oso ona;3;Muy buena / Oso ona;122;61;14,4;2,38;Buena / Ona
12/02/2017;0,26;0,34;Muy buena / Oso ona;2;14;34;Muy buena / Oso ona;17;19;Muy buena / Oso ona;3;Muy buena / Oso ona;113;69;12,2;2,58;Muy buena / Oso ona
11/02/2017;0,31;0,36;Muy buena / Oso ona;14;31;53;Buena / Ona;52;27;Buena / Ona;7;Muy buena / Oso ona;84;80;8,4;0,47;Buena / Ona
10/02/2017;0,27;0,34;Muy buena / Oso ona;11;39;74;Buena / Ona;54;16;Muy buena / Oso ona;8;Muy buena / Oso ona;138;48;11,6;1,07;Buena / Ona
09/02/2017;0,26;0,28;Muy buena / Oso ona;12;36;69;Buena / Ona;53;15;Muy buena / Oso ona;6;Muy buena / Oso ona;120;68;9,3;1,38;Buena / Ona
08/02/2017;0,2;0,26;Muy buena / Oso ona;3;24;63;Buena / Ona;28;14;Muy buena / Oso ona;3;Muy buena / Oso ona;306;75;8,7;2,09;Buena / Ona
07/02/2017;0,23;0,46;Muy buena / Oso ona;5;28;65;Buena / Ona;36;17;Muy buena / Oso ona;5;Muy buena / Oso ona;307;80;11,1;1,36;Buena / Ona
06/02/2017;0,31;0,49;Muy buena / Oso ona;25;39;68;Buena / Ona;77;17;Muy buena / Oso ona;7;Muy buena / Oso ona;132;83;10,8;0,87;Buena / Ona
05/02/2017;0,21;0,31;Muy buena / Oso ona;1;10;15;Muy buena / Oso ona;11;;Sin datos / Daturik gabe;4;Muy buena / Oso ona;293;68;9,9;3,14;Muy buena / Oso ona
04/02/2017;0,25;0,35;Muy buena / Oso ona;4;27;51;Buena / Ona;33;;Sin datos / Daturik gabe;4;Muy buena / Oso ona;269;78;12,3;0,42;Buena / Ona
03/02/2017;0,2;0,27;Muy buena / Oso ona;2;12;43;Muy buena / Oso ona;15;9;Muy buena / Oso ona;3;Muy buena / Oso ona;230;45;15,5;2,67;Muy buena / Oso ona
02/02/2017;0,2;0,28;Muy buena / Oso ona;2;11;41;Muy buena / Oso ona;13;8;Muy buena / Oso ona;3;Muy buena / Oso ona;218;49;15,5;2,79;Muy buena / Oso ona
01/02/2017;0,24;0,37;Muy buena / Oso ona;6;24;66;Buena / Ona;32;11;Muy buena / Oso ona;4;Muy buena / Oso ona;189;50;16,6;1,68;Buena / Ona
31/01/2017;0,24;0,37;Muy buena / Oso ona;4;24;57;Buena / Ona;30;10;Muy buena / Oso ona;4;Muy buena / Oso ona;167;48;16,8;2,02;Buena / Ona
30/01/2017;0,24;0,31;Muy buena / Oso ona;4;25;43;Muy buena / Oso ona;31;6;Muy buena / Oso ona;5;Muy buena / Oso ona;148;61;16,5;1,74;Muy buena / Oso ona
29/01/2017;0,22;0,36;Muy buena / Oso ona;1;14;26;Muy buena / Oso ona;16;5;Muy buena / Oso ona;4;Muy buena / Oso ona;153;59;13,8;1,45;Muy buena / Oso ona
28/01/2017;0,28;0,36;Muy buena / Oso ona;6;34;79;Buena / Ona;43;14;Muy buena / Oso ona;6;Muy buena / Oso ona;166;66;9,9;0,7;Buena / Ona
27/01/2017;0,28;0,3;Muy buena / Oso ona;3;26;49;Muy buena / Oso ona;30;12;Muy buena / Oso ona;4;Muy buena / Oso ona;157;57;11,4;1,77;Muy buena / Oso ona
26/01/2017;0,26;0,36;Muy buena / Oso ona;4;30;53;Buena / Ona;35;17;Muy buena / Oso ona;6;Muy buena / Oso ona;136;56;7,7;2,63;Buena / Ona
25/01/2017;0,38;0,43;Muy buena / Oso ona;24;47;78;Buena / Ona;84;21;Muy buena / Oso ona;7;Muy buena / Oso ona;141;73;4,3;0,9;Buena / Ona
24/01/2017;0,44;0,57;Muy buena / Oso ona;35;45;79;Buena / Ona;98;29;Buena / Ona;7;Muy buena / Oso ona;141;76;7;0,22;Buena / Ona
23/01/2017;0,38;0,45;Muy buena / Oso ona;34;47;55;Buena / Ona;99;25;Muy buena / Oso ona;6;Muy buena / Oso ona;324;74;9,2;0,88;Buena / Ona
22/01/2017;0,44;0,6;Muy buena / Oso ona;25;42;53;Buena / Ona;79;27;Buena / Ona;10;Muy buena / Oso ona;305;81;8;0,53;Buena / Ona
21/01/2017;0,48;0,54;Muy buena / Oso ona;49;44;56;Buena / Ona;118;38;Buena / Ona;19;Muy buena / Oso ona;129;77;6;0,67;Buena / Ona
20/01/2017;0,45;0,5;Muy buena / Oso ona;59;42;62;Buena / Ona;132;34;Buena / Ona;8;Muy buena / Oso ona;132;76;4,7;0,54;Buena / Ona
19/01/2017;0,36;0,48;Muy buena / Oso ona;45;41;51;Buena / Ona;109;29;Buena / Ona;4;Muy buena / Oso ona;89;74;3,7;0,7;Buena / Ona
18/01/2017;0,44;0,81;Muy buena / Oso ona;22;36;40;Muy buena / Oso ona;69;23;Muy buena / Oso ona;3;Muy buena / Oso ona;24;68;3,4;0,54;Muy buena / Oso ona
17/01/2017;0,19;0,22;Muy buena / Oso ona;3;24;41;Muy buena / Oso ona;28;6;Muy buena / Oso ona;2;Muy buena / Oso ona;7;61;6,3;1,2;Muy buena / Oso ona
16/01/2017;0,18;0,22;Muy buena / Oso ona;2;13;21;Muy buena / Oso ona;17;;Sin datos / Daturik gabe;1;Muy buena / Oso ona;315;90;10,5;2,69;Muy buena / Oso ona
15/01/2017;0,2;0,26;Muy buena / Oso ona;2;11;19;Muy buena / Oso ona;13;15;Muy buena / Oso ona;3;Muy buena / Oso ona;311;80;9,8;2,76;Muy buena / Oso ona
14/01/2017;0,26;0,28;Muy buena / Oso ona;3;22;41;Muy buena / Oso ona;27;11;Muy buena / Oso ona;5;Muy buena / Oso ona;300;79;7,6;1,3;Muy buena / Oso ona
13/01/2017;0,19;0,22;Muy buena / Oso ona;3;18;32;Muy buena / Oso ona;22;21;Muy buena / Oso ona;4;Muy buena / Oso ona;307;72;8,4;2,75;Muy buena / Oso ona
12/01/2017;0,25;0,34;Muy buena / Oso ona;21;29;49;Muy buena / Oso ona;62;18;Muy buena / Oso ona;6;Muy buena / Oso ona;301;85;11,7;0,38;Muy buena / Oso ona
11/01/2017;0,22;0,27;Muy buena / Oso ona;3;16;26;Muy buena / Oso ona;20;15;Muy buena / Oso ona;2;Muy buena / Oso ona;312;95;12;1,95;Muy buena / Oso ona
10/01/2017;0,22;0,35;Muy buena / Oso ona;6;23;43;Muy buena / Oso ona;33;16;Muy buena / Oso ona;4;Muy buena / Oso ona;309;94;9,4;1,96;Muy buena / Oso ona
09/01/2017;0,46;0,59;Muy buena / Oso ona;42;51;69;Buena / Ona;115;25;Muy buena / Oso ona;10;Muy buena / Oso ona;136;72;9,1;0,76;Buena / Ona
08/01/2017;0,48;0,59;Muy buena / Oso ona;21;47;64;Buena / Ona;78;29;Buena / Ona;13;Muy buena / Oso ona;110;63;6;0,55;Buena / Ona
07/01/2017;0,42;0,5;Muy buena / Oso ona;33;49;75;Buena / Ona;98;30;Buena / Ona;12;Muy buena / Oso ona;136;69;4,6;0,86;Buena / Ona
06/01/2017;0,39;0,47;Muy buena / Oso ona;22;38;62;Buena / Ona;71;22;Muy buena / Oso ona;8;Muy buena / Oso ona;140;75;4,1;0,76;Buena / Ona
05/01/2017;0,41;0,47;Muy buena / Oso ona;35;47;90;Buena / Ona;100;27;Buena / Ona;9;Muy buena / Oso ona;121;75;5,4;0,96;Buena / Ona
04/01/2017;0,43;0,58;Muy buena / Oso ona;61;44;72;Buena / Ona;136;42;Buena / Ona;13;Muy buena / Oso ona;125;83;5,5;0,29;Buena / Ona
03/01/2017;0,48;0,59;Muy buena / Oso ona;59;46;71;Buena / Ona;136;43;Buena / Ona;11;Muy buena / Oso ona;147;77;6,5;0,5;Buena / Ona
02/01/2017;0,33;0,53;Muy buena / Oso ona;15;32;56;Buena / Ona;53;14;Muy buena / Oso ona;7;Muy buena / Oso ona;110;60;7,9;1,67;Buena / Ona
01/01/2017;0,27;0,34;Muy buena / Oso ona;10;28;43;Muy buena / Oso ona;43;22;Muy buena / Oso ona;8;Muy buena / Oso ona;124;65;5,8;1,59;Muy buena / Oso ona
