Date;Benceno (µg/m3);CO (mg/m3);CO 8h max (mg/m3);CO 8h max - ICA;Etilbenceno (µg/m3);NO (µg/m3);NO2 (µg/m3);NO2 max (µg/m3);NO2 - ICA;NOX (µg/m3);PM10 (µg/m3);PM10 - ICA;PM2,5 (µg/m3);PM2,5 - ICA;SO2 (µg/m3);SO2 - ICA;Tolueno (µg/m3);D.vien (grados);H (%);P (mBar);Precipitación (l/m2);R (w/m2);Tº (ºC);V.vien (m/s);ICA Estación
28/10/2017;0,35;0,18;0,2;Muy buena / Oso ona;1,3;4;20;40;Muy buena / Oso ona;27;15;Muy buena / Oso ona;7;Muy buena / Oso ona;2;Muy buena / Oso ona;4,92;27;80;1007,2;0;30,5;14,8;0,4;Muy buena / Oso ona
27/10/2017;0,9;0,25;0,34;Muy buena / Oso ona;3,17;29;28;49;Muy buena / Oso ona;73;30;Buena / Ona;18;Buena / Ona;2;Muy buena / Oso ona;10,32;8;80;1009,1;0;36,8;14,7;0,29;Buena / Ona
26/10/2017;0,75;0,28;;Sin datos / Daturik gabe;1,4;38;37;73;Buena / Ona;95;35;Buena / Ona;14;Muy buena / Oso ona;2;Muy buena / Oso ona;8,08;34;73;1003,6;0;91,4;16,4;0,58;Buena / Ona
25/10/2017;0,73;0,26;0,34;Muy buena / Oso ona;1,21;43;34;55;Buena / Ona;99;30;Buena / Ona;14;Muy buena / Oso ona;4;Muy buena / Oso ona;5,72;7;69;999,9;0;128,6;16,2;0,17;Buena / Ona
24/10/2017;0,47;0,22;0,29;Muy buena / Oso ona;1,23;29;31;54;Buena / Ona;75;23;Muy buena / Oso ona;12;Muy buena / Oso ona;2;Muy buena / Oso ona;8,47;360;68;1001,2;0;123,8;14,3;0,12;Buena / Ona
23/10/2017;0,26;0,18;0,2;Muy buena / Oso ona;0,52;15;27;39;Muy buena / Oso ona;50;21;Muy buena / Oso ona;10;Muy buena / Oso ona;2;Muy buena / Oso ona;2,99;353;77;1004,3;0;121,5;13,5;0,1;Muy buena / Oso ona
22/10/2017;0,15;0,15;0,17;Muy buena / Oso ona;0,13;2;15;30;Muy buena / Oso ona;18;9;Muy buena / Oso ona;2;Muy buena / Oso ona;1;Muy buena / Oso ona;0,92;239;80;1006;0;55,3;13,4;0,27;Muy buena / Oso ona
21/10/2017;0,17;0,17;;Sin datos / Daturik gabe;0,17;2;17;40;Muy buena / Oso ona;20;13;Muy buena / Oso ona;4;Muy buena / Oso ona;1;Muy buena / Oso ona;1,16;238;70;1001,4;0;44,4;16,7;0,24;Muy buena / Oso ona
20/10/2017;0,4;0,2;0,28;Muy buena / Oso ona;1,22;21;25;48;Muy buena / Oso ona;58;19;Muy buena / Oso ona;10;Muy buena / Oso ona;2;Muy buena / Oso ona;6,42;228;63;994,1;0;122,3;18,3;0,64;Muy buena / Oso ona
19/10/2017;0,29;0,19;0,22;Muy buena / Oso ona;0,5;9;26;43;Muy buena / Oso ona;40;11;Muy buena / Oso ona;7;Muy buena / Oso ona;2;Muy buena / Oso ona;2,72;216;73;989,2;0;131,2;16;0,27;Muy buena / Oso ona
18/10/2017;0,22;0,2;0,24;Muy buena / Oso ona;0,21;6;25;43;Muy buena / Oso ona;31;14;Muy buena / Oso ona;6;Muy buena / Oso ona;1;Muy buena / Oso ona;2;276;80;988,1;0,1;34,3;17;0,13;Muy buena / Oso ona
17/10/2017;0,2;0,16;0,2;Muy buena / Oso ona;0,95;2;19;25;Muy buena / Oso ona;21;25;Muy buena / Oso ona;12;Muy buena / Oso ona;1;Muy buena / Oso ona;1,59;231;52;994,5;0;104;21,4;1,52;Muy buena / Oso ona
16/10/2017;0,17;0,18;0,21;Muy buena / Oso ona;;3;18;39;Muy buena / Oso ona;20;27;Buena / Ona;11;Muy buena / Oso ona;1;Muy buena / Oso ona;1,86;256;60;999,7;0;123,1;21,8;0,58;Buena / Ona
15/10/2017;0,17;0,15;0,21;Muy buena / Oso ona;;1;13;39;Muy buena / Oso ona;13;24;Muy buena / Oso ona;11;Muy buena / Oso ona;1;Muy buena / Oso ona;2;231;54;1000,2;0;138,8;23,8;1,8;Muy buena / Oso ona
14/10/2017;0,2;0,21;0,23;Muy buena / Oso ona;0,16;3;22;65;Buena / Ona;28;32;Buena / Ona;16;Muy buena / Oso ona;1;Muy buena / Oso ona;1,58;244;62;1000,5;0;145,7;22,4;0,59;Buena / Ona
13/10/2017;0,37;0,24;0,29;Muy buena / Oso ona;0,4;17;20;37;Muy buena / Oso ona;46;39;Buena / Ona;19;Buena / Ona;2;Muy buena / Oso ona;2,98;41;71;1001,3;0;143,8;19,2;0,7;Buena / Ona
12/10/2017;0,29;0,18;0,21;Muy buena / Oso ona;1,28;4;20;32;Muy buena / Oso ona;26;28;Buena / Ona;14;Muy buena / Oso ona;1;Muy buena / Oso ona;2,52;34;70;1001,9;0;147;18,3;0,1;Buena / Ona
11/10/2017;0,39;0,21;;Sin datos / Daturik gabe;1,02;21;24;44;Muy buena / Oso ona;55;31;Buena / Ona;14;Muy buena / Oso ona;2;Muy buena / Oso ona;3,45;37;68;998,7;0;150,4;17,1;0,26;Buena / Ona
10/10/2017;0,32;0,22;0,3;Muy buena / Oso ona;0,45;10;23;41;Muy buena / Oso ona;38;18;Muy buena / Oso ona;9;Muy buena / Oso ona;1;Muy buena / Oso ona;3,02;182;74;998,2;0;135,7;16;0,06;Muy buena / Oso ona
09/10/2017;0,26;0,23;0,26;Muy buena / Oso ona;0,46;14;21;37;Muy buena / Oso ona;43;22;Muy buena / Oso ona;11;Muy buena / Oso ona;1;Muy buena / Oso ona;3,21;43;74;999,6;0;150,8;14,5;0,33;Muy buena / Oso ona
08/10/2017;0,26;0,25;0,31;Muy buena / Oso ona;0,15;9;18;36;Muy buena / Oso ona;32;27;Buena / Ona;16;Muy buena / Oso ona;2;Muy buena / Oso ona;1,33;50;72;1000,2;0;170,5;13,8;0,39;Buena / Ona
07/10/2017;0,19;;;Sin datos / Daturik gabe;0,48;8;17;26;Muy buena / Oso ona;30;22;Muy buena / Oso ona;11;Muy buena / Oso ona;1;Muy buena / Oso ona;1,43;40;74;1001,7;0;168,6;13,8;0,33;Muy buena / Oso ona
06/10/2017;0,15;0,15;0,2;Muy buena / Oso ona;0,24;4;17;43;Muy buena / Oso ona;23;11;Muy buena / Oso ona;4;Muy buena / Oso ona;1;Muy buena / Oso ona;2,55;23;78;1003;0;94,1;16,5;0,51;Muy buena / Oso ona
05/10/2017;0,23;0,23;0,27;Muy buena / Oso ona;0,39;11;17;27;Muy buena / Oso ona;34;22;Muy buena / Oso ona;9;Muy buena / Oso ona;1;Muy buena / Oso ona;3,44;15;79;1001,6;0;59,7;18,9;0,17;Muy buena / Oso ona
04/10/2017;0,22;0,21;0,25;Muy buena / Oso ona;0,37;13;17;32;Muy buena / Oso ona;37;19;Muy buena / Oso ona;9;Muy buena / Oso ona;1;Muy buena / Oso ona;5,1;36;79;1000,3;0;137,1;20,5;0,47;Muy buena / Oso ona
03/10/2017;0,2;0,18;0,2;Muy buena / Oso ona;0,35;11;13;19;Muy buena / Oso ona;30;13;Muy buena / Oso ona;5;Muy buena / Oso ona;1;Muy buena / Oso ona;3,56;23;79;1001;0;102;19,9;0,28;Muy buena / Oso ona
02/10/2017;0,31;0,22;0,25;Muy buena / Oso ona;0,44;12;20;32;Muy buena / Oso ona;38;10;Muy buena / Oso ona;7;Muy buena / Oso ona;1;Muy buena / Oso ona;5,11;22;86;1002,4;0;46,3;19,7;0,3;Muy buena / Oso ona
01/10/2017;0,32;0,22;0,25;Muy buena / Oso ona;0,23;11;19;28;Muy buena / Oso ona;37;14;Muy buena / Oso ona;9;Muy buena / Oso ona;1;Muy buena / Oso ona;1,64;252;88;1001,4;0;26,2;16,4;0,15;Muy buena / Oso ona
30/09/2017;0,17;0,18;0,19;Muy buena / Oso ona;0,27;3;17;34;Muy buena / Oso ona;22;13;Muy buena / Oso ona;7;Muy buena / Oso ona;1;Muy buena / Oso ona;1,86;26;81;999,8;0;25,9;16,7;0,19;Muy buena / Oso ona
29/09/2017;0,4;0,23;0,28;Muy buena / Oso ona;2,15;16;22;42;Muy buena / Oso ona;47;32;Buena / Ona;17;Buena / Ona;1;Muy buena / Oso ona;7,79;40;69;998,6;0;171;20,2;0,78;Buena / Ona
28/09/2017;0,34;0,22;0,24;Muy buena / Oso ona;1,21;12;24;52;Buena / Ona;43;29;Buena / Ona;14;Muy buena / Oso ona;1;Muy buena / Oso ona;4,94;233;67;998,6;0;180,8;20,7;0,23;Buena / Ona
27/09/2017;0,4;0,21;0,26;Muy buena / Oso ona;0,72;10;22;34;Muy buena / Oso ona;37;29;Buena / Ona;14;Muy buena / Oso ona;1;Muy buena / Oso ona;2,98;235;69;997;0;191,2;19,2;0,25;Buena / Ona
26/09/2017;0,24;0,18;0,21;Muy buena / Oso ona;0,79;4;18;35;Muy buena / Oso ona;25;14;Muy buena / Oso ona;7;Muy buena / Oso ona;1;Muy buena / Oso ona;4,26;32;74;998,9;0;177,1;18,2;0,51;Muy buena / Oso ona
25/09/2017;0,39;0,19;0,24;Muy buena / Oso ona;0,66;4;19;37;Muy buena / Oso ona;26;15;Muy buena / Oso ona;8;Muy buena / Oso ona;1;Muy buena / Oso ona;3,65;3;80;999,6;0;61,6;18,2;0,16;Muy buena / Oso ona
24/09/2017;0,28;0,23;0,29;Muy buena / Oso ona;0,27;5;16;32;Muy buena / Oso ona;24;23;Muy buena / Oso ona;16;Muy buena / Oso ona;1;Muy buena / Oso ona;1,71;25;67;996;0;183,7;21,2;0,22;Muy buena / Oso ona
23/09/2017;0,22;0,2;0,21;Muy buena / Oso ona;0,28;4;19;37;Muy buena / Oso ona;24;19;Muy buena / Oso ona;12;Muy buena / Oso ona;1;Muy buena / Oso ona;1,91;221;67;996,3;0;191;20,6;0,33;Muy buena / Oso ona
22/09/2017;0,26;0,2;0,23;Muy buena / Oso ona;0,45;7;19;30;Muy buena / Oso ona;31;18;Muy buena / Oso ona;8;Muy buena / Oso ona;1;Muy buena / Oso ona;3,23;40;77;998,8;0;134;17,6;0,91;Muy buena / Oso ona
21/09/2017;0,37;0,23;0,27;Muy buena / Oso ona;0,68;16;19;38;Muy buena / Oso ona;44;21;Muy buena / Oso ona;12;Muy buena / Oso ona;1;Muy buena / Oso ona;4,66;42;70;995,7;0;174,1;16,3;0,66;Muy buena / Oso ona
20/09/2017;0,29;;;Sin datos / Daturik gabe;0,42;9;25;40;Muy buena / Oso ona;38;18;Muy buena / Oso ona;11;Muy buena / Oso ona;1;Muy buena / Oso ona;2,39;157;64;997,7;0;206,4;15,3;0,05;Muy buena / Oso ona
19/09/2017;0,27;;;Sin datos / Daturik gabe;0,48;6;18;34;Muy buena / Oso ona;27;11;Muy buena / Oso ona;6;Muy buena / Oso ona;1;Muy buena / Oso ona;1,84;19;75;1002;0;166,9;15,2;0,41;Muy buena / Oso ona
18/09/2017;0,19;0,2;0,22;Muy buena / Oso ona;0,22;8;23;35;Muy buena / Oso ona;35;9;Muy buena / Oso ona;4;Muy buena / Oso ona;1;Muy buena / Oso ona;1,56;353;83;997,4;0;58,8;15,5;0,18;Muy buena / Oso ona
17/09/2017;0,16;0,2;0,22;Muy buena / Oso ona;;5;13;26;Muy buena / Oso ona;20;12;Muy buena / Oso ona;6;Muy buena / Oso ona;1;Muy buena / Oso ona;0,45;338;68;995,6;0;155,7;15,3;0,1;Muy buena / Oso ona
16/09/2017;0,15;;;Sin datos / Daturik gabe;;3;12;19;Muy buena / Oso ona;16;7;Muy buena / Oso ona;3;Muy buena / Oso ona;1;Muy buena / Oso ona;0,39;231;72;994,3;0;150,6;13,3;0,55;Muy buena / Oso ona
15/09/2017;0,21;;;Sin datos / Daturik gabe;0,51;9;19;35;Muy buena / Oso ona;33;12;Muy buena / Oso ona;6;Muy buena / Oso ona;1;Muy buena / Oso ona;0,93;242;77;995,4;0;134,1;13,8;0,55;Muy buena / Oso ona
14/09/2017;0,17;0,17;0,2;Muy buena / Oso ona;0,57;3;16;33;Muy buena / Oso ona;21;13;Muy buena / Oso ona;4;Muy buena / Oso ona;1;Muy buena / Oso ona;1,25;14;75;999,3;0;77;16,4;0,24;Muy buena / Oso ona
13/09/2017;0,31;0,2;0,26;Muy buena / Oso ona;0,75;14;16;27;Muy buena / Oso ona;37;21;Muy buena / Oso ona;14;Muy buena / Oso ona;1;Muy buena / Oso ona;2,12;44;72;998,2;0;212,6;19,8;0,62;Muy buena / Oso ona
12/09/2017;0,15;0,17;0,19;Muy buena / Oso ona;0,2;4;16;39;Muy buena / Oso ona;23;8;Muy buena / Oso ona;5;Muy buena / Oso ona;1;Muy buena / Oso ona;0,67;282;75;996,9;0;170,1;17,8;0,08;Muy buena / Oso ona
11/09/2017;0,2;0,2;0,25;Muy buena / Oso ona;0,3;8;19;32;Muy buena / Oso ona;32;13;Muy buena / Oso ona;6;Muy buena / Oso ona;1;Muy buena / Oso ona;1,15;236;80;992,4;0;88,7;17,6;0,42;Muy buena / Oso ona
10/09/2017;0,13;0,18;0,2;Muy buena / Oso ona;;1;9;16;Muy buena / Oso ona;11;10;Muy buena / Oso ona;4;Muy buena / Oso ona;1;Muy buena / Oso ona;0,2;253;77;991,8;0;117;16,3;0,16;Muy buena / Oso ona
09/09/2017;0,19;0,21;0,22;Muy buena / Oso ona;;2;15;27;Muy buena / Oso ona;19;9;Muy buena / Oso ona;4;Muy buena / Oso ona;1;Muy buena / Oso ona;0,54;217;78;988,2;0,1;124,1;16,4;0,73;Muy buena / Oso ona
08/09/2017;0,19;0,2;0,25;Muy buena / Oso ona;0,44;11;18;36;Muy buena / Oso ona;34;18;Muy buena / Oso ona;11;Muy buena / Oso ona;1;Muy buena / Oso ona;1,99;39;68;992,5;0;213,3;17,8;0,42;Muy buena / Oso ona
07/09/2017;0,18;0,18;0,19;Muy buena / Oso ona;0,33;5;14;35;Muy buena / Oso ona;22;15;Muy buena / Oso ona;6;Muy buena / Oso ona;1;Muy buena / Oso ona;1,87;28;71;999,6;0;106,5;18;0,61;Muy buena / Oso ona
06/09/2017;0,24;0,2;0,24;Muy buena / Oso ona;0,89;6;17;38;Muy buena / Oso ona;26;16;Muy buena / Oso ona;6;Muy buena / Oso ona;1;Muy buena / Oso ona;1,21;23;77;1003,4;0;80,3;19;0,55;Muy buena / Oso ona
05/09/2017;0,14;0,21;0,24;Muy buena / Oso ona;0,19;6;14;24;Muy buena / Oso ona;24;12;Muy buena / Oso ona;7;Muy buena / Oso ona;1;Muy buena / Oso ona;1,05;40;73;1000,3;0;149,2;20,7;0,6;Muy buena / Oso ona
04/09/2017;0,16;0,24;0,28;Muy buena / Oso ona;0,26;8;15;25;Muy buena / Oso ona;27;13;Muy buena / Oso ona;7;Muy buena / Oso ona;1;Muy buena / Oso ona;1,41;36;76;995,3;0;117,1;20,4;0,63;Muy buena / Oso ona
03/09/2017;0,19;0,21;0,27;Muy buena / Oso ona;0,12;6;15;25;Muy buena / Oso ona;23;16;Muy buena / Oso ona;11;Muy buena / Oso ona;1;Muy buena / Oso ona;0,51;31;67;993,3;0;160,7;19,4;0,39;Muy buena / Oso ona
02/09/2017;0,18;0,19;0,24;Muy buena / Oso ona;;3;12;22;Muy buena / Oso ona;17;10;Muy buena / Oso ona;8;Muy buena / Oso ona;1;Muy buena / Oso ona;0,98;35;74;1001,1;0;146,3;16,9;0,59;Muy buena / Oso ona
01/09/2017;0,25;0,19;0,21;Muy buena / Oso ona;0,69;8;14;26;Muy buena / Oso ona;26;12;Muy buena / Oso ona;7;Muy buena / Oso ona;1;Muy buena / Oso ona;1,1;252;72;1000,7;0;128,4;16,5;0,48;Muy buena / Oso ona
31/08/2017;0,17;0,2;0,24;Muy buena / Oso ona;0,37;4;16;29;Muy buena / Oso ona;22;10;Muy buena / Oso ona;3;Muy buena / Oso ona;1;Muy buena / Oso ona;1,62;247;79;999,2;0;99,2;17,1;0,07;Muy buena / Oso ona
30/08/2017;0,19;0,19;0,22;Muy buena / Oso ona;0,28;4;16;35;Muy buena / Oso ona;23;16;Muy buena / Oso ona;4;Muy buena / Oso ona;1;Muy buena / Oso ona;1,99;42;77;992,5;0,3;162,7;21,1;0,26;Muy buena / Oso ona
29/08/2017;0,18;0,21;0,23;Muy buena / Oso ona;0,47;6;20;34;Muy buena / Oso ona;29;19;Muy buena / Oso ona;5;Muy buena / Oso ona;1;Muy buena / Oso ona;2,52;46;77;991,5;0;159,2;22,1;0,51;Muy buena / Oso ona
28/08/2017;0,19;0,19;0,22;Muy buena / Oso ona;0,3;14;23;47;Muy buena / Oso ona;44;24;Muy buena / Oso ona;6;Muy buena / Oso ona;1;Muy buena / Oso ona;1,58;248;74;992,6;0,1;117,1;22,4;0,31;Muy buena / Oso ona
27/08/2017;0,14;0,19;0,22;Muy buena / Oso ona;0,13;2;19;27;Muy buena / Oso ona;23;21;Muy buena / Oso ona;9;Muy buena / Oso ona;1;Muy buena / Oso ona;0,72;343;69;992,7;0;67,4;22,7;0,3;Muy buena / Oso ona
26/08/2017;0,11;0,18;0,21;Muy buena / Oso ona;0,11;1;10;21;Muy buena / Oso ona;12;15;Muy buena / Oso ona;5;Muy buena / Oso ona;1;Muy buena / Oso ona;0,25;44;62;991,5;0;180,2;25,8;0,61;Muy buena / Oso ona
25/08/2017;0,11;0,17;0,2;Muy buena / Oso ona;0,12;1;10;23;Muy buena / Oso ona;11;9;Muy buena / Oso ona;2;Muy buena / Oso ona;1;Muy buena / Oso ona;0,24;44;78;993;0;230;22,2;1,31;Muy buena / Oso ona
24/08/2017;0,13;0,19;0,22;Muy buena / Oso ona;0,17;1;9;17;Muy buena / Oso ona;12;16;Muy buena / Oso ona;6;Muy buena / Oso ona;1;Muy buena / Oso ona;0,34;48;72;993,4;0;227,5;23,3;1,24;Muy buena / Oso ona
23/08/2017;0,13;0,18;0,2;Muy buena / Oso ona;0,14;2;11;29;Muy buena / Oso ona;15;24;Muy buena / Oso ona;9;Muy buena / Oso ona;1;Muy buena / Oso ona;0,52;42;71;995,4;0;180,5;22,5;0,9;Muy buena / Oso ona
22/08/2017;0,12;0,21;0,23;Muy buena / Oso ona;0,24;1;14;52;Buena / Ona;16;28;Buena / Ona;10;Muy buena / Oso ona;1;Muy buena / Oso ona;0,75;30;53;993,3;0;245,6;27;0,71;Buena / Ona
21/08/2017;0,13;0,18;0,2;Muy buena / Oso ona;0,64;6;17;29;Muy buena / Oso ona;27;17;Muy buena / Oso ona;;Sin datos / Daturik gabe;1;Muy buena / Oso ona;1,24;47;59;995,1;0;261,5;22,8;0,53;Muy buena / Oso ona
20/08/2017;0,11;0,14;0,16;Muy buena / Oso ona;;1;9;21;Muy buena / Oso ona;10;14;Muy buena / Oso ona;8;Muy buena / Oso ona;1;Muy buena / Oso ona;0,39;41;61;1001,8;0;251,1;20,2;0,96;Muy buena / Oso ona
19/08/2017;0,12;0,14;0,17;Muy buena / Oso ona;;1;8;18;Muy buena / Oso ona;10;10;Muy buena / Oso ona;3;Muy buena / Oso ona;1;Muy buena / Oso ona;0,61;40;66;1000,8;0;213,6;20,4;0,89;Muy buena / Oso ona
18/08/2017;0,11;0,18;0,21;Muy buena / Oso ona;0,27;3;12;22;Muy buena / Oso ona;16;11;Muy buena / Oso ona;5;Muy buena / Oso ona;1;Muy buena / Oso ona;0,63;37;74;998,5;0;88,5;20,5;0,67;Muy buena / Oso ona
17/08/2017;0,13;0,15;0,17;Muy buena / Oso ona;0,22;4;11;23;Muy buena / Oso ona;18;14;Muy buena / Oso ona;4;Muy buena / Oso ona;1;Muy buena / Oso ona;0,94;41;64;997,7;0;272,4;21,6;0,95;Muy buena / Oso ona
16/08/2017;0,12;0,16;0,18;Muy buena / Oso ona;0,22;2;11;19;Muy buena / Oso ona;14;;Sin datos / Daturik gabe;;Sin datos / Daturik gabe;1;Muy buena / Oso ona;0,6;40;76;999,4;0;148,9;21,1;0,67;Muy buena / Oso ona
15/08/2017;0,13;0,15;0,18;Muy buena / Oso ona;0,15;1;9;21;Muy buena / Oso ona;11;15;Muy buena / Oso ona;7;Muy buena / Oso ona;1;Muy buena / Oso ona;0,39;42;75;997;0;99,1;21,2;0,73;Muy buena / Oso ona
14/08/2017;0,12;0,17;0,19;Muy buena / Oso ona;0,17;5;13;37;Muy buena / Oso ona;20;18;Muy buena / Oso ona;;Sin datos / Daturik gabe;1;Muy buena / Oso ona;0,69;219;54;991,6;0;268,1;26,4;0,46;Muy buena / Oso ona
13/08/2017;0,11;0,16;0,18;Muy buena / Oso ona;;1;9;14;Muy buena / Oso ona;11;11;Muy buena / Oso ona;4;Muy buena / Oso ona;1;Muy buena / Oso ona;0,37;39;68;996,7;0;264,6;21,1;0,87;Muy buena / Oso ona
12/08/2017;0,11;0,13;0,17;Muy buena / Oso ona;0,48;4;9;24;Muy buena / Oso ona;15;10;Muy buena / Oso ona;;Sin datos / Daturik gabe;1;Muy buena / Oso ona;0,88;40;65;1000,7;0;280,2;18,4;0,8;Muy buena / Oso ona
11/08/2017;;0,13;0,15;Muy buena / Oso ona;;7;10;25;Muy buena / Oso ona;20;10;Muy buena / Oso ona;;Sin datos / Daturik gabe;1;Muy buena / Oso ona;1,02;29;68;1002,5;0;252,3;16,7;0,54;Muy buena / Oso ona
10/08/2017;;0,13;0,15;Muy buena / Oso ona;0,25;5;15;31;Muy buena / Oso ona;23;9;Muy buena / Oso ona;4;Muy buena / Oso ona;1;Muy buena / Oso ona;0,89;245;82;1003,5;0;90,4;15,6;0,31;Muy buena / Oso ona
09/08/2017;;0,14;0,17;Muy buena / Oso ona;0,16;4;12;23;Muy buena / Oso ona;19;7;Muy buena / Oso ona;2;Muy buena / Oso ona;1;Muy buena / Oso ona;0,66;261;75;999,4;0;135;16,4;0,21;Muy buena / Oso ona
08/08/2017;;0,14;0,17;Muy buena / Oso ona;0,12;2;11;23;Muy buena / Oso ona;14;;Sin datos / Daturik gabe;2;Muy buena / Oso ona;1;Muy buena / Oso ona;0,51;234;74;996,8;0;113,3;17,5;0,3;Muy buena / Oso ona
07/08/2017;;0,15;0,18;Muy buena / Oso ona;0,14;3;14;32;Muy buena / Oso ona;19;14;Muy buena / Oso ona;4;Muy buena / Oso ona;1;Muy buena / Oso ona;0,92;46;72;992,6;0;202;21,2;0,48;Muy buena / Oso ona
06/08/2017;;0,13;0,17;Muy buena / Oso ona;;1;7;13;Muy buena / Oso ona;9;10;Muy buena / Oso ona;1;Muy buena / Oso ona;1;Muy buena / Oso ona;0,91;43;65;999,2;0;183,2;20,2;0,88;Muy buena / Oso ona
05/08/2017;;0,17;0,19;Muy buena / Oso ona;0,57;3;12;21;Muy buena / Oso ona;16;7;Muy buena / Oso ona;1;Muy buena / Oso ona;1;Muy buena / Oso ona;3,76;41;79;998,4;0;46,4;20,5;0,71;Muy buena / Oso ona
04/08/2017;;0,18;0,23;Muy buena / Oso ona;0,29;3;13;29;Muy buena / Oso ona;17;12;Muy buena / Oso ona;3;Muy buena / Oso ona;1;Muy buena / Oso ona;0,84;41;64;995,3;0;284,1;25,5;1,12;Muy buena / Oso ona
03/08/2017;0,16;0,21;0,26;Muy buena / Oso ona;0,74;1;11;25;Muy buena / Oso ona;13;;Sin datos / Daturik gabe;5;Muy buena / Oso ona;1;Muy buena / Oso ona;1,42;47;66;995,8;0;294,1;24,9;1,19;Muy buena / Oso ona
02/08/2017;0,17;0,19;0,27;Muy buena / Oso ona;0,77;3;12;27;Muy buena / Oso ona;18;;Sin datos / Daturik gabe;9;Muy buena / Oso ona;1;Muy buena / Oso ona;3;42;67;995,4;0;283,1;23,4;1,03;Muy buena / Oso ona
01/08/2017;;0,15;0,17;Muy buena / Oso ona;0,52;3;13;34;Muy buena / Oso ona;17;11;Muy buena / Oso ona;3;Muy buena / Oso ona;1;Muy buena / Oso ona;2,09;40;74;994,4;0;72,1;20,3;0,69;Muy buena / Oso ona
31/07/2017;;0,17;0,2;Muy buena / Oso ona;;1;9;20;Muy buena / Oso ona;11;14;Muy buena / Oso ona;4;Muy buena / Oso ona;0;Muy buena / Oso ona;0,57;347;74;991,1;0;65,3;20,1;0,21;Muy buena / Oso ona
30/07/2017;;0,17;0,2;Muy buena / Oso ona;;1;8;19;Muy buena / Oso ona;10;9;Muy buena / Oso ona;3;Muy buena / Oso ona;0;Muy buena / Oso ona;0,67;44;70;992,6;0;174,6;21;0,9;Muy buena / Oso ona
29/07/2017;0,16;0,19;0,23;Muy buena / Oso ona;0,25;2;12;22;Muy buena / Oso ona;15;16;Muy buena / Oso ona;6;Muy buena / Oso ona;0;Muy buena / Oso ona;1,24;40;60;992,7;0;290,2;24,3;0,73;Muy buena / Oso ona
28/07/2017;0,15;0,19;0,22;Muy buena / Oso ona;0,28;2;12;30;Muy buena / Oso ona;15;12;Muy buena / Oso ona;;Sin datos / Daturik gabe;0;Muy buena / Oso ona;1,2;41;74;995,3;0;253;22,7;1,18;Muy buena / Oso ona
27/07/2017;0,3;0,16;0,17;Muy buena / Oso ona;0,99;6;14;28;Muy buena / Oso ona;23;21;Muy buena / Oso ona;;Sin datos / Daturik gabe;0;Muy buena / Oso ona;2,32;45;65;993,7;0;297,9;22,5;0,87;Muy buena / Oso ona
26/07/2017;0,25;0,17;0,19;Muy buena / Oso ona;0,32;7;15;30;Muy buena / Oso ona;26;16;Muy buena / Oso ona;5;Muy buena / Oso ona;0;Muy buena / Oso ona;1,66;36;69;995,1;0;274,5;20,5;0,94;Muy buena / Oso ona
25/07/2017;;0,12;0,13;Muy buena / Oso ona;;1;9;18;Muy buena / Oso ona;11;9;Muy buena / Oso ona;3;Muy buena / Oso ona;0;Muy buena / Oso ona;0,7;19;74;998,9;0;91,9;18,2;0,39;Muy buena / Oso ona
24/07/2017;;0,13;0,14;Muy buena / Oso ona;0,12;3;10;24;Muy buena / Oso ona;15;;Sin datos / Daturik gabe;2;Muy buena / Oso ona;1;Muy buena / Oso ona;0,52;288;82;999,8;0,1;130,6;19,1;0,2;Muy buena / Oso ona
23/07/2017;;0,14;0,15;Muy buena / Oso ona;;1;6;14;Muy buena / Oso ona;8;12;Muy buena / Oso ona;4;Muy buena / Oso ona;2;Muy buena / Oso ona;0,55;39;64;998,6;0;245,7;20,9;0,9;Muy buena / Oso ona
22/07/2017;;0,14;0,19;Muy buena / Oso ona;0,27;4;9;20;Muy buena / Oso ona;15;18;Muy buena / Oso ona;;Sin datos / Daturik gabe;2;Muy buena / Oso ona;0,83;40;68;994,4;0;223,4;19,8;0,75;Muy buena / Oso ona
21/07/2017;;0,14;0,17;Muy buena / Oso ona;0,34;3;14;29;Muy buena / Oso ona;19;12;Muy buena / Oso ona;4;Muy buena / Oso ona;2;Muy buena / Oso ona;1,12;28;75;991,9;0;92,9;18,3;0,51;Muy buena / Oso ona
20/07/2017;;0,16;0,17;Muy buena / Oso ona;0,47;3;16;24;Muy buena / Oso ona;20;;Sin datos / Daturik gabe;2;Muy buena / Oso ona;2;Muy buena / Oso ona;1,28;40;82;995,1;0;66,7;18,2;0,42;Muy buena / Oso ona
19/07/2017;0,17;0,18;0,21;Muy buena / Oso ona;0,59;2;12;30;Muy buena / Oso ona;15;23;Muy buena / Oso ona;9;Muy buena / Oso ona;2;Muy buena / Oso ona;1,48;40;71;990,6;0;212,7;22,4;1,12;Muy buena / Oso ona
18/07/2017;0,23;0,24;0,38;Muy buena / Oso ona;0,28;1;18;34;Muy buena / Oso ona;20;37;Buena / Ona;13;Muy buena / Oso ona;2;Muy buena / Oso ona;1,4;230;50;988,4;0;257,8;28;1,34;Buena / Ona
17/07/2017;;0,21;;Sin datos / Daturik gabe;0,4;4;20;40;Muy buena / Oso ona;27;28;Buena / Ona;10;Muy buena / Oso ona;2;Muy buena / Oso ona;2,04;356;51;991,3;0;260;28,8;0,19;Buena / Ona
16/07/2017;0,2;0,19;0,25;Muy buena / Oso ona;0,22;1;10;19;Muy buena / Oso ona;12;18;Muy buena / Oso ona;6;Muy buena / Oso ona;2;Muy buena / Oso ona;0,94;39;68;997,6;0;309;23,2;0,82;Muy buena / Oso ona
15/07/2017;;0,14;0,15;Muy buena / Oso ona;0,17;1;8;19;Muy buena / Oso ona;9;12;Muy buena / Oso ona;4;Muy buena / Oso ona;2;Muy buena / Oso ona;0,74;43;67;1000,1;0;299,1;21;1,52;Muy buena / Oso ona
14/07/2017;;0,15;0,17;Muy buena / Oso ona;0,32;3;13;30;Muy buena / Oso ona;18;;Sin datos / Daturik gabe;2;Muy buena / Oso ona;2;Muy buena / Oso ona;1,5;35;72;1000,9;0;85,1;19,7;0,66;Muy buena / Oso ona
13/07/2017;0,17;0,15;0,16;Muy buena / Oso ona;0,26;2;11;21;Muy buena / Oso ona;13;;Sin datos / Daturik gabe;5;Muy buena / Oso ona;2;Muy buena / Oso ona;1,63;36;74;1000,2;0;73,5;20,1;0,98;Muy buena / Oso ona
12/07/2017;0,31;0,17;0,2;Muy buena / Oso ona;1,07;9;14;25;Muy buena / Oso ona;27;18;Muy buena / Oso ona;6;Muy buena / Oso ona;2;Muy buena / Oso ona;9,34;39;73;998,6;0;159,4;20,6;1;Muy buena / Oso ona
11/07/2017;0,25;0,17;0,21;Muy buena / Oso ona;0,38;5;12;23;Muy buena / Oso ona;19;12;Muy buena / Oso ona;5;Muy buena / Oso ona;2;Muy buena / Oso ona;2,13;40;68;994,4;0;307,2;21,7;0,82;Muy buena / Oso ona
10/07/2017;;0,15;0,19;Muy buena / Oso ona;0,34;4;15;34;Muy buena / Oso ona;21;;Sin datos / Daturik gabe;3;Muy buena / Oso ona;2;Muy buena / Oso ona;1,96;34;82;994,7;0;63,1;18,9;0,44;Muy buena / Oso ona
09/07/2017;;0,17;0,21;Muy buena / Oso ona;;1;8;14;Muy buena / Oso ona;10;18;Muy buena / Oso ona;10;Muy buena / Oso ona;2;Muy buena / Oso ona;0,67;46;74;992,9;0,1;247,6;21,6;0,95;Muy buena / Oso ona
08/07/2017;;0,16;0,17;Muy buena / Oso ona;0,16;1;8;13;Muy buena / Oso ona;10;10;Muy buena / Oso ona;5;Muy buena / Oso ona;2;Muy buena / Oso ona;0,9;46;80;994,9;0;153,8;20,6;1,27;Muy buena / Oso ona
07/07/2017;0,34;0,2;0,25;Muy buena / Oso ona;1,27;6;20;43;Muy buena / Oso ona;29;26;Buena / Ona;15;Muy buena / Oso ona;2;Muy buena / Oso ona;4,7;46;68;994,9;0;260,9;23,7;1,15;Buena / Ona
06/07/2017;0,32;0,22;0,33;Muy buena / Oso ona;0,72;4;23;36;Muy buena / Oso ona;28;26;Buena / Ona;10;Muy buena / Oso ona;2;Muy buena / Oso ona;3,17;15;57;993,6;0;203,7;25,5;0,08;Buena / Ona
05/07/2017;0,24;0,19;0,23;Muy buena / Oso ona;0,37;1;16;45;Muy buena / Oso ona;18;22;Muy buena / Oso ona;12;Muy buena / Oso ona;2;Muy buena / Oso ona;1,41;27;43;990,7;0;309,6;26,8;0,73;Muy buena / Oso ona
04/07/2017;;0,17;0,19;Muy buena / Oso ona;0,71;6;17;27;Muy buena / Oso ona;26;22;Muy buena / Oso ona;11;Muy buena / Oso ona;2;Muy buena / Oso ona;2,38;48;50;992,7;0;337,2;26,9;0,38;Muy buena / Oso ona
03/07/2017;0,82;0,16;0,2;Muy buena / Oso ona;1,65;8;14;24;Muy buena / Oso ona;26;18;Muy buena / Oso ona;;Sin datos / Daturik gabe;2;Muy buena / Oso ona;2,57;43;71;1001,3;0;309,2;19,3;0,99;Muy buena / Oso ona
02/07/2017;;0,12;0,13;Muy buena / Oso ona;0,38;3;9;15;Muy buena / Oso ona;13;13;Muy buena / Oso ona;5;Muy buena / Oso ona;2;Muy buena / Oso ona;1,09;37;69;1005;0;201,1;17,2;0,79;Muy buena / Oso ona
01/07/2017;0,46;0,12;0,14;Muy buena / Oso ona;0,21;3;15;26;Muy buena / Oso ona;18;10;Muy buena / Oso ona;3;Muy buena / Oso ona;2;Muy buena / Oso ona;0,73;224;80;1003,2;0;77;14,5;0,61;Muy buena / Oso ona
30/06/2017;0,7;0,12;0,14;Muy buena / Oso ona;1,33;6;18;28;Muy buena / Oso ona;27;11;Muy buena / Oso ona;4;Muy buena / Oso ona;2;Muy buena / Oso ona;2,22;208;75;995,2;0;114,8;14,8;1,05;Muy buena / Oso ona
29/06/2017;;0,13;0,16;Muy buena / Oso ona;;6;16;33;Muy buena / Oso ona;26;12;Muy buena / Oso ona;3;Muy buena / Oso ona;2;Muy buena / Oso ona;;239;71;988,8;0;193,1;15,9;0,27;Muy buena / Oso ona
28/06/2017;;0,18;0,2;Muy buena / Oso ona;;5;18;35;Muy buena / Oso ona;25;11;Muy buena / Oso ona;4;Muy buena / Oso ona;2;Muy buena / Oso ona;;212;77;984,7;0,1;150,7;18,5;0,16;Muy buena / Oso ona
27/06/2017;;0,19;0,23;Muy buena / Oso ona;;5;15;26;Muy buena / Oso ona;22;11;Muy buena / Oso ona;4;Muy buena / Oso ona;2;Muy buena / Oso ona;;49;78;987,2;0;130,8;20,3;0,22;Muy buena / Oso ona
26/06/2017;;0,23;0,27;Muy buena / Oso ona;;5;17;33;Muy buena / Oso ona;25;15;Muy buena / Oso ona;5;Muy buena / Oso ona;2;Muy buena / Oso ona;;238;77;988,6;0;167,2;21,9;0,2;Muy buena / Oso ona
25/06/2017;;0,15;0,17;Muy buena / Oso ona;;1;9;22;Muy buena / Oso ona;11;12;Muy buena / Oso ona;9;Muy buena / Oso ona;2;Muy buena / Oso ona;;42;74;994,9;0;164,5;20,6;0,83;Muy buena / Oso ona
24/06/2017;;0,18;0,21;Muy buena / Oso ona;;1;7;14;Muy buena / Oso ona;8;22;Muy buena / Oso ona;10;Muy buena / Oso ona;2;Muy buena / Oso ona;;40;70;999,5;0;113,1;20,8;0,75;Muy buena / Oso ona
23/06/2017;;0,21;0,23;Muy buena / Oso ona;;1;8;13;Muy buena / Oso ona;9;23;Muy buena / Oso ona;8;Muy buena / Oso ona;2;Muy buena / Oso ona;;45;76;1001;0;86,5;20,3;1,25;Muy buena / Oso ona
22/06/2017;;0,25;0,3;Muy buena / Oso ona;;1;14;28;Muy buena / Oso ona;16;24;Muy buena / Oso ona;11;Muy buena / Oso ona;2;Muy buena / Oso ona;;43;79;996,1;0;199,5;22,3;1,31;Muy buena / Oso ona
21/06/2017;;0,37;0,51;Muy buena / Oso ona;;5;22;59;Buena / Ona;30;34;Buena / Ona;17;Buena / Ona;2;Muy buena / Oso ona;;37;54;992,7;0;300,8;28,5;0,57;Buena / Ona
20/06/2017;;0,24;0,29;Muy buena / Oso ona;;3;25;60;Buena / Ona;30;26;Buena / Ona;11;Muy buena / Oso ona;2;Muy buena / Oso ona;;340;49;993,8;0;240,4;28,1;0,23;Buena / Ona
19/06/2017;;0,21;0,33;Muy buena / Oso ona;;2;19;35;Muy buena / Oso ona;22;28;Buena / Ona;11;Muy buena / Oso ona;2;Muy buena / Oso ona;;232;40;992,1;0;311,1;30;1,42;Buena / Ona
18/06/2017;;0,26;0,33;Muy buena / Oso ona;;3;14;28;Muy buena / Oso ona;18;29;Buena / Ona;13;Muy buena / Oso ona;2;Muy buena / Oso ona;;44;65;992,2;0;326;24,7;0,91;Buena / Ona
17/06/2017;;0,18;0,21;Muy buena / Oso ona;;2;10;16;Muy buena / Oso ona;13;22;Muy buena / Oso ona;8;Muy buena / Oso ona;2;Muy buena / Oso ona;;53;68;998,1;0;328,9;22,1;1,03;Muy buena / Oso ona
16/06/2017;;0,19;0,22;Muy buena / Oso ona;;2;12;32;Muy buena / Oso ona;15;17;Muy buena / Oso ona;6;Muy buena / Oso ona;2;Muy buena / Oso ona;;45;77;1001,9;0;191,1;20;1,37;Muy buena / Oso ona
15/06/2017;;0,21;0,25;Muy buena / Oso ona;;1;10;19;Muy buena / Oso ona;12;8;Muy buena / Oso ona;2;Muy buena / Oso ona;2;Muy buena / Oso ona;;42;84;999,2;0;63,1;19;1,46;Muy buena / Oso ona
14/06/2017;;0,23;0,27;Muy buena / Oso ona;;1;12;18;Muy buena / Oso ona;14;29;Buena / Ona;14;Muy buena / Oso ona;2;Muy buena / Oso ona;;44;73;992,2;0;311,1;23,4;1,59;Buena / Ona
13/06/2017;;0,22;0,27;Muy buena / Oso ona;;2;13;25;Muy buena / Oso ona;16;30;Buena / Ona;10;Muy buena / Oso ona;2;Muy buena / Oso ona;;43;70;992;0;279,2;22,3;1,41;Buena / Ona
12/06/2017;;0,19;0,21;Muy buena / Oso ona;;3;13;21;Muy buena / Oso ona;17;15;Muy buena / Oso ona;7;Muy buena / Oso ona;2;Muy buena / Oso ona;;40;75;997;0;135,1;19,9;0,78;Muy buena / Oso ona
11/06/2017;;0,22;0,25;Muy buena / Oso ona;;2;10;22;Muy buena / Oso ona;12;21;Muy buena / Oso ona;9;Muy buena / Oso ona;2;Muy buena / Oso ona;;43;71;996,7;0;212,7;21,3;1,47;Muy buena / Oso ona
10/06/2017;;0,18;0,2;Muy buena / Oso ona;;2;11;22;Muy buena / Oso ona;13;21;Muy buena / Oso ona;5;Muy buena / Oso ona;2;Muy buena / Oso ona;;41;62;995,1;0;305,6;24,1;1,11;Muy buena / Oso ona
09/06/2017;;0,2;0,23;Muy buena / Oso ona;;3;18;30;Muy buena / Oso ona;23;23;Muy buena / Oso ona;9;Muy buena / Oso ona;2;Muy buena / Oso ona;;40;73;994,8;0;205,2;19,3;0,98;Muy buena / Oso ona
08/06/2017;;0,23;0,32;Muy buena / Oso ona;;9;20;37;Muy buena / Oso ona;33;25;Muy buena / Oso ona;;Sin datos / Daturik gabe;2;Muy buena / Oso ona;;237;64;992;0;271,7;22,3;0,43;Muy buena / Oso ona
07/06/2017;;0,15;0,18;Muy buena / Oso ona;;6;14;24;Muy buena / Oso ona;23;18;Muy buena / Oso ona;;Sin datos / Daturik gabe;2;Muy buena / Oso ona;;37;62;998,5;0;336,1;18,4;0,67;Muy buena / Oso ona
06/06/2017;;0,14;0,17;Muy buena / Oso ona;;2;15;32;Muy buena / Oso ona;19;11;Muy buena / Oso ona;3;Muy buena / Oso ona;2;Muy buena / Oso ona;0,12;254;70;996,7;0;51,8;15,7;0,1;Muy buena / Oso ona
05/06/2017;;0,15;0,16;Muy buena / Oso ona;;4;16;36;Muy buena / Oso ona;21;10;Muy buena / Oso ona;;Sin datos / Daturik gabe;2;Muy buena / Oso ona;0,12;21;65;993,4;0;289,3;18,6;0,48;Muy buena / Oso ona
04/06/2017;;0,13;0,15;Muy buena / Oso ona;;3;14;36;Muy buena / Oso ona;18;8;Muy buena / Oso ona;3;Muy buena / Oso ona;2;Muy buena / Oso ona;0,11;234;86;998,3;0,1;33,5;13,8;0,3;Muy buena / Oso ona
03/06/2017;;0,16;0,19;Muy buena / Oso ona;;2;12;31;Muy buena / Oso ona;14;12;Muy buena / Oso ona;3;Muy buena / Oso ona;2;Muy buena / Oso ona;0,12;283;84;997,7;0,1;40,1;16,1;0,14;Muy buena / Oso ona
02/06/2017;;0,21;0,28;Muy buena / Oso ona;;2;16;36;Muy buena / Oso ona;20;19;Muy buena / Oso ona;7;Muy buena / Oso ona;2;Muy buena / Oso ona;0,13;43;81;995,7;0;178,6;19,4;1,07;Muy buena / Oso ona
01/06/2017;;0,2;0,22;Muy buena / Oso ona;;3;16;33;Muy buena / Oso ona;20;20;Muy buena / Oso ona;6;Muy buena / Oso ona;2;Muy buena / Oso ona;0,13;40;66;995,4;0;280,4;23,1;1,29;Muy buena / Oso ona
31/05/2017;;0,18;0,2;Muy buena / Oso ona;;2;12;28;Muy buena / Oso ona;15;12;Muy buena / Oso ona;8;Muy buena / Oso ona;2;Muy buena / Oso ona;;38;68;996,8;0;306,5;20,8;1,09;Muy buena / Oso ona
30/05/2017;;0,18;0,2;Muy buena / Oso ona;;2;13;33;Muy buena / Oso ona;16;8;Muy buena / Oso ona;3;Muy buena / Oso ona;2;Muy buena / Oso ona;;41;81;996,9;0;58,8;17,5;0,95;Muy buena / Oso ona
29/05/2017;;0,2;0,22;Muy buena / Oso ona;;2;18;46;Muy buena / Oso ona;21;16;Muy buena / Oso ona;9;Muy buena / Oso ona;2;Muy buena / Oso ona;;45;75;993,2;0,1;157,9;19,4;0,97;Muy buena / Oso ona
28/05/2017;;0,16;0,21;Muy buena / Oso ona;;1;12;50;Muy buena / Oso ona;13;17;Muy buena / Oso ona;7;Muy buena / Oso ona;2;Muy buena / Oso ona;;234;41;991,5;0;147,3;25,9;0,89;Muy buena / Oso ona
27/05/2017;;0,21;0,23;Muy buena / Oso ona;;1;12;22;Muy buena / Oso ona;14;26;Buena / Ona;12;Muy buena / Oso ona;2;Muy buena / Oso ona;;260;55;991,4;0;247,6;25,2;0,32;Buena / Ona
26/05/2017;0,25;0,2;0,22;Muy buena / Oso ona;0,4;4;20;57;Buena / Ona;26;26;Buena / Ona;14;Muy buena / Oso ona;2;Muy buena / Oso ona;;27;55;990,2;0;289;24,2;0,1;Buena / Ona
25/05/2017;0,39;0,32;0,53;Muy buena / Oso ona;1,16;8;23;47;Muy buena / Oso ona;36;30;Buena / Ona;16;Muy buena / Oso ona;2;Muy buena / Oso ona;4,01;40;51;990,8;0;321,2;26,5;0,26;Buena / Ona
24/05/2017;0,21;0,21;0,24;Muy buena / Oso ona;0,34;3;19;42;Muy buena / Oso ona;23;21;Muy buena / Oso ona;13;Muy buena / Oso ona;2;Muy buena / Oso ona;2,24;50;64;996,4;0;305,3;22,4;0,91;Muy buena / Oso ona
23/05/2017;;0,16;0,18;Muy buena / Oso ona;;2;14;36;Muy buena / Oso ona;17;21;Muy buena / Oso ona;8;Muy buena / Oso ona;2;Muy buena / Oso ona;1,89;41;66;1000,6;0;243,9;17,5;0,83;Muy buena / Oso ona
22/05/2017;;0,21;0,24;Muy buena / Oso ona;;6;19;72;Buena / Ona;28;24;Muy buena / Oso ona;11;Muy buena / Oso ona;2;Muy buena / Oso ona;;38;60;994,9;0;307,4;20,3;1,58;Buena / Ona
21/05/2017;;0,17;0,2;Muy buena / Oso ona;;8;13;23;Muy buena / Oso ona;25;19;Muy buena / Oso ona;11;Muy buena / Oso ona;2;Muy buena / Oso ona;;246;52;994,2;0;246,3;20,6;0,39;Muy buena / Oso ona
20/05/2017;;0,13;0,17;Muy buena / Oso ona;;4;13;30;Muy buena / Oso ona;19;12;Muy buena / Oso ona;8;Muy buena / Oso ona;2;Muy buena / Oso ona;;39;67;1001,7;0;240,7;14,1;0,6;Muy buena / Oso ona
19/05/2017;;0,13;0,16;Muy buena / Oso ona;;5;14;29;Muy buena / Oso ona;21;9;Muy buena / Oso ona;4;Muy buena / Oso ona;2;Muy buena / Oso ona;;4;65;999,5;0;192,4;13,1;0,21;Muy buena / Oso ona
18/05/2017;;0,14;0,19;Muy buena / Oso ona;;4;24;57;Buena / Ona;31;9;Muy buena / Oso ona;5;Muy buena / Oso ona;2;Muy buena / Oso ona;;250;83;996,2;0,1;71,3;13;0,02;Buena / Ona
17/05/2017;;0,22;0,28;Muy buena / Oso ona;;6;27;59;Buena / Ona;36;19;Muy buena / Oso ona;10;Muy buena / Oso ona;2;Muy buena / Oso ona;;32;69;996,1;0;96,4;18,7;0,73;Buena / Ona
16/05/2017;;0,24;0,28;Muy buena / Oso ona;;7;27;54;Buena / Ona;38;24;Muy buena / Oso ona;11;Muy buena / Oso ona;2;Muy buena / Oso ona;;40;56;1001;0;228,2;22,9;0,91;Buena / Ona
15/05/2017;;0,19;0,26;Muy buena / Oso ona;;9;21;42;Muy buena / Oso ona;35;14;Muy buena / Oso ona;11;Muy buena / Oso ona;2;Muy buena / Oso ona;;37;54;1003,2;0;267,4;21,3;0,58;Muy buena / Oso ona
14/05/2017;;0,15;0,17;Muy buena / Oso ona;;2;14;25;Muy buena / Oso ona;18;9;Muy buena / Oso ona;7;Muy buena / Oso ona;2;Muy buena / Oso ona;;260;56;1000,3;0;279,9;19,2;0,12;Muy buena / Oso ona
13/05/2017;;0,14;0,15;Muy buena / Oso ona;;2;14;27;Muy buena / Oso ona;18;9;Muy buena / Oso ona;6;Muy buena / Oso ona;2;Muy buena / Oso ona;;229;58;992,1;0;275,3;17,9;0,89;Muy buena / Oso ona
12/05/2017;;0,14;0,15;Muy buena / Oso ona;;3;19;38;Muy buena / Oso ona;24;4;Muy buena / Oso ona;2;Muy buena / Oso ona;2;Muy buena / Oso ona;;221;53;982,4;0;128,8;18,5;1,58;Muy buena / Oso ona
11/05/2017;;0,16;0,19;Muy buena / Oso ona;;3;19;32;Muy buena / Oso ona;24;7;Muy buena / Oso ona;2;Muy buena / Oso ona;2;Muy buena / Oso ona;;219;57;975,2;0;131,9;17,4;2,55;Muy buena / Oso ona
10/05/2017;0,15;0,18;0,23;Muy buena / Oso ona;0,34;2;19;36;Muy buena / Oso ona;23;14;Muy buena / Oso ona;8;Muy buena / Oso ona;2;Muy buena / Oso ona;;247;65;978,1;0,1;224,6;19;0,59;Muy buena / Oso ona
09/05/2017;0,32;0,23;0,25;Muy buena / Oso ona;0,71;6;29;47;Muy buena / Oso ona;38;23;Muy buena / Oso ona;12;Muy buena / Oso ona;2;Muy buena / Oso ona;3,01;28;72;986,8;0;184,3;16,1;0,66;Muy buena / Oso ona
08/05/2017;0,37;0,2;0,24;Muy buena / Oso ona;0,87;8;19;43;Muy buena / Oso ona;31;12;Muy buena / Oso ona;6;Muy buena / Oso ona;2;Muy buena / Oso ona;4,72;40;60;997,2;0;267,4;14,8;0,89;Muy buena / Oso ona
07/05/2017;0,3;0,15;0,18;Muy buena / Oso ona;0,26;3;13;33;Muy buena / Oso ona;17;9;Muy buena / Oso ona;6;Muy buena / Oso ona;2;Muy buena / Oso ona;;41;56;999,8;0;294,3;15,4;1,03;Muy buena / Oso ona
06/05/2017;0,26;0,14;0,15;Muy buena / Oso ona;0,36;3;12;31;Muy buena / Oso ona;16;8;Muy buena / Oso ona;4;Muy buena / Oso ona;2;Muy buena / Oso ona;3,46;42;60;994;0;263,7;15,7;0,62;Muy buena / Oso ona
05/05/2017;0,39;0,17;0,21;Muy buena / Oso ona;1,35;2;20;34;Muy buena / Oso ona;23;18;Muy buena / Oso ona;8;Muy buena / Oso ona;2;Muy buena / Oso ona;6,06;224;59;984,5;0;212;19,7;1,29;Muy buena / Oso ona
04/05/2017;0,48;0,22;0,25;Muy buena / Oso ona;0,7;7;24;48;Muy buena / Oso ona;35;15;Muy buena / Oso ona;9;Muy buena / Oso ona;2;Muy buena / Oso ona;6,28;39;68;988,4;0;233,7;17;1,03;Muy buena / Oso ona
03/05/2017;0,38;0,2;0,23;Muy buena / Oso ona;0,57;6;17;32;Muy buena / Oso ona;27;13;Muy buena / Oso ona;7;Muy buena / Oso ona;2;Muy buena / Oso ona;4,14;45;69;993,7;0;264,4;15,7;0,68;Muy buena / Oso ona
02/05/2017;0,62;0,3;0,5;Muy buena / Oso ona;0,82;10;23;43;Muy buena / Oso ona;39;12;Muy buena / Oso ona;6;Muy buena / Oso ona;2;Muy buena / Oso ona;5,18;268;75;998;0;117;14,1;0,22;Muy buena / Oso ona
01/05/2017;0,27;0,16;0,19;Muy buena / Oso ona;0,22;2;15;31;Muy buena / Oso ona;18;11;Muy buena / Oso ona;5;Muy buena / Oso ona;2;Muy buena / Oso ona;;116;66;997,1;0;246,6;11;0,14;Muy buena / Oso ona
30/04/2017;0,3;0,18;;Sin datos / Daturik gabe;0,21;1;13;;Sin datos / Daturik gabe;13;7;Muy buena / Oso ona;4;Muy buena / Oso ona;2;Muy buena / Oso ona;;218;72;986;0,1;76,6;11,6;1,93;Muy buena / Oso ona
29/04/2017;0,41;0,19;0,21;Muy buena / Oso ona;1,29;3;15;32;Muy buena / Oso ona;18;17;Muy buena / Oso ona;10;Muy buena / Oso ona;2;Muy buena / Oso ona;2,54;192;56;987,9;0;261,4;13,8;0,63;Muy buena / Oso ona
28/04/2017;0,4;0,18;0,21;Muy buena / Oso ona;1,77;6;20;40;Muy buena / Oso ona;29;11;Muy buena / Oso ona;6;Muy buena / Oso ona;2;Muy buena / Oso ona;3,9;45;61;996;0;264,1;9,3;0,92;Muy buena / Oso ona
27/04/2017;0,4;0,15;0,19;Muy buena / Oso ona;1,01;4;17;40;Muy buena / Oso ona;23;12;Muy buena / Oso ona;7;Muy buena / Oso ona;2;Muy buena / Oso ona;;22;59;996,2;0;211,9;8,4;0,59;Muy buena / Oso ona
26/04/2017;0,36;0,19;0,25;Muy buena / Oso ona;0,35;2;15;29;Muy buena / Oso ona;17;6;Muy buena / Oso ona;3;Muy buena / Oso ona;2;Muy buena / Oso ona;;17;70;992,1;0;123;9,1;0,56;Muy buena / Oso ona
25/04/2017;0,55;0,22;0,27;Muy buena / Oso ona;0,74;4;28;53;Buena / Ona;34;18;Muy buena / Oso ona;9;Muy buena / Oso ona;2;Muy buena / Oso ona;4,71;25;74;987,5;0;74,9;13,2;0,31;Buena / Ona
24/04/2017;0,54;0,25;0,31;Muy buena / Oso ona;0,96;8;28;55;Buena / Ona;41;23;Muy buena / Oso ona;13;Muy buena / Oso ona;4;Muy buena / Oso ona;5,85;44;56;991,1;0;275,1;16,8;0,96;Buena / Ona
23/04/2017;0,38;0,2;0,23;Muy buena / Oso ona;0,81;3;22;42;Muy buena / Oso ona;23;17;Muy buena / Oso ona;10;Muy buena / Oso ona;3;Muy buena / Oso ona;;40;50;995,3;0;281,1;16,3;0,87;Muy buena / Oso ona
22/04/2017;0,34;0,19;0,22;Muy buena / Oso ona;0,93;1;21;43;Muy buena / Oso ona;23;18;Muy buena / Oso ona;8;Muy buena / Oso ona;3;Muy buena / Oso ona;;26;35;998,4;0;282,8;18,1;0,64;Muy buena / Oso ona
21/04/2017;0,49;0,22;0,27;Muy buena / Oso ona;0,75;9;32;56;Buena / Ona;45;18;Muy buena / Oso ona;9;Muy buena / Oso ona;3;Muy buena / Oso ona;5,91;213;45;1001,9;0;279,6;14,5;0,45;Buena / Ona
20/04/2017;0,43;0,2;0,22;Muy buena / Oso ona;0,61;9;29;55;Buena / Ona;43;15;Muy buena / Oso ona;9;Muy buena / Oso ona;3;Muy buena / Oso ona;4,86;44;48;1002,4;0;281,4;11;0,67;Buena / Ona
19/04/2017;0,27;0,17;0,2;Muy buena / Oso ona;0,35;5;23;46;Muy buena / Oso ona;31;13;Muy buena / Oso ona;8;Muy buena / Oso ona;3;Muy buena / Oso ona;;41;51;1000,9;0;276,3;11,1;0,69;Muy buena / Oso ona
18/04/2017;0,29;0,21;0,24;Muy buena / Oso ona;0,51;5;25;49;Muy buena / Oso ona;32;15;Muy buena / Oso ona;6;Muy buena / Oso ona;3;Muy buena / Oso ona;3,74;34;67;999,3;0;154,8;13,5;0,64;Muy buena / Oso ona
17/04/2017;0,21;0,16;0,18;Muy buena / Oso ona;0,09;2;14;24;Muy buena / Oso ona;17;17;Muy buena / Oso ona;9;Muy buena / Oso ona;3;Muy buena / Oso ona;;43;68;998;0;265,2;14,3;1,15;Muy buena / Oso ona
16/04/2017;0,22;0,14;0,15;Muy buena / Oso ona;0,08;1;12;21;Muy buena / Oso ona;15;10;Muy buena / Oso ona;5;Muy buena / Oso ona;3;Muy buena / Oso ona;;42;67;1001,8;0;233,8;13,6;0,94;Muy buena / Oso ona
15/04/2017;0,23;0,16;0,18;Muy buena / Oso ona;0,13;2;14;30;Muy buena / Oso ona;17;15;Muy buena / Oso ona;7;Muy buena / Oso ona;3;Muy buena / Oso ona;;32;68;1001,3;0;86,7;14,1;0,64;Muy buena / Oso ona
14/04/2017;0,31;0,18;0,21;Muy buena / Oso ona;0,25;2;14;33;Muy buena / Oso ona;17;17;Muy buena / Oso ona;9;Muy buena / Oso ona;3;Muy buena / Oso ona;1,95;42;71;998,2;0;113,6;13;0,5;Muy buena / Oso ona
13/04/2017;0,35;0,19;0,21;Muy buena / Oso ona;0,32;3;17;27;Muy buena / Oso ona;21;20;Muy buena / Oso ona;11;Muy buena / Oso ona;3;Muy buena / Oso ona;2,38;49;65;996;0;256,6;15,1;0,94;Muy buena / Oso ona
12/04/2017;0,46;0,2;0,23;Muy buena / Oso ona;1,12;6;24;45;Muy buena / Oso ona;33;22;Muy buena / Oso ona;11;Muy buena / Oso ona;3;Muy buena / Oso ona;4,14;41;66;998,4;0;250,6;15;0,63;Muy buena / Oso ona
11/04/2017;0,25;0,19;0,22;Muy buena / Oso ona;0,11;1;13;31;Muy buena / Oso ona;15;18;Muy buena / Oso ona;10;Muy buena / Oso ona;3;Muy buena / Oso ona;0,71;41;62;1002,6;0;242,3;14,7;1,09;Muy buena / Oso ona
10/04/2017;0,56;0,26;0,32;Muy buena / Oso ona;0,38;13;26;50;Muy buena / Oso ona;46;29;Buena / Ona;16;Muy buena / Oso ona;4;Muy buena / Oso ona;3,53;45;70;1001,8;0;245,2;14,9;1,34;Buena / Ona
09/04/2017;0,45;0,2;0,22;Muy buena / Oso ona;0,36;3;25;46;Muy buena / Oso ona;29;15;Muy buena / Oso ona;9;Muy buena / Oso ona;3;Muy buena / Oso ona;3,67;227;45;998,2;0;252,5;19;0,33;Muy buena / Oso ona
08/04/2017;0,66;0,24;0,32;Muy buena / Oso ona;1,72;10;29;58;Buena / Ona;45;25;Muy buena / Oso ona;15;Muy buena / Oso ona;3;Muy buena / Oso ona;4,24;200;52;995,8;0;250,6;18;0,66;Buena / Ona
07/04/2017;0,56;0,23;0,24;Muy buena / Oso ona;0,94;7;27;44;Muy buena / Oso ona;39;29;Buena / Ona;12;Muy buena / Oso ona;3;Muy buena / Oso ona;5;44;69;998,2;0;247,9;13,1;0,73;Buena / Ona
06/04/2017;0,5;0,23;0,29;Muy buena / Oso ona;0,97;12;25;51;Buena / Ona;43;26;Buena / Ona;11;Muy buena / Oso ona;3;Muy buena / Oso ona;6,06;25;67;1001,9;0;206,9;12,9;0,66;Buena / Ona
05/04/2017;0,42;0,21;0,29;Muy buena / Oso ona;0,47;4;19;56;Buena / Ona;25;12;Muy buena / Oso ona;6;Muy buena / Oso ona;3;Muy buena / Oso ona;2,58;3;75;1003,6;0;65,3;12,3;0,38;Buena / Ona
04/04/2017;0,43;0,21;0,26;Muy buena / Oso ona;1,17;2;19;40;Muy buena / Oso ona;22;11;Muy buena / Oso ona;5;Muy buena / Oso ona;3;Muy buena / Oso ona;4,81;31;69;1004,5;0;119,5;12,9;0,89;Muy buena / Oso ona
03/04/2017;0,47;0,22;0,29;Muy buena / Oso ona;0,66;12;22;41;Muy buena / Oso ona;41;16;Muy buena / Oso ona;8;Muy buena / Oso ona;3;Muy buena / Oso ona;4,12;38;70;1002,2;0;207,1;13;0,58;Muy buena / Oso ona
02/04/2017;0,19;0,16;0,17;Muy buena / Oso ona;0,01;1;15;39;Muy buena / Oso ona;15;6;Muy buena / Oso ona;3;Muy buena / Oso ona;2;Muy buena / Oso ona;;27;74;1001,4;0;127,6;10,9;0,48;Muy buena / Oso ona
01/04/2017;0,33;0,18;0,21;Muy buena / Oso ona;0,15;3;21;32;Muy buena / Oso ona;25;5;Muy buena / Oso ona;3;Muy buena / Oso ona;2;Muy buena / Oso ona;2,31;214;79;998,1;0,1;91,1;11;0,61;Muy buena / Oso ona
31/03/2017;0,28;0,18;0,19;Muy buena / Oso ona;0,1;2;19;34;Muy buena / Oso ona;22;10;Muy buena / Oso ona;5;Muy buena / Oso ona;3;Muy buena / Oso ona;1,31;234;50;995,3;0;132,6;17,1;1,37;Muy buena / Oso ona
30/03/2017;0,76;0,24;0,33;Muy buena / Oso ona;4,3;22;30;63;Buena / Ona;63;25;Muy buena / Oso ona;11;Muy buena / Oso ona;3;Muy buena / Oso ona;9,52;193;50;997,8;0;161,5;18,3;1,07;Buena / Ona
29/03/2017;1,06;0,25;0,33;Muy buena / Oso ona;3,79;22;37;67;Buena / Ona;71;25;Muy buena / Oso ona;12;Muy buena / Oso ona;4;Muy buena / Oso ona;9,77;49;56;1001,9;0;220,6;16,1;0,07;Buena / Ona
28/03/2017;0,73;0,21;0,26;Muy buena / Oso ona;0,69;10;29;58;Buena / Ona;44;13;Muy buena / Oso ona;5;Muy buena / Oso ona;3;Muy buena / Oso ona;3,2;239;53;1002,2;0;236,4;15,1;1,56;Buena / Ona
27/03/2017;0,31;0,18;0,22;Muy buena / Oso ona;0,52;2;20;43;Muy buena / Oso ona;23;8;Muy buena / Oso ona;2;Muy buena / Oso ona;3;Muy buena / Oso ona;1,85;207;51;994,7;0;194,1;14,8;1,43;Muy buena / Oso ona
26/03/2017;0,34;0,18;0,22;Muy buena / Oso ona;1,05;2;19;58;Buena / Ona;22;10;Muy buena / Oso ona;2;Muy buena / Oso ona;2;Muy buena / Oso ona;;212;55;991,4;0;209,5;13,3;1,56;Buena / Ona
25/03/2017;0,46;0,21;0,24;Muy buena / Oso ona;0,43;3;26;43;Muy buena / Oso ona;31;;Sin datos / Daturik gabe;3;Muy buena / Oso ona;3;Muy buena / Oso ona;1,52;225;82;989,8;0,1;28,3;7,2;1,14;Muy buena / Oso ona
24/03/2017;0,69;0,22;0,26;Muy buena / Oso ona;1,85;12;29;54;Buena / Ona;48;13;Muy buena / Oso ona;5;Muy buena / Oso ona;3;Muy buena / Oso ona;7,49;38;63;992,5;0;172,1;8,8;0,49;Buena / Ona
23/03/2017;0,57;0,21;0,24;Muy buena / Oso ona;0,64;8;30;62;Buena / Ona;43;8;Muy buena / Oso ona;;Sin datos / Daturik gabe;3;Muy buena / Oso ona;3,2;229;61;986,9;0;172,1;7,6;1,17;Buena / Ona
22/03/2017;0,43;0,2;0,24;Muy buena / Oso ona;0,18;4;31;48;Muy buena / Oso ona;37;9;Muy buena / Oso ona;3;Muy buena / Oso ona;2;Muy buena / Oso ona;2,4;225;70;988;0;54;9,4;0,65;Muy buena / Oso ona
21/03/2017;0,42;0,21;0,23;Muy buena / Oso ona;0,4;6;30;54;Buena / Ona;39;;Sin datos / Daturik gabe;8;Muy buena / Oso ona;2;Muy buena / Oso ona;2,75;304;78;995,4;0;42,1;10,3;0,05;Buena / Ona
20/03/2017;0,4;0,19;0,24;Muy buena / Oso ona;0,09;2;19;40;Muy buena / Oso ona;22;14;Muy buena / Oso ona;4;Muy buena / Oso ona;2;Muy buena / Oso ona;;43;67;995,3;0;140,2;12,1;0,78;Muy buena / Oso ona
19/03/2017;0,36;0,2;0,23;Muy buena / Oso ona;0,12;2;15;27;Muy buena / Oso ona;19;17;Muy buena / Oso ona;7;Muy buena / Oso ona;3;Muy buena / Oso ona;;46;72;998,5;0;184,9;10,9;1,13;Muy buena / Oso ona
18/03/2017;0,27;0,18;0,19;Muy buena / Oso ona;0,04;1;13;30;Muy buena / Oso ona;15;17;Muy buena / Oso ona;8;Muy buena / Oso ona;2;Muy buena / Oso ona;;35;67;1002,4;0;104,4;11,7;0,99;Muy buena / Oso ona
17/03/2017;1,03;0,24;0,32;Muy buena / Oso ona;5,52;17;31;74;Buena / Ona;57;29;Buena / Ona;12;Muy buena / Oso ona;3;Muy buena / Oso ona;11,01;44;66;1000,8;0;177,2;13;0,55;Buena / Ona
16/03/2017;0,99;0,25;0,33;Muy buena / Oso ona;1,75;16;39;74;Buena / Ona;63;29;Buena / Ona;12;Muy buena / Oso ona;3;Muy buena / Oso ona;5,74;221;50;998,7;0;211,8;16,5;1,07;Buena / Ona
15/03/2017;0,75;0,27;0,3;Muy buena / Oso ona;0,79;10;29;50;Muy buena / Oso ona;44;36;Buena / Ona;16;Muy buena / Oso ona;3;Muy buena / Oso ona;4,9;42;74;1004,9;0;173,4;13,4;0,67;Buena / Ona
14/03/2017;0,69;0,26;0,28;Muy buena / Oso ona;0,29;9;28;47;Muy buena / Oso ona;42;29;Buena / Ona;12;Muy buena / Oso ona;3;Muy buena / Oso ona;3,73;27;77;1009,7;0;110,2;12,2;0,57;Buena / Ona
13/03/2017;0,47;0,24;0,33;Muy buena / Oso ona;0,22;3;28;53;Buena / Ona;33;10;Muy buena / Oso ona;4;Muy buena / Oso ona;2;Muy buena / Oso ona;;328;84;1004,9;0,2;20,7;10,4;0,3;Buena / Ona
12/03/2017;0,31;0,18;0,2;Muy buena / Oso ona;0,04;1;15;26;Muy buena / Oso ona;17;7;Muy buena / Oso ona;3;Muy buena / Oso ona;2;Muy buena / Oso ona;;223;78;998,2;0,1;38,2;11,2;0,94;Muy buena / Oso ona
11/03/2017;0,71;0,21;0,28;Muy buena / Oso ona;1,24;13;25;58;Buena / Ona;44;25;Muy buena / Oso ona;13;Muy buena / Oso ona;4;Muy buena / Oso ona;6,13;237;59;995,3;0;150,9;15,2;0,22;Buena / Ona
10/03/2017;0,82;0,26;0,35;Muy buena / Oso ona;1,84;25;38;73;Buena / Ona;77;30;Buena / Ona;13;Muy buena / Oso ona;3;Muy buena / Oso ona;9,18;119;64;999,1;0;138,9;14,5;0,12;Buena / Ona
09/03/2017;0,54;0,25;0,32;Muy buena / Oso ona;0,35;11;33;55;Buena / Ona;50;27;Buena / Ona;11;Muy buena / Oso ona;3;Muy buena / Oso ona;4,49;51;73;1003,5;0;163,3;14,3;0,36;Buena / Ona
08/03/2017;0,4;0,22;0,26;Muy buena / Oso ona;0,36;10;25;44;Muy buena / Oso ona;40;15;Muy buena / Oso ona;6;Muy buena / Oso ona;3;Muy buena / Oso ona;4,48;43;75;1005,4;0;169,3;14,7;0,78;Muy buena / Oso ona
07/03/2017;0,59;0,24;0,27;Muy buena / Oso ona;0,5;9;39;61;Buena / Ona;53;22;Muy buena / Oso ona;8;Muy buena / Oso ona;4;Muy buena / Oso ona;4,93;251;81;1004,3;0;36,6;12;0,35;Buena / Ona
06/03/2017;0,56;0,24;0,32;Muy buena / Oso ona;0,97;20;32;71;Buena / Ona;62;21;Muy buena / Oso ona;8;Muy buena / Oso ona;4;Muy buena / Oso ona;6,06;239;71;999,6;0;95,4;13,4;0,68;Buena / Ona
05/03/2017;0,48;0,24;0,27;Muy buena / Oso ona;0,08;5;25;48;Muy buena / Oso ona;33;13;Muy buena / Oso ona;6;Muy buena / Oso ona;3;Muy buena / Oso ona;1,59;268;69;992;0;57,7;12;0,31;Muy buena / Oso ona
04/03/2017;0,53;0,2;0,24;Muy buena / Oso ona;0,15;4;22;36;Muy buena / Oso ona;28;;Sin datos / Daturik gabe;4;Muy buena / Oso ona;2;Muy buena / Oso ona;1,37;213;74;983,1;0;110,5;7,6;0,57;Muy buena / Oso ona
03/03/2017;0,32;0,17;0,25;Muy buena / Oso ona;0,12;2;18;35;Muy buena / Oso ona;21;15;Muy buena / Oso ona;7;Muy buena / Oso ona;2;Muy buena / Oso ona;;210;57;979,8;0;102,9;14,4;2,58;Muy buena / Oso ona
02/03/2017;0,83;0,26;0,32;Muy buena / Oso ona;1,44;24;36;73;Buena / Ona;74;17;Muy buena / Oso ona;;Sin datos / Daturik gabe;3;Muy buena / Oso ona;7,35;218;58;993,7;0;151,3;14,7;0,73;Buena / Ona
01/03/2017;1,11;0,28;0,34;Muy buena / Oso ona;1,79;27;41;60;Buena / Ona;81;27;Buena / Ona;12;Muy buena / Oso ona;3;Muy buena / Oso ona;5,52;221;70;995,2;0;145,4;10,2;0,92;Buena / Ona
28/02/2017;0,47;0,21;0,26;Muy buena / Oso ona;0,43;6;32;57;Buena / Ona;42;10;Muy buena / Oso ona;4;Muy buena / Oso ona;2;Muy buena / Oso ona;3,54;222;69;989,8;0;36,7;10,1;2,05;Buena / Ona
27/02/2017;0,67;0,29;0,52;Muy buena / Oso ona;0,6;12;30;84;Buena / Ona;49;15;Muy buena / Oso ona;7;Muy buena / Oso ona;3;Muy buena / Oso ona;4,18;228;58;988,9;0;153,6;13,1;2,05;Buena / Ona
26/02/2017;0,69;0,28;0,31;Muy buena / Oso ona;0,97;10;25;51;Buena / Ona;40;21;Muy buena / Oso ona;10;Muy buena / Oso ona;3;Muy buena / Oso ona;4,32;40;72;997,1;0;142,5;10,3;0,42;Buena / Ona
25/02/2017;0,58;0,23;0,27;Muy buena / Oso ona;1,35;9;33;52;Buena / Ona;47;19;Muy buena / Oso ona;;Sin datos / Daturik gabe;3;Muy buena / Oso ona;3,1;227;67;998;0;149;9,6;0,33;Buena / Ona
24/02/2017;0,38;0,19;0,29;Muy buena / Oso ona;0,1;3;25;54;Buena / Ona;29;11;Muy buena / Oso ona;5;Muy buena / Oso ona;2;Muy buena / Oso ona;2,64;30;80;997,9;0;68,1;9,6;0,59;Buena / Ona
23/02/2017;1,12;0,34;0,52;Muy buena / Oso ona;1,68;28;33;57;Buena / Ona;76;44;Buena / Ona;24;Buena / Ona;3;Muy buena / Oso ona;7,59;40;75;993,9;0;106;10,4;0,98;Buena / Ona
22/02/2017;1,1;0,37;0,55;Muy buena / Oso ona;1,28;24;41;70;Buena / Ona;77;42;Buena / Ona;23;Buena / Ona;3;Muy buena / Oso ona;7,06;121;75;998,9;0;130,2;9,8;0,14;Buena / Ona
21/02/2017;0,9;0,28;0,33;Muy buena / Oso ona;2,13;25;36;62;Buena / Ona;75;32;Buena / Ona;17;Buena / Ona;3;Muy buena / Oso ona;7,81;39;77;1003,9;0;114,7;8,7;0,17;Buena / Ona
20/02/2017;0,81;0,28;0,35;Muy buena / Oso ona;0,68;17;40;62;Buena / Ona;66;24;Muy buena / Oso ona;14;Muy buena / Oso ona;3;Muy buena / Oso ona;7,56;25;79;1005,8;0;23,9;10,3;0,29;Buena / Ona
19/02/2017;0,47;0,3;0,4;Muy buena / Oso ona;0,08;4;27;56;Buena / Ona;32;22;Muy buena / Oso ona;13;Muy buena / Oso ona;2;Muy buena / Oso ona;2,82;40;74;1004,7;0;55,8;11,8;0,56;Buena / Ona
18/02/2017;0,63;0,25;0,34;Muy buena / Oso ona;2,23;13;24;35;Muy buena / Oso ona;44;29;Buena / Ona;16;Muy buena / Oso ona;3;Muy buena / Oso ona;6,61;47;75;999,5;0;109,9;10;0,59;Buena / Ona
17/02/2017;1,05;0,3;0,34;Muy buena / Oso ona;2,45;35;38;65;Buena / Ona;91;33;Buena / Ona;15;Muy buena / Oso ona;3;Muy buena / Oso ona;15,24;36;67;1004,2;0;135;10,8;0,14;Buena / Ona
16/02/2017;1,08;0,3;0,37;Muy buena / Oso ona;2,97;35;44;76;Buena / Ona;98;28;Buena / Ona;13;Muy buena / Oso ona;3;Muy buena / Oso ona;7,86;217;66;1007,6;0;128,6;12,4;0,84;Buena / Ona
15/02/2017;0,84;0,24;0,32;Muy buena / Oso ona;1,2;13;32;70;Buena / Ona;53;16;Muy buena / Oso ona;7;Muy buena / Oso ona;3;Muy buena / Oso ona;;226;60;1007,1;0;131,5;13,6;1,53;Buena / Ona
14/02/2017;1,22;0,3;0,39;Muy buena / Oso ona;2,82;24;37;67;Buena / Ona;74;18;Muy buena / Oso ona;10;Muy buena / Oso ona;3;Muy buena / Oso ona;2,74;225;68;998,4;0;115;11;1,2;Buena / Ona
13/02/2017;0,77;0,21;0,27;Muy buena / Oso ona;0,86;5;24;63;Buena / Ona;31;20;Muy buena / Oso ona;7;Muy buena / Oso ona;2;Muy buena / Oso ona;;160;65;984,8;1,8;33,5;12,9;1,37;Buena / Ona
12/02/2017;0,74;0,21;0,35;Muy buena / Oso ona;0,75;1;14;33;Muy buena / Oso ona;17;32;Buena / Ona;11;Muy buena / Oso ona;2;Muy buena / Oso ona;;96;61;982,6;1,5;50,7;12,4;1;Buena / Ona
11/02/2017;1,26;0,3;0,35;Muy buena / Oso ona;2,39;16;46;62;Buena / Ona;70;28;Buena / Ona;16;Muy buena / Oso ona;3;Muy buena / Oso ona;4,33;26;76;991,7;0,8;29,4;7,9;0,28;Buena / Ona
10/02/2017;0,82;0,21;0,33;Muy buena / Oso ona;1,02;6;35;70;Buena / Ona;44;13;Muy buena / Oso ona;7;Muy buena / Oso ona;3;Muy buena / Oso ona;;233;48;989,8;0;71,5;10,6;1,71;Buena / Ona
09/02/2017;0,91;0,24;0,33;Muy buena / Oso ona;1,29;16;39;63;Buena / Ona;63;15;Muy buena / Oso ona;6;Muy buena / Oso ona;2;Muy buena / Oso ona;2,52;260;77;996;0,4;96,9;7,9;0,17;Buena / Ona
08/02/2017;0,75;0,19;0,27;Muy buena / Oso ona;0,92;6;32;73;Buena / Ona;42;7;Muy buena / Oso ona;3;Muy buena / Oso ona;2;Muy buena / Oso ona;;296;83;1004,5;9;48,9;7;0,28;Buena / Ona
07/02/2017;1,03;0,26;0,44;Muy buena / Oso ona;2,22;23;39;64;Buena / Ona;75;14;Muy buena / Oso ona;7;Muy buena / Oso ona;3;Muy buena / Oso ona;5,75;224;87;1000,5;6,2;31,5;10;0,64;Buena / Ona
06/02/2017;1,1;0,29;0,44;Muy buena / Oso ona;1,8;37;51;77;Buena / Ona;107;14;Muy buena / Oso ona;6;Muy buena / Oso ona;3;Muy buena / Oso ona;;247;88;1001,5;5,9;21,4;9,1;0,32;Buena / Ona
05/02/2017;0,65;0,17;0,23;Muy buena / Oso ona;0,77;2;18;36;Muy buena / Oso ona;20;6;Muy buena / Oso ona;2;Muy buena / Oso ona;2;Muy buena / Oso ona;;216;73;991,3;6,7;35;8,8;2,06;Muy buena / Oso ona
04/02/2017;0,74;0,2;0,24;Muy buena / Oso ona;0,89;4;25;63;Buena / Ona;31;;Sin datos / Daturik gabe;3;Muy buena / Oso ona;2;Muy buena / Oso ona;;226;74;985;3;21,8;12,9;1,48;Buena / Ona
03/02/2017;0,68;0,17;0,22;Muy buena / Oso ona;0,88;3;23;55;Buena / Ona;28;10;Muy buena / Oso ona;4;Muy buena / Oso ona;2;Muy buena / Oso ona;;217;50;985,9;0,7;72,1;13,1;3,9;Buena / Ona
02/02/2017;0,7;0,19;0,24;Muy buena / Oso ona;0,89;3;24;44;Muy buena / Oso ona;30;7;Muy buena / Oso ona;3;Muy buena / Oso ona;2;Muy buena / Oso ona;1,14;213;58;986,4;1,3;32;13;2,94;Muy buena / Oso ona
01/02/2017;0,81;0,21;0,28;Muy buena / Oso ona;1,79;7;32;55;Buena / Ona;43;15;Muy buena / Oso ona;7;Muy buena / Oso ona;3;Muy buena / Oso ona;2,28;227;55;990,9;0;54,5;15,1;1,65;Buena / Ona
31/01/2017;0,79;0,22;0,27;Muy buena / Oso ona;1,05;15;34;73;Buena / Ona;56;16;Muy buena / Oso ona;6;Muy buena / Oso ona;2;Muy buena / Oso ona;1,89;231;57;991,8;0;103,3;15;2,08;Buena / Ona
30/01/2017;1,28;0,29;0,42;Muy buena / Oso ona;1,28;37;34;60;Buena / Ona;91;16;Muy buena / Oso ona;9;Muy buena / Oso ona;3;Muy buena / Oso ona;3,59;235;69;996;0;52,8;13,6;1,13;Buena / Ona
29/01/2017;1,03;0,27;0,35;Muy buena / Oso ona;3,07;13;25;48;Muy buena / Oso ona;45;14;Muy buena / Oso ona;7;Muy buena / Oso ona;3;Muy buena / Oso ona;2,22;213;73;998,6;0,2;65,9;9;1,07;Muy buena / Oso ona
28/01/2017;1,03;0,27;0,4;Muy buena / Oso ona;1,21;13;32;50;Muy buena / Oso ona;52;16;Muy buena / Oso ona;9;Muy buena / Oso ona;3;Muy buena / Oso ona;1,91;250;76;997,8;0;77,4;8,6;0,23;Muy buena / Oso ona
27/01/2017;0,86;0,27;0,39;Muy buena / Oso ona;1,02;14;30;71;Buena / Ona;51;16;Muy buena / Oso ona;9;Muy buena / Oso ona;3;Muy buena / Oso ona;;221;64;986,4;1,7;44,7;10,2;2,08;Buena / Ona
26/01/2017;1,16;0,29;0,46;Muy buena / Oso ona;1,44;17;31;76;Buena / Ona;57;31;Buena / Ona;16;Muy buena / Oso ona;3;Muy buena / Oso ona;3;217;62;990,7;0;82,6;;1,28;Buena / Ona
25/01/2017;1,59;0,39;0,54;Muy buena / Oso ona;2,64;34;42;75;Buena / Ona;95;35;Buena / Ona;22;Buena / Ona;3;Muy buena / Oso ona;5,8;150;75;999,7;0;90,6;;0,18;Buena / Ona
24/01/2017;2,1;0,45;0,52;Muy buena / Oso ona;5;58;45;78;Buena / Ona;133;39;Buena / Ona;24;Buena / Ona;4;Muy buena / Oso ona;7,35;128;75;1003,6;0;95,5;5,6;0,05;Buena / Ona
23/01/2017;2,04;0,45;0,57;Muy buena / Oso ona;2,81;50;41;75;Buena / Ona;117;38;Buena / Ona;21;Buena / Ona;3;Muy buena / Oso ona;6,7;232;79;1000,5;0;65,8;5,4;0,29;Buena / Ona
22/01/2017;1,75;0,44;0,55;Muy buena / Oso ona;1,24;33;36;55;Buena / Ona;87;30;Buena / Ona;18;Buena / Ona;3;Muy buena / Oso ona;3,18;13;84;998,7;0,1;42,7;;0,1;Buena / Ona
21/01/2017;1,7;0,4;0,48;Muy buena / Oso ona;1,48;28;36;57;Buena / Ona;79;30;Buena / Ona;18;Buena / Ona;3;Muy buena / Oso ona;3,33;40;76;998,8;0;83,2;;0,06;Buena / Ona
20/01/2017;1,83;0,42;0,46;Muy buena / Oso ona;2,22;39;42;62;Buena / Ona;102;47;Buena / Ona;26;Buena / Ona;3;Muy buena / Oso ona;5,52;164;80;1000,9;0;72,1;;0,2;Buena / Ona
19/01/2017;1,48;0,33;0,41;Muy buena / Oso ona;1,31;19;41;52;Buena / Ona;70;29;Buena / Ona;15;Muy buena / Oso ona;3;Muy buena / Oso ona;3,41;26;76;1002,7;0;34,4;2,2;0,41;Buena / Ona
18/01/2017;1,12;0,25;0,27;Muy buena / Oso ona;1,05;9;39;58;Buena / Ona;52;22;Muy buena / Oso ona;9;Muy buena / Oso ona;2;Muy buena / Oso ona;1,53;39;71;1003,2;0;11,3;;0,8;Buena / Ona
17/01/2017;0,86;0,23;0,26;Muy buena / Oso ona;0,86;3;15;31;Muy buena / Oso ona;19;6;Muy buena / Oso ona;;Sin datos / Daturik gabe;2;Muy buena / Oso ona;0,2;31;60;1003,5;0,5;90,2;4,1;1,35;Muy buena / Oso ona
16/01/2017;0,71;0,2;0,26;Muy buena / Oso ona;0,77;3;23;60;Buena / Ona;27;;Sin datos / Daturik gabe;2;Muy buena / Oso ona;2;Muy buena / Oso ona;0,27;354;87;1002,1;33,8;23,9;10;0,6;Buena / Ona
15/01/2017;0,74;0,18;0,29;Muy buena / Oso ona;0,81;2;22;42;Muy buena / Oso ona;24;6;Muy buena / Oso ona;1;Muy buena / Oso ona;2;Muy buena / Oso ona;0,38;330;87;1005,9;24,7;16,1;7,6;0,32;Muy buena / Oso ona
14/01/2017;0,94;0,21;0,27;Muy buena / Oso ona;1,05;4;34;52;Buena / Ona;40;8;Muy buena / Oso ona;;Sin datos / Daturik gabe;2;Muy buena / Oso ona;1,04;275;90;1005,2;13,5;25,8;4,4;0,14;Buena / Ona
13/01/2017;0,79;0,18;0,26;Muy buena / Oso ona;1,02;6;35;59;Buena / Ona;45;9;Muy buena / Oso ona;2;Muy buena / Oso ona;1;Muy buena / Oso ona;1,49;234;83;1000,9;8,9;37,7;6,6;0,29;Buena / Ona
12/01/2017;1,09;0,26;0,34;Muy buena / Oso ona;1,8;32;33;44;Muy buena / Oso ona;82;19;Muy buena / Oso ona;8;Muy buena / Oso ona;1;Muy buena / Oso ona;5,14;231;87;998,7;0,8;38,3;11,3;0,33;Muy buena / Oso ona
11/01/2017;1,07;0,33;0,4;Muy buena / Oso ona;1,7;38;54;80;Buena / Ona;111;13;Muy buena / Oso ona;6;Muy buena / Oso ona;1;Muy buena / Oso ona;6;4;92;1001,5;11,8;23,1;11,8;0,19;Buena / Ona
10/01/2017;1,34;0,34;0,45;Muy buena / Oso ona;2,86;29;44;78;Buena / Ona;89;20;Muy buena / Oso ona;11;Muy buena / Oso ona;1;Muy buena / Oso ona;4,32;279;88;997,8;30,8;12;8,5;0,26;Buena / Ona
09/01/2017;1,51;0,41;0,45;Muy buena / Oso ona;1,6;50;44;77;Buena / Ona;121;34;Buena / Ona;18;Buena / Ona;1;Muy buena / Oso ona;5,35;240;79;1006,3;0;57,7;7,5;0,52;Buena / Ona
08/01/2017;1,29;0,38;0,53;Muy buena / Oso ona;0,99;17;38;79;Buena / Ona;64;28;Buena / Ona;16;Muy buena / Oso ona;1;Muy buena / Oso ona;1,61;21;74;1010,2;0,1;59,5;;0,26;Buena / Ona
07/01/2017;1,6;0,41;0,51;Muy buena / Oso ona;1,08;26;34;61;Buena / Ona;74;30;Buena / Ona;19;Buena / Ona;1;Muy buena / Oso ona;2,11;15;73;1010,3;0;78,8;;0,2;Buena / Ona
06/01/2017;1,3;0,3;0,47;Muy buena / Oso ona;1,12;16;30;56;Buena / Ona;54;23;Muy buena / Oso ona;15;Muy buena / Oso ona;1;Muy buena / Oso ona;2,22;19;76;1009,3;0;79,7;;0,19;Buena / Ona
05/01/2017;2,04;0,42;0,57;Muy buena / Oso ona;2,05;48;39;67;Buena / Ona;112;41;Buena / Ona;26;Buena / Ona;1;Muy buena / Oso ona;6,22;89;80;1008;0;56,6;;0,08;Buena / Ona
04/01/2017;1,92;0,47;0,56;Muy buena / Oso ona;1,63;51;38;58;Buena / Ona;116;43;Buena / Ona;28;Buena / Ona;1;Muy buena / Oso ona;5,4;190;79;1005,3;0;71,6;;0,09;Buena / Ona
03/01/2017;2,16;0,52;0,62;Muy buena / Oso ona;1,69;52;38;63;Buena / Ona;118;42;Buena / Ona;26;Buena / Ona;1;Muy buena / Oso ona;5,51;193;77;1002,5;0;69,9;;0,2;Buena / Ona
02/01/2017;1,19;0,31;0,43;Muy buena / Oso ona;1,46;35;37;63;Buena / Ona;91;23;Muy buena / Oso ona;13;Muy buena / Oso ona;1;Muy buena / Oso ona;3,38;325;73;999,1;0;52,8;4,9;0,22;Buena / Ona
01/01/2017;1,17;0,28;0,4;Muy buena / Oso ona;1,14;19;26;39;Muy buena / Oso ona;55;18;Muy buena / Oso ona;14;Muy buena / Oso ona;1;Muy buena / Oso ona;1,72;41;80;1001,5;0;73,9;;0,24;Muy buena / Oso ona
