Date;NO (µg/m3);NO2 (µg/m3);NO2 max (µg/m3);NO2 - ICA;NOX (µg/m3);O3 (µg/m3);O3 8h max (µg/m3);O3 8h max - ICA;PM10 (µg/m3);PM10 - ICA;PM2,5 (µg/m3);PM2,5 - ICA;SO2 (µg/m3);SO2 - ICA;D.vien (grados);H (%);P (mBar);Precipitación (l/m2);R (w/m2);Tº (ºC);V.vien (m/s);ICA Estación
28/10/2017;10;25;56;Buena / Ona;41;33;49;Muy buena / Oso ona;13;Muy buena / Oso ona;16;Muy buena / Oso ona;2;Muy buena / Oso ona;306;88;1015,4;0;41,4;14,8;0,56;Buena / Ona
27/10/2017;32;33;75;Buena / Ona;82;24;44;Muy buena / Oso ona;30;Buena / Ona;26;Buena / Ona;3;Muy buena / Oso ona;299;90;1017;0;56,1;14,8;0,77;Buena / Ona
26/10/2017;22;45;81;Buena / Ona;78;25;46;Muy buena / Oso ona;27;Buena / Ona;21;Buena / Ona;4;Muy buena / Oso ona;233;62;1011,2;0;145,8;18,8;0,45;Buena / Ona
25/10/2017;46;46;82;Buena / Ona;116;15;31;Muy buena / Oso ona;34;Buena / Ona;23;Buena / Ona;3;Muy buena / Oso ona;132;68;1007;0;149,7;17,2;0,9;Buena / Ona
24/10/2017;;;;Sin datos / Daturik gabe;;13;24;Muy buena / Oso ona;26;Buena / Ona;18;Buena / Ona;2;Muy buena / Oso ona;135;69;1008,4;0;145,8;15,4;0,82;Buena / Ona
23/10/2017;;;;Sin datos / Daturik gabe;;19;41;Muy buena / Oso ona;18;Muy buena / Oso ona;15;Muy buena / Oso ona;1;Muy buena / Oso ona;146;79;1012,1;0;155,7;13,5;0,57;Muy buena / Oso ona
22/10/2017;;;;Sin datos / Daturik gabe;;35;52;Muy buena / Oso ona;7;Muy buena / Oso ona;10;Muy buena / Oso ona;1;Muy buena / Oso ona;274;88;1014,1;0;62,6;13,3;0,26;Muy buena / Oso ona
21/10/2017;;;;Sin datos / Daturik gabe;;44;56;Muy buena / Oso ona;13;Muy buena / Oso ona;11;Muy buena / Oso ona;1;Muy buena / Oso ona;299;75;1009,3;0;66,2;16,4;1,2;Muy buena / Oso ona
20/10/2017;29;37;75;Buena / Ona;81;23;41;Muy buena / Oso ona;21;Muy buena / Oso ona;16;Muy buena / Oso ona;1;Muy buena / Oso ona;125;60;1001,2;0;134,2;19,9;0,35;Buena / Ona
19/10/2017;12;30;52;Buena / Ona;49;23;47;Muy buena / Oso ona;16;Muy buena / Oso ona;13;Muy buena / Oso ona;1;Muy buena / Oso ona;146;75;996,9;0;148,6;16;1,15;Buena / Ona
18/10/2017;13;40;66;Buena / Ona;57;23;33;Muy buena / Oso ona;19;Muy buena / Oso ona;20;Buena / Ona;1;Muy buena / Oso ona;210;83;995,9;0,1;31;16,4;0,5;Buena / Ona
17/10/2017;8;29;88;Buena / Ona;41;35;61;Buena / Ona;30;Buena / Ona;18;Buena / Ona;1;Muy buena / Oso ona;159;65;1001,4;0;109,5;20,5;1,04;Buena / Ona
16/10/2017;12;31;86;Buena / Ona;42;45;65;Buena / Ona;28;Buena / Ona;19;Buena / Ona;1;Muy buena / Oso ona;198;64;1006,8;0;156,5;21,8;1,14;Buena / Ona
15/10/2017;7;26;59;Buena / Ona;29;45;65;Buena / Ona;21;Muy buena / Oso ona;16;Muy buena / Oso ona;1;Muy buena / Oso ona;160;54;1006,7;0;154,2;24;2,16;Buena / Ona
14/10/2017;4;23;50;Muy buena / Oso ona;27;49;79;Buena / Ona;31;Buena / Ona;27;Buena / Ona;1;Muy buena / Oso ona;163;66;1007,8;0;166;22,5;1,47;Buena / Ona
13/10/2017;17;24;51;Buena / Ona;51;39;72;Buena / Ona;30;Buena / Ona;29;Buena / Ona;1;Muy buena / Oso ona;286;80;1008,9;0;159;18,7;0,65;Buena / Ona
12/10/2017;11;20;43;Muy buena / Oso ona;36;20;52;Muy buena / Oso ona;21;Muy buena / Oso ona;22;Buena / Ona;1;Muy buena / Oso ona;164;81;1009,6;0;172,1;17;0,19;Buena / Ona
11/10/2017;14;32;58;Buena / Ona;53;26;59;Muy buena / Oso ona;28;Buena / Ona;22;Buena / Ona;2;Muy buena / Oso ona;212;74;1006,3;0;168,2;17,2;0,46;Buena / Ona
10/10/2017;19;26;50;Muy buena / Oso ona;55;15;42;Muy buena / Oso ona;22;Muy buena / Oso ona;20;Buena / Ona;2;Muy buena / Oso ona;167;82;1005,9;0;168,3;15,5;0,33;Buena / Ona
09/10/2017;23;26;53;Buena / Ona;61;20;51;Muy buena / Oso ona;17;Muy buena / Oso ona;15;Muy buena / Oso ona;1;Muy buena / Oso ona;208;78;1007,4;0;190;14,4;0,27;Buena / Ona
08/10/2017;8;18;47;Muy buena / Oso ona;28;24;59;Muy buena / Oso ona;9;Muy buena / Oso ona;10;Muy buena / Oso ona;1;Muy buena / Oso ona;217;78;1008,1;0;192,2;13,7;0,31;Muy buena / Oso ona
07/10/2017;10;18;44;Muy buena / Oso ona;33;22;57;Muy buena / Oso ona;10;Muy buena / Oso ona;11;Muy buena / Oso ona;1;Muy buena / Oso ona;179;81;1009,8;0;186;13,4;0,42;Muy buena / Oso ona
06/10/2017;10;28;53;Buena / Ona;43;25;45;Muy buena / Oso ona;14;Muy buena / Oso ona;12;Muy buena / Oso ona;2;Muy buena / Oso ona;289;91;1011,1;0;77,1;16;1,39;Buena / Ona
05/10/2017;13;27;43;Muy buena / Oso ona;47;21;41;Muy buena / Oso ona;21;Muy buena / Oso ona;22;Buena / Ona;1;Muy buena / Oso ona;287;93;1009,4;0;66,3;18,9;1,33;Buena / Ona
04/10/2017;;;;Sin datos / Daturik gabe;;;;Sin datos / Daturik gabe;;Sin datos / Daturik gabe;;Sin datos / Daturik gabe;;Sin datos / Daturik gabe;;;;;;;;Sin datos / Daturik gabe
03/10/2017;14;17;26;Muy buena / Oso ona;39;6;17;Muy buena / Oso ona;13;Muy buena / Oso ona;16;Muy buena / Oso ona;0;Muy buena / Oso ona;258;91;1008,9;0;113,9;19,2;0,5;Muy buena / Oso ona
02/10/2017;17;30;53;Buena / Ona;57;6;12;Muy buena / Oso ona;17;Muy buena / Oso ona;22;Buena / Ona;1;Muy buena / Oso ona;306;97;1010,1;0;63,3;18,9;0,61;Buena / Ona
01/10/2017;10;20;31;Muy buena / Oso ona;35;5;11;Muy buena / Oso ona;9;Muy buena / Oso ona;17;Buena / Ona;1;Muy buena / Oso ona;176;99;1009;0;24,7;16,3;0,27;Buena / Ona
30/09/2017;5;19;27;Muy buena / Oso ona;27;27;46;Muy buena / Oso ona;9;Muy buena / Oso ona;12;Muy buena / Oso ona;1;Muy buena / Oso ona;225;93;1007,6;0;43,5;16,9;0,44;Muy buena / Oso ona
29/09/2017;17;31;58;Buena / Ona;58;34;78;Buena / Ona;37;Buena / Ona;26;Buena / Ona;2;Muy buena / Oso ona;288;80;1006,6;0;180,6;19,4;1,04;Buena / Ona
28/09/2017;20;38;80;Buena / Ona;69;26;71;Buena / Ona;30;Buena / Ona;22;Buena / Ona;1;Muy buena / Oso ona;144;70;1005,9;0;200,2;21;0,87;Buena / Ona
27/09/2017;16;31;66;Buena / Ona;55;28;69;Buena / Ona;20;Muy buena / Oso ona;19;Buena / Ona;1;Muy buena / Oso ona;173;69;1004,5;0;214,8;19,3;0,51;Buena / Ona
26/09/2017;13;21;35;Muy buena / Oso ona;41;25;55;Muy buena / Oso ona;20;Muy buena / Oso ona;20;Buena / Ona;1;Muy buena / Oso ona;148;81;1006,7;0;184,1;18;0,6;Buena / Ona
25/09/2017;17;29;47;Muy buena / Oso ona;54;21;56;Muy buena / Oso ona;22;Muy buena / Oso ona;19;Buena / Ona;1;Muy buena / Oso ona;307;90;1007,5;0,1;97,9;17,4;1,07;Buena / Ona
24/09/2017;5;17;35;Muy buena / Oso ona;24;45;75;Buena / Ona;18;Muy buena / Oso ona;14;Muy buena / Oso ona;1;Muy buena / Oso ona;292;76;1003,8;0;206,8;20,4;0,88;Buena / Ona
23/09/2017;9;22;56;Buena / Ona;35;32;73;Buena / Ona;16;Muy buena / Oso ona;15;Muy buena / Oso ona;1;Muy buena / Oso ona;129;72;1003,9;0;215,1;20,2;0,48;Buena / Ona
22/09/2017;10;28;41;Muy buena / Oso ona;43;20;40;Muy buena / Oso ona;17;Muy buena / Oso ona;17;Buena / Ona;1;Muy buena / Oso ona;303;94;1006,9;0;95,4;16,5;1,11;Buena / Ona
21/09/2017;21;30;67;Buena / Ona;62;28;65;Buena / Ona;25;Muy buena / Oso ona;22;Buena / Ona;2;Muy buena / Oso ona;287;78;1003,7;0;187,9;16,6;0,77;Buena / Ona
20/09/2017;13;26;61;Buena / Ona;46;21;54;Muy buena / Oso ona;16;Muy buena / Oso ona;13;Muy buena / Oso ona;1;Muy buena / Oso ona;134;71;1005,1;0;227,5;16;0,74;Buena / Ona
19/09/2017;10;25;40;Muy buena / Oso ona;40;25;58;Muy buena / Oso ona;17;Muy buena / Oso ona;12;Muy buena / Oso ona;2;Muy buena / Oso ona;280;83;1010;0;165,4;15,3;0,44;Muy buena / Oso ona
18/09/2017;12;28;50;Muy buena / Oso ona;46;20;31;Muy buena / Oso ona;12;Muy buena / Oso ona;14;Muy buena / Oso ona;1;Muy buena / Oso ona;256;94;1005,2;0,1;61,7;15,1;0,47;Muy buena / Oso ona
17/09/2017;5;14;32;Muy buena / Oso ona;21;31;64;Buena / Ona;6;Muy buena / Oso ona;8;Muy buena / Oso ona;1;Muy buena / Oso ona;296;77;1003,4;0;181,9;14,7;0,71;Buena / Ona
16/09/2017;5;18;34;Muy buena / Oso ona;25;29;57;Muy buena / Oso ona;7;Muy buena / Oso ona;8;Muy buena / Oso ona;1;Muy buena / Oso ona;288;85;1002,4;0;162,2;12,7;0,71;Muy buena / Oso ona
15/09/2017;17;26;37;Muy buena / Oso ona;51;17;34;Muy buena / Oso ona;14;Muy buena / Oso ona;15;Muy buena / Oso ona;2;Muy buena / Oso ona;269;94;1003,6;0,2;115,3;12,2;0,45;Muy buena / Oso ona
14/09/2017;9;24;43;Muy buena / Oso ona;37;27;50;Muy buena / Oso ona;14;Muy buena / Oso ona;12;Muy buena / Oso ona;2;Muy buena / Oso ona;299;82;1007,2;0,1;120,9;15,9;1,19;Muy buena / Oso ona
13/09/2017;16;22;45;Muy buena / Oso ona;47;23;53;Muy buena / Oso ona;18;Muy buena / Oso ona;17;Buena / Ona;2;Muy buena / Oso ona;280;77;1006,1;0;230;19,5;0,69;Buena / Ona
12/09/2017;7;24;46;Muy buena / Oso ona;34;28;52;Muy buena / Oso ona;9;Muy buena / Oso ona;12;Muy buena / Oso ona;1;Muy buena / Oso ona;280;84;1004,6;0;171,2;17,1;0,21;Muy buena / Oso ona
11/09/2017;6;24;47;Muy buena / Oso ona;32;29;41;Muy buena / Oso ona;14;Muy buena / Oso ona;16;Muy buena / Oso ona;1;Muy buena / Oso ona;300;88;1000,1;0,1;59,4;17,1;1,74;Muy buena / Oso ona
10/09/2017;4;18;29;Muy buena / Oso ona;24;37;59;Muy buena / Oso ona;8;Muy buena / Oso ona;11;Muy buena / Oso ona;1;Muy buena / Oso ona;307;83;999,6;0,2;129,1;16,1;1,08;Muy buena / Oso ona
09/09/2017;4;20;35;Muy buena / Oso ona;27;35;49;Muy buena / Oso ona;8;Muy buena / Oso ona;13;Muy buena / Oso ona;2;Muy buena / Oso ona;297;89;996;0,3;138,3;15,8;1,6;Muy buena / Oso ona
08/09/2017;;;;Sin datos / Daturik gabe;;;;Sin datos / Daturik gabe;;Sin datos / Daturik gabe;;Sin datos / Daturik gabe;;Sin datos / Daturik gabe;;;;;;;;Sin datos / Daturik gabe
07/09/2017;;;;Sin datos / Daturik gabe;;;;Sin datos / Daturik gabe;;Sin datos / Daturik gabe;;Sin datos / Daturik gabe;;Sin datos / Daturik gabe;;;;;;;;Sin datos / Daturik gabe
06/09/2017;7;23;41;Muy buena / Oso ona;34;25;40;Muy buena / Oso ona;14;Muy buena / Oso ona;16;Muy buena / Oso ona;2;Muy buena / Oso ona;285;89;1011,5;0;73,3;18,3;1,43;Muy buena / Oso ona
05/09/2017;12;19;44;Muy buena / Oso ona;37;26;53;Muy buena / Oso ona;16;Muy buena / Oso ona;17;Buena / Ona;2;Muy buena / Oso ona;303;80;1008,3;0;210;20,4;1,15;Buena / Ona
04/09/2017;12;21;29;Muy buena / Oso ona;39;18;39;Muy buena / Oso ona;12;Muy buena / Oso ona;15;Muy buena / Oso ona;1;Muy buena / Oso ona;289;83;1002,8;0;154,5;20,3;0,82;Muy buena / Oso ona
03/09/2017;3;14;24;Muy buena / Oso ona;19;31;66;Buena / Ona;6;Muy buena / Oso ona;11;Muy buena / Oso ona;1;Muy buena / Oso ona;248;73;1000,6;0;191,4;19,9;0,33;Buena / Ona
02/09/2017;4;15;24;Muy buena / Oso ona;20;38;69;Buena / Ona;10;Muy buena / Oso ona;16;Muy buena / Oso ona;1;Muy buena / Oso ona;126;75;1008,8;0;248,3;17,7;0,52;Buena / Ona
01/09/2017;9;20;33;Muy buena / Oso ona;33;29;63;Buena / Ona;12;Muy buena / Oso ona;16;Muy buena / Oso ona;1;Muy buena / Oso ona;302;80;1008,8;0;186,6;16,7;1,09;Buena / Ona
31/08/2017;8;22;44;Muy buena / Oso ona;35;31;55;Muy buena / Oso ona;9;Muy buena / Oso ona;;Sin datos / Daturik gabe;1;Muy buena / Oso ona;277;85;1007,2;0;131,3;16,9;0,49;Muy buena / Oso ona
30/08/2017;9;20;33;Muy buena / Oso ona;34;34;57;Muy buena / Oso ona;17;Muy buena / Oso ona;;Sin datos / Daturik gabe;1;Muy buena / Oso ona;295;86;1000,6;0,2;172;20,3;1,07;Muy buena / Oso ona
29/08/2017;8;26;42;Muy buena / Oso ona;37;37;67;Buena / Ona;14;Muy buena / Oso ona;;Sin datos / Daturik gabe;1;Muy buena / Oso ona;262;81;999,2;0;219,6;21,6;0,58;Buena / Ona
28/08/2017;9;23;41;Muy buena / Oso ona;37;25;42;Muy buena / Oso ona;16;Muy buena / Oso ona;;Sin datos / Daturik gabe;1;Muy buena / Oso ona;165;75;1000;0,1;67,2;22;1,09;Muy buena / Oso ona
27/08/2017;8;22;40;Muy buena / Oso ona;35;12;22;Muy buena / Oso ona;17;Muy buena / Oso ona;;Sin datos / Daturik gabe;1;Muy buena / Oso ona;149;80;999,8;0,1;56,5;22,1;0,54;Muy buena / Oso ona
26/08/2017;3;14;32;Muy buena / Oso ona;19;37;62;Buena / Ona;10;Muy buena / Oso ona;;Sin datos / Daturik gabe;1;Muy buena / Oso ona;278;79;999,3;0;191,7;23,3;0,6;Buena / Ona
25/08/2017;4;14;27;Muy buena / Oso ona;20;37;52;Muy buena / Oso ona;10;Muy buena / Oso ona;;Sin datos / Daturik gabe;1;Muy buena / Oso ona;292;82;1001,1;0;233,3;22,1;1,22;Muy buena / Oso ona
24/08/2017;3;14;34;Muy buena / Oso ona;19;39;55;Muy buena / Oso ona;11;Muy buena / Oso ona;;Sin datos / Daturik gabe;1;Muy buena / Oso ona;300;85;1001,6;0;211,9;21,7;1,63;Muy buena / Oso ona
23/08/2017;3;13;31;Muy buena / Oso ona;17;40;52;Muy buena / Oso ona;16;Muy buena / Oso ona;;Sin datos / Daturik gabe;1;Muy buena / Oso ona;280;79;1003,2;0;188,6;21,8;0,68;Muy buena / Oso ona
22/08/2017;10;27;77;Buena / Ona;43;52;86;Buena / Ona;26;Buena / Ona;18;Buena / Ona;1;Muy buena / Oso ona;294;63;1001,2;0;265,2;24,9;1,53;Buena / Ona
21/08/2017;5;19;42;Muy buena / Oso ona;27;53;103;Mejorable / Hobetzeko modukoa;11;Muy buena / Oso ona;;Sin datos / Daturik gabe;1;Muy buena / Oso ona;135;60;1002;0;296,2;23,9;1,22;Mejorable / Hobetzeko modukoa
20/08/2017;3;9;20;Muy buena / Oso ona;14;36;64;Buena / Ona;6;Muy buena / Oso ona;;Sin datos / Daturik gabe;1;Muy buena / Oso ona;159;68;1009,8;0;295,9;19;0,61;Buena / Ona
19/08/2017;4;13;22;Muy buena / Oso ona;19;35;59;Muy buena / Oso ona;6;Muy buena / Oso ona;;Sin datos / Daturik gabe;1;Muy buena / Oso ona;330;75;1008,8;0;229,5;20,1;0,55;Muy buena / Oso ona
18/08/2017;6;19;42;Muy buena / Oso ona;28;29;49;Muy buena / Oso ona;10;Muy buena / Oso ona;;Sin datos / Daturik gabe;1;Muy buena / Oso ona;284;86;1006,2;0;111,6;20,3;0,75;Muy buena / Oso ona
17/08/2017;6;16;31;Muy buena / Oso ona;26;38;64;Buena / Ona;8;Muy buena / Oso ona;;Sin datos / Daturik gabe;1;Muy buena / Oso ona;293;70;1005,6;0;295,1;21,6;0,87;Buena / Ona
16/08/2017;6;15;41;Muy buena / Oso ona;24;28;52;Muy buena / Oso ona;9;Muy buena / Oso ona;;Sin datos / Daturik gabe;1;Muy buena / Oso ona;289;76;1007,1;0;272;21,6;0,84;Muy buena / Oso ona
15/08/2017;4;14;20;Muy buena / Oso ona;20;26;44;Muy buena / Oso ona;10;Muy buena / Oso ona;;Sin datos / Daturik gabe;1;Muy buena / Oso ona;280;91;1004,9;0;74,4;20;1,06;Muy buena / Oso ona
14/08/2017;6;16;33;Muy buena / Oso ona;25;42;84;Buena / Ona;13;Muy buena / Oso ona;;Sin datos / Daturik gabe;1;Muy buena / Oso ona;205;70;999,4;0;274,6;23,6;0,57;Buena / Ona
13/08/2017;7;14;29;Muy buena / Oso ona;24;32;60;Muy buena / Oso ona;11;Muy buena / Oso ona;;Sin datos / Daturik gabe;1;Muy buena / Oso ona;287;76;1004,8;0;281;20;0,75;Muy buena / Oso ona
12/08/2017;4;12;28;Muy buena / Oso ona;18;36;64;Buena / Ona;6;Muy buena / Oso ona;;Sin datos / Daturik gabe;1;Muy buena / Oso ona;284;71;1008,7;0;308;18,1;0,56;Buena / Ona
11/08/2017;10;17;33;Muy buena / Oso ona;32;33;64;Buena / Ona;11;Muy buena / Oso ona;;Sin datos / Daturik gabe;1;Muy buena / Oso ona;303;72;1010,7;0;258,4;16,9;0,82;Buena / Ona
10/08/2017;9;26;49;Muy buena / Oso ona;40;30;48;Muy buena / Oso ona;9;Muy buena / Oso ona;;Sin datos / Daturik gabe;2;Muy buena / Oso ona;297;88;1011,6;0,1;94,7;15,6;1,38;Muy buena / Oso ona
09/08/2017;7;21;37;Muy buena / Oso ona;32;36;63;Buena / Ona;11;Muy buena / Oso ona;;Sin datos / Daturik gabe;2;Muy buena / Oso ona;302;78;1007,4;0;200,5;16,5;1,79;Buena / Ona
08/08/2017;8;22;42;Muy buena / Oso ona;35;36;55;Muy buena / Oso ona;8;Muy buena / Oso ona;6;Muy buena / Oso ona;2;Muy buena / Oso ona;295;82;1004,8;0;144;17;1,13;Muy buena / Oso ona
07/08/2017;7;18;30;Muy buena / Oso ona;28;42;65;Buena / Ona;18;Muy buena / Oso ona;;Sin datos / Daturik gabe;1;Muy buena / Oso ona;293;77;1000,5;0;281,6;20,7;1,23;Buena / Ona
06/08/2017;4;11;20;Muy buena / Oso ona;17;43;60;Muy buena / Oso ona;9;Muy buena / Oso ona;4;Muy buena / Oso ona;1;Muy buena / Oso ona;327;72;1007,4;0;172,8;19,6;1,02;Muy buena / Oso ona
05/08/2017;5;15;25;Muy buena / Oso ona;22;26;37;Muy buena / Oso ona;5;Muy buena / Oso ona;;Sin datos / Daturik gabe;1;Muy buena / Oso ona;284;94;1006,4;0;68;19,2;1,82;Muy buena / Oso ona
04/08/2017;6;16;29;Muy buena / Oso ona;25;31;49;Muy buena / Oso ona;13;Muy buena / Oso ona;;Sin datos / Daturik gabe;1;Muy buena / Oso ona;308;68;1003;0;282,9;25,4;0,46;Muy buena / Oso ona
03/08/2017;12;18;41;Muy buena / Oso ona;36;37;68;Buena / Ona;27;Buena / Ona;;Sin datos / Daturik gabe;3;Muy buena / Oso ona;302;74;1003,7;0;307;23,2;1,37;Buena / Ona
02/08/2017;11;19;32;Muy buena / Oso ona;36;37;68;Buena / Ona;19;Muy buena / Oso ona;;Sin datos / Daturik gabe;4;Muy buena / Oso ona;297;75;1003,4;0;301,1;22;1,13;Buena / Ona
01/08/2017;12;22;39;Muy buena / Oso ona;41;22;41;Muy buena / Oso ona;17;Muy buena / Oso ona;11;Muy buena / Oso ona;4;Muy buena / Oso ona;199;84;1002;0;110,7;20;0,12;Muy buena / Oso ona
31/07/2017;6;19;26;Muy buena / Oso ona;27;21;33;Muy buena / Oso ona;12;Muy buena / Oso ona;;Sin datos / Daturik gabe;4;Muy buena / Oso ona;286;92;998,8;0;61,2;18,9;1,04;Muy buena / Oso ona
30/07/2017;5;15;28;Muy buena / Oso ona;23;25;38;Muy buena / Oso ona;10;Muy buena / Oso ona;;Sin datos / Daturik gabe;4;Muy buena / Oso ona;280;84;1000,5;0;107,5;20,1;1,08;Muy buena / Oso ona
29/07/2017;5;16;31;Muy buena / Oso ona;23;44;83;Buena / Ona;11;Muy buena / Oso ona;7;Muy buena / Oso ona;5;Muy buena / Oso ona;249;61;1000,5;0;318,5;23,5;0,19;Buena / Ona
28/07/2017;7;19;32;Muy buena / Oso ona;29;29;45;Muy buena / Oso ona;12;Muy buena / Oso ona;;Sin datos / Daturik gabe;4;Muy buena / Oso ona;292;83;1003,2;0;235,3;21,6;1,4;Muy buena / Oso ona
27/07/2017;9;18;33;Muy buena / Oso ona;32;33;61;Buena / Ona;17;Muy buena / Oso ona;;Sin datos / Daturik gabe;4;Muy buena / Oso ona;304;73;1001,5;0;306,4;21,7;1,06;Buena / Ona
26/07/2017;7;19;34;Muy buena / Oso ona;30;37;68;Buena / Ona;17;Muy buena / Oso ona;11;Muy buena / Oso ona;4;Muy buena / Oso ona;296;75;1002,9;0;310,2;19,7;0,52;Buena / Ona
25/07/2017;6;20;32;Muy buena / Oso ona;29;29;50;Muy buena / Oso ona;10;Muy buena / Oso ona;;Sin datos / Daturik gabe;4;Muy buena / Oso ona;304;87;1006,8;0;92,7;17,5;1,25;Muy buena / Oso ona
24/07/2017;8;18;29;Muy buena / Oso ona;30;25;33;Muy buena / Oso ona;6;Muy buena / Oso ona;;Sin datos / Daturik gabe;4;Muy buena / Oso ona;297;95;1007,7;0,1;142,9;18,2;2,39;Muy buena / Oso ona
23/07/2017;5;13;25;Muy buena / Oso ona;21;39;67;Buena / Ona;12;Muy buena / Oso ona;9;Muy buena / Oso ona;4;Muy buena / Oso ona;294;69;1006,5;0;317,5;20,4;1,01;Buena / Ona
22/07/2017;6;14;19;Muy buena / Oso ona;22;34;58;Muy buena / Oso ona;12;Muy buena / Oso ona;;Sin datos / Daturik gabe;4;Muy buena / Oso ona;310;79;1002,4;0;195,6;18,5;0,4;Muy buena / Oso ona
21/07/2017;14;28;47;Muy buena / Oso ona;49;15;31;Muy buena / Oso ona;15;Muy buena / Oso ona;11;Muy buena / Oso ona;5;Muy buena / Oso ona;283;91;999,7;0;101,9;17,1;0,76;Muy buena / Oso ona
20/07/2017;;;;Sin datos / Daturik gabe;;30;44;Muy buena / Oso ona;6;Muy buena / Oso ona;;Sin datos / Daturik gabe;4;Muy buena / Oso ona;282;93;1002,9;0;92,9;17;1,42;Muy buena / Oso ona
19/07/2017;;;;Sin datos / Daturik gabe;;59;70;Buena / Ona;25;Muy buena / Oso ona;16;Muy buena / Oso ona;4;Muy buena / Oso ona;301;77;998,6;0;194,4;21,5;1,65;Buena / Ona
18/07/2017;;;;Sin datos / Daturik gabe;;64;85;Buena / Ona;31;Buena / Ona;;Sin datos / Daturik gabe;4;Muy buena / Oso ona;221;59;995,3;0;273,9;26,4;0,89;Buena / Ona
17/07/2017;;;;Sin datos / Daturik gabe;;;;Sin datos / Daturik gabe;;Sin datos / Daturik gabe;23;Buena / Ona;;Sin datos / Daturik gabe;142;67;998,5;0;279,8;26,3;0,69;Buena / Ona
16/07/2017;;;;Sin datos / Daturik gabe;;;;Sin datos / Daturik gabe;;;13;Muy buena / Oso ona;;Sin datos / Daturik gabe;281;71;1005,8;0;339,4;22,3;0,43;Muy buena / Oso ona
15/07/2017;;;;Sin datos / Daturik gabe;;;;Sin datos / Daturik gabe;;;9;Muy buena / Oso ona;;Sin datos / Daturik gabe;70;75;1008,6;0;269,3;20,1;0,64;Muy buena / Oso ona
14/07/2017;;;;Sin datos / Daturik gabe;;;;Sin datos / Daturik gabe;;;7;Muy buena / Oso ona;;Sin datos / Daturik gabe;337;76;1008,7;0;122,6;19,7;0,73;Muy buena / Oso ona
13/07/2017;;;;Sin datos / Daturik gabe;;;;Sin datos / Daturik gabe;;Sin datos / Daturik gabe;9;Muy buena / Oso ona;;Sin datos / Daturik gabe;296;81;1008,4;0;118,1;19,9;1,34;Muy buena / Oso ona
12/07/2017;15;22;44;Muy buena / Oso ona;44;26;51;Muy buena / Oso ona;23;Muy buena / Oso ona;14;Muy buena / Oso ona;4;Muy buena / Oso ona;290;78;1006,4;0;223,7;20,1;1,01;Muy buena / Oso ona
11/07/2017;7;16;36;Muy buena / Oso ona;27;32;57;Muy buena / Oso ona;13;Muy buena / Oso ona;8;Muy buena / Oso ona;3;Muy buena / Oso ona;289;72;1002,5;0;326,2;20,8;0,79;Muy buena / Oso ona
10/07/2017;8;21;48;Muy buena / Oso ona;32;26;52;Muy buena / Oso ona;11;Muy buena / Oso ona;;Sin datos / Daturik gabe;3;Muy buena / Oso ona;291;88;1002,4;0,1;94,6;18,8;1,41;Muy buena / Oso ona
09/07/2017;2;11;22;Muy buena / Oso ona;14;58;74;Buena / Ona;17;Muy buena / Oso ona;;Sin datos / Daturik gabe;3;Muy buena / Oso ona;295;80;1001,1;0,2;285,6;20,6;2,09;Buena / Ona
08/07/2017;3;10;18;Muy buena / Oso ona;14;53;69;Buena / Ona;13;Muy buena / Oso ona;;Sin datos / Daturik gabe;3;Muy buena / Oso ona;297;90;1003;0;152,9;19,7;2,3;Buena / Ona
07/07/2017;10;23;53;Buena / Ona;38;35;52;Muy buena / Oso ona;22;Muy buena / Oso ona;;Sin datos / Daturik gabe;5;Muy buena / Oso ona;298;82;1003,2;0;286,1;21,5;2,02;Buena / Ona
06/07/2017;8;32;66;Buena / Ona;44;51;73;Buena / Ona;35;Buena / Ona;;Sin datos / Daturik gabe;4;Muy buena / Oso ona;275;69;1001,2;0;217,8;24,1;0,63;Buena / Ona
05/07/2017;5;17;69;Buena / Ona;24;67;78;Buena / Ona;21;Muy buena / Oso ona;;Sin datos / Daturik gabe;3;Muy buena / Oso ona;264;53;998,3;0;328,3;25,8;1,64;Buena / Ona
04/07/2017;10;22;76;Buena / Ona;38;40;83;Buena / Ona;24;Muy buena / Oso ona;11;Muy buena / Oso ona;3;Muy buena / Oso ona;125;57;999,9;0;339,8;26,2;1,14;Buena / Ona
03/07/2017;10;13;30;Muy buena / Oso ona;28;22;44;Muy buena / Oso ona;11;Muy buena / Oso ona;7;Muy buena / Oso ona;3;Muy buena / Oso ona;137;76;1009,3;0;305,9;19,2;1,12;Muy buena / Oso ona
02/07/2017;6;15;24;Muy buena / Oso ona;24;27;54;Muy buena / Oso ona;11;Muy buena / Oso ona;8;Muy buena / Oso ona;3;Muy buena / Oso ona;283;83;1013,2;0;157,8;16,7;0,58;Muy buena / Oso ona
01/07/2017;6;17;27;Muy buena / Oso ona;26;35;43;Muy buena / Oso ona;8;Muy buena / Oso ona;5;Muy buena / Oso ona;3;Muy buena / Oso ona;300;90;1011,2;0,2;77,5;14,1;1,58;Muy buena / Oso ona
30/06/2017;8;22;44;Muy buena / Oso ona;35;30;53;Muy buena / Oso ona;9;Muy buena / Oso ona;10;Muy buena / Oso ona;2;Muy buena / Oso ona;290;88;1003,1;0,1;113,7;14;1,29;Muy buena / Oso ona
29/06/2017;7;21;43;Muy buena / Oso ona;33;37;54;Muy buena / Oso ona;13;Muy buena / Oso ona;8;Muy buena / Oso ona;3;Muy buena / Oso ona;281;66;996,5;0,1;156,4;16,3;0,81;Muy buena / Oso ona
28/06/2017;5;15;32;Muy buena / Oso ona;22;40;56;Muy buena / Oso ona;11;Muy buena / Oso ona;6;Muy buena / Oso ona;3;Muy buena / Oso ona;292;69;992,2;0;202,9;19,1;1,91;Muy buena / Oso ona
27/06/2017;9;19;35;Muy buena / Oso ona;34;23;45;Muy buena / Oso ona;18;Muy buena / Oso ona;;Sin datos / Daturik gabe;3;Muy buena / Oso ona;280;87;995;0,1;154,3;19;0,79;Muy buena / Oso ona
26/06/2017;8;20;33;Muy buena / Oso ona;31;27;50;Muy buena / Oso ona;16;Muy buena / Oso ona;;Sin datos / Daturik gabe;2;Muy buena / Oso ona;291;83;996,1;0;197,8;21,5;1,11;Muy buena / Oso ona
25/06/2017;4;11;17;Muy buena / Oso ona;17;28;51;Muy buena / Oso ona;12;Muy buena / Oso ona;;Sin datos / Daturik gabe;2;Muy buena / Oso ona;144;84;1002,5;0;118,6;19,4;0,78;Muy buena / Oso ona
24/06/2017;4;13;18;Muy buena / Oso ona;20;35;48;Muy buena / Oso ona;15;Muy buena / Oso ona;;Sin datos / Daturik gabe;3;Muy buena / Oso ona;293;88;1007,5;0;132,4;19,3;1,47;Muy buena / Oso ona
23/06/2017;7;22;40;Muy buena / Oso ona;33;36;57;Muy buena / Oso ona;32;Buena / Ona;;Sin datos / Daturik gabe;3;Muy buena / Oso ona;285;89;1008,8;0;65,3;19,4;1,34;Buena / Ona
22/06/2017;5;19;35;Muy buena / Oso ona;27;57;80;Buena / Ona;29;Buena / Ona;;Sin datos / Daturik gabe;3;Muy buena / Oso ona;300;89;1004,3;0;98,6;20,4;2,01;Buena / Ona
21/06/2017;6;32;73;Buena / Ona;41;78;125;Mejorable / Hobetzeko modukoa;39;Buena / Ona;;Sin datos / Daturik gabe;3;Muy buena / Oso ona;148;59;999,9;0;303,9;28,8;0,4;Mejorable / Hobetzeko modukoa
20/06/2017;7;33;78;Buena / Ona;44;70;114;Mejorable / Hobetzeko modukoa;31;Buena / Ona;17;Buena / Ona;4;Muy buena / Oso ona;211;54;1001,1;0;273,2;27,9;0,44;Mejorable / Hobetzeko modukoa
19/06/2017;5;24;70;Buena / Ona;31;74;113;Mejorable / Hobetzeko modukoa;30;Buena / Ona;15;Muy buena / Oso ona;3;Muy buena / Oso ona;201;51;999,3;0;324,9;28,2;1,31;Mejorable / Hobetzeko modukoa
18/06/2017;4;17;51;Buena / Ona;24;60;103;Mejorable / Hobetzeko modukoa;21;Muy buena / Oso ona;;Sin datos / Daturik gabe;3;Muy buena / Oso ona;286;66;999,7;0;355,4;24,7;0,55;Mejorable / Hobetzeko modukoa
17/06/2017;5;17;46;Muy buena / Oso ona;24;47;82;Buena / Ona;19;Muy buena / Oso ona;;Sin datos / Daturik gabe;3;Muy buena / Oso ona;277;71;1006,1;0;332,5;22,1;0,37;Buena / Ona
16/06/2017;5;18;37;Muy buena / Oso ona;26;41;54;Muy buena / Oso ona;19;Muy buena / Oso ona;;Sin datos / Daturik gabe;3;Muy buena / Oso ona;149;84;1009,9;0;190,6;19,5;0,32;Muy buena / Oso ona
15/06/2017;7;23;42;Muy buena / Oso ona;34;41;50;Muy buena / Oso ona;14;Muy buena / Oso ona;;Sin datos / Daturik gabe;3;Muy buena / Oso ona;292;96;1007;0;59,4;17,8;1,81;Muy buena / Oso ona
14/06/2017;8;23;49;Muy buena / Oso ona;35;42;66;Buena / Ona;32;Buena / Ona;;Sin datos / Daturik gabe;4;Muy buena / Oso ona;290;85;1000,4;0;305,2;21,7;2,03;Buena / Ona
13/06/2017;10;22;35;Muy buena / Oso ona;37;35;60;Muy buena / Oso ona;22;Muy buena / Oso ona;14;Muy buena / Oso ona;4;Muy buena / Oso ona;285;80;1000,1;0;246,1;20,5;1,13;Muy buena / Oso ona
12/06/2017;5;14;25;Muy buena / Oso ona;23;29;42;Muy buena / Oso ona;15;Muy buena / Oso ona;;Sin datos / Daturik gabe;3;Muy buena / Oso ona;169;87;1004,7;0;93;18,9;0,72;Muy buena / Oso ona
11/06/2017;4;13;20;Muy buena / Oso ona;19;44;64;Buena / Ona;23;Muy buena / Oso ona;;Sin datos / Daturik gabe;3;Muy buena / Oso ona;287;85;1004,9;0;185,3;19,8;1,62;Buena / Ona
10/06/2017;6;15;24;Muy buena / Oso ona;23;42;77;Buena / Ona;20;Muy buena / Oso ona;;Sin datos / Daturik gabe;3;Muy buena / Oso ona;285;78;1003,1;0;319,4;21,8;1,25;Buena / Ona
09/06/2017;10;22;42;Muy buena / Oso ona;37;32;54;Muy buena / Oso ona;19;Muy buena / Oso ona;14;Muy buena / Oso ona;3;Muy buena / Oso ona;244;80;1002,6;0;184,7;18,6;0,37;Muy buena / Oso ona
08/06/2017;6;21;53;Buena / Ona;30;50;81;Buena / Ona;23;Muy buena / Oso ona;;Sin datos / Daturik gabe;4;Muy buena / Oso ona;217;67;999,3;0,1;304,7;21,2;0,78;Buena / Ona
07/06/2017;7;17;37;Muy buena / Oso ona;28;43;75;Buena / Ona;21;Muy buena / Oso ona;11;Muy buena / Oso ona;3;Muy buena / Oso ona;132;66;1006,2;0;348,4;18,7;0,85;Buena / Ona
06/06/2017;6;20;36;Muy buena / Oso ona;29;44;57;Muy buena / Oso ona;16;Muy buena / Oso ona;9;Muy buena / Oso ona;3;Muy buena / Oso ona;300;78;1004,6;0;111,9;15,6;1,8;Muy buena / Oso ona
05/06/2017;10;26;58;Buena / Ona;41;36;69;Buena / Ona;15;Muy buena / Oso ona;9;Muy buena / Oso ona;3;Muy buena / Oso ona;124;68;1001,1;0;343,2;18,8;0,16;Buena / Ona
04/06/2017;3;13;29;Muy buena / Oso ona;17;35;47;Muy buena / Oso ona;5;Muy buena / Oso ona;4;Muy buena / Oso ona;2;Muy buena / Oso ona;274;98;1006,3;0,1;40,4;13,2;0,95;Muy buena / Oso ona
03/06/2017;5;18;31;Muy buena / Oso ona;26;37;50;Muy buena / Oso ona;11;Muy buena / Oso ona;;Sin datos / Daturik gabe;3;Muy buena / Oso ona;290;96;1005,7;0,1;58,2;15,1;1,26;Muy buena / Oso ona
02/06/2017;9;22;39;Muy buena / Oso ona;35;48;52;Muy buena / Oso ona;20;Muy buena / Oso ona;;Sin datos / Daturik gabe;3;Muy buena / Oso ona;294;93;1003,8;0;135,2;18;1,75;Muy buena / Oso ona
01/06/2017;12;20;27;Muy buena / Oso ona;38;43;78;Buena / Ona;23;Muy buena / Oso ona;;Sin datos / Daturik gabe;3;Muy buena / Oso ona;279;76;1003,3;0;319,8;21,7;0,89;Buena / Ona
31/05/2017;7;15;25;Muy buena / Oso ona;25;44;67;Buena / Ona;14;Muy buena / Oso ona;12;Muy buena / Oso ona;3;Muy buena / Oso ona;293;75;1004,8;0;316,9;20,5;0,78;Buena / Ona
30/05/2017;8;19;33;Muy buena / Oso ona;32;41;57;Muy buena / Oso ona;9;Muy buena / Oso ona;10;Muy buena / Oso ona;2;Muy buena / Oso ona;275;92;1004,6;0;66;17;0,94;Muy buena / Oso ona
29/05/2017;;;;Sin datos / Daturik gabe;;48;64;Buena / Ona;14;Muy buena / Oso ona;19;Buena / Ona;3;Muy buena / Oso ona;285;91;1001,1;0,2;127,2;17,8;1,02;Buena / Ona
28/05/2017;;;;Sin datos / Daturik gabe;;58;77;Buena / Ona;18;Muy buena / Oso ona;22;Buena / Ona;9;Muy buena / Oso ona;194;61;998,7;0;131,5;23,5;0,67;Buena / Ona
27/05/2017;;;;Sin datos / Daturik gabe;;45;87;Buena / Ona;25;Muy buena / Oso ona;18;Buena / Ona;4;Muy buena / Oso ona;208;72;998,7;0;268,5;22,9;0,34;Buena / Ona
26/05/2017;5;24;65;Buena / Ona;32;71;109;Mejorable / Hobetzeko modukoa;27;Buena / Ona;21;Buena / Ona;4;Muy buena / Oso ona;267;67;997,9;0;292,8;22,6;0,74;Mejorable / Hobetzeko modukoa
25/05/2017;5;21;55;Buena / Ona;29;73;113;Mejorable / Hobetzeko modukoa;29;Buena / Ona;19;Buena / Ona;4;Muy buena / Oso ona;109;56;998,2;0;337,2;26,2;0,67;Mejorable / Hobetzeko modukoa
24/05/2017;3;16;30;Muy buena / Oso ona;21;55;82;Buena / Ona;20;Muy buena / Oso ona;15;Muy buena / Oso ona;4;Muy buena / Oso ona;168;68;1004,1;0;330,5;22,4;0,9;Buena / Ona
23/05/2017;3;14;37;Muy buena / Oso ona;19;49;70;Buena / Ona;18;Muy buena / Oso ona;17;Buena / Ona;4;Muy buena / Oso ona;279;74;1008,5;0;312,5;17,5;0,98;Buena / Ona
22/05/2017;4;19;57;Buena / Ona;25;64;82;Buena / Ona;24;Muy buena / Oso ona;19;Buena / Ona;4;Muy buena / Oso ona;296;69;1003,2;0;322,2;19,3;2,36;Buena / Ona
21/05/2017;3;13;32;Muy buena / Oso ona;17;51;80;Buena / Ona;8;Muy buena / Oso ona;7;Muy buena / Oso ona;3;Muy buena / Oso ona;140;53;1000,9;0;256,7;21,5;1,62;Buena / Ona
20/05/2017;3;15;26;Muy buena / Oso ona;20;40;67;Buena / Ona;11;Muy buena / Oso ona;12;Muy buena / Oso ona;3;Muy buena / Oso ona;161;73;1009,6;0;223,4;14,3;0,67;Buena / Ona
19/05/2017;11;19;47;Muy buena / Oso ona;36;40;72;Buena / Ona;11;Muy buena / Oso ona;12;Muy buena / Oso ona;3;Muy buena / Oso ona;299;73;1007,6;0;195,6;12,1;1,02;Buena / Ona
18/05/2017;;;;Sin datos / Daturik gabe;;51;63;Buena / Ona;11;Muy buena / Oso ona;12;Muy buena / Oso ona;4;Muy buena / Oso ona;299;86;1004,3;0,4;109,7;12,6;2,19;Buena / Ona
17/05/2017;;;;Sin datos / Daturik gabe;;27;58;Muy buena / Oso ona;31;Buena / Ona;17;Buena / Ona;6;Muy buena / Oso ona;287;88;1004,2;0,1;76,3;16;0,75;Buena / Ona
16/05/2017;7;28;50;Muy buena / Oso ona;39;53;91;Buena / Ona;21;Muy buena / Oso ona;18;Buena / Ona;4;Muy buena / Oso ona;285;63;1008,9;0;264,5;22,1;0,89;Buena / Ona
15/05/2017;4;22;47;Muy buena / Oso ona;29;52;86;Buena / Ona;13;Muy buena / Oso ona;13;Muy buena / Oso ona;4;Muy buena / Oso ona;168;60;1010,7;0;285,9;20,9;0,56;Buena / Ona
14/05/2017;2;11;20;Muy buena / Oso ona;14;51;74;Buena / Ona;6;Muy buena / Oso ona;8;Muy buena / Oso ona;3;Muy buena / Oso ona;135;58;1008;0;266,3;19,3;0,89;Buena / Ona
13/05/2017;3;14;28;Muy buena / Oso ona;18;47;71;Buena / Ona;7;Muy buena / Oso ona;9;Muy buena / Oso ona;3;Muy buena / Oso ona;162;72;1000;0;219,3;17,1;0,34;Buena / Ona
12/05/2017;2;13;35;Muy buena / Oso ona;16;64;80;Buena / Ona;5;Muy buena / Oso ona;7;Muy buena / Oso ona;3;Muy buena / Oso ona;195;61;989,5;0,1;196,8;18,2;1,47;Buena / Ona
11/05/2017;1;8;15;Muy buena / Oso ona;9;78;80;Buena / Ona;3;Muy buena / Oso ona;3;Muy buena / Oso ona;3;Muy buena / Oso ona;203;50;981,9;0;232;18,8;2,13;Buena / Ona
10/05/2017;3;21;35;Muy buena / Oso ona;26;59;79;Buena / Ona;17;Muy buena / Oso ona;13;Muy buena / Oso ona;4;Muy buena / Oso ona;209;66;985,1;0;268;19,4;1,06;Buena / Ona
09/05/2017;9;24;40;Muy buena / Oso ona;37;41;70;Buena / Ona;20;Muy buena / Oso ona;19;Buena / Ona;4;Muy buena / Oso ona;160;74;994,3;0;204;16,1;0,37;Buena / Ona
08/05/2017;7;20;43;Muy buena / Oso ona;30;46;71;Buena / Ona;11;Muy buena / Oso ona;10;Muy buena / Oso ona;2;Muy buena / Oso ona;161;64;1005,1;0;284,3;15,2;0,43;Buena / Ona
07/05/2017;2;10;20;Muy buena / Oso ona;15;53;80;Buena / Ona;5;Muy buena / Oso ona;7;Muy buena / Oso ona;2;Muy buena / Oso ona;152;58;1007,7;0;318,4;16,1;0,55;Buena / Ona
06/05/2017;3;13;33;Muy buena / Oso ona;19;53;81;Buena / Ona;6;Muy buena / Oso ona;7;Muy buena / Oso ona;3;Muy buena / Oso ona;289;62;1001,8;0;310,8;15,8;0,48;Buena / Ona
05/05/2017;4;21;31;Muy buena / Oso ona;26;58;82;Buena / Ona;19;Muy buena / Oso ona;17;Buena / Ona;4;Muy buena / Oso ona;173;69;991,6;0,1;163,6;18,4;1,09;Buena / Ona
04/05/2017;8;22;53;Buena / Ona;35;46;74;Buena / Ona;18;Muy buena / Oso ona;16;Muy buena / Oso ona;8;Muy buena / Oso ona;146;72;996,1;0;250,4;17,1;0,86;Buena / Ona
03/05/2017;5;16;37;Muy buena / Oso ona;24;44;69;Buena / Ona;12;Muy buena / Oso ona;12;Muy buena / Oso ona;4;Muy buena / Oso ona;258;76;1001,6;0;292,9;15,5;0,5;Buena / Ona
02/05/2017;17;28;57;Buena / Ona;54;30;60;Muy buena / Oso ona;19;Muy buena / Oso ona;17;Buena / Ona;6;Muy buena / Oso ona;309;86;1005,9;0;116;13,5;1,02;Buena / Ona
01/05/2017;4;16;25;Muy buena / Oso ona;22;44;79;Buena / Ona;7;Muy buena / Oso ona;8;Muy buena / Oso ona;3;Muy buena / Oso ona;264;71;1005,2;0;264,4;10,5;0,59;Buena / Ona
30/04/2017;3;13;30;Muy buena / Oso ona;17;65;79;Buena / Ona;5;Muy buena / Oso ona;7;Muy buena / Oso ona;2;Muy buena / Oso ona;186;76;993,3;0,1;68,8;11,4;1,29;Buena / Ona
29/04/2017;3;12;38;Muy buena / Oso ona;18;57;84;Buena / Ona;10;Muy buena / Oso ona;8;Muy buena / Oso ona;2;Muy buena / Oso ona;147;59;994,8;0;272,4;13,7;2,42;Buena / Ona
28/04/2017;14;23;49;Muy buena / Oso ona;44;45;88;Buena / Ona;15;Muy buena / Oso ona;13;Muy buena / Oso ona;5;Muy buena / Oso ona;104;72;1004,6;0;274,6;8,3;0,92;Buena / Ona
27/04/2017;9;26;49;Muy buena / Oso ona;39;42;79;Buena / Ona;14;Muy buena / Oso ona;15;Muy buena / Oso ona;6;Muy buena / Oso ona;314;77;1005,1;0,1;219,6;6,9;0,91;Buena / Ona
26/04/2017;8;29;64;Buena / Ona;42;45;60;Muy buena / Oso ona;7;Muy buena / Oso ona;9;Muy buena / Oso ona;4;Muy buena / Oso ona;290;90;1000,9;0,1;63,9;7,2;1,54;Buena / Ona
25/04/2017;10;37;63;Buena / Ona;51;38;56;Muy buena / Oso ona;21;Muy buena / Oso ona;22;Buena / Ona;11;Muy buena / Oso ona;290;92;995,4;0,1;71,1;11,9;1,28;Buena / Ona
24/04/2017;8;29;60;Buena / Ona;40;55;90;Buena / Ona;23;Muy buena / Oso ona;18;Buena / Ona;6;Muy buena / Oso ona;290;67;999,2;0;289,7;15,8;0,96;Buena / Ona
23/04/2017;3;17;43;Muy buena / Oso ona;21;77;116;Mejorable / Hobetzeko modukoa;13;Muy buena / Oso ona;13;Muy buena / Oso ona;3;Muy buena / Oso ona;115;53;1003,3;0;307,5;16,6;0,95;Mejorable / Hobetzeko modukoa
22/04/2017;3;23;66;Buena / Ona;28;79;114;Mejorable / Hobetzeko modukoa;16;Muy buena / Oso ona;11;Muy buena / Oso ona;5;Muy buena / Oso ona;132;39;1006,1;0;308;18,4;0,56;Mejorable / Hobetzeko modukoa
21/04/2017;7;24;50;Muy buena / Oso ona;34;59;107;Mejorable / Hobetzeko modukoa;21;Muy buena / Oso ona;16;Muy buena / Oso ona;4;Muy buena / Oso ona;130;54;1009,5;0;253,3;13,7;1,4;Mejorable / Hobetzeko modukoa
20/04/2017;6;20;44;Muy buena / Oso ona;29;54;85;Buena / Ona;14;Muy buena / Oso ona;12;Muy buena / Oso ona;4;Muy buena / Oso ona;100;52;1011;0;311,8;10,9;1,19;Buena / Ona
19/04/2017;9;21;58;Buena / Ona;34;61;90;Buena / Ona;15;Muy buena / Oso ona;10;Muy buena / Oso ona;5;Muy buena / Oso ona;56;49;1010;0;306,2;11,6;1,08;Buena / Ona
18/04/2017;14;25;48;Muy buena / Oso ona;46;36;73;Buena / Ona;27;Buena / Ona;18;Buena / Ona;15;Muy buena / Oso ona;12;74;1007,7;0;170;12,4;0,59;Buena / Ona
17/04/2017;5;15;46;Muy buena / Oso ona;22;43;75;Buena / Ona;15;Muy buena / Oso ona;13;Muy buena / Oso ona;4;Muy buena / Oso ona;152;72;1006,3;0;290,9;14,1;0,56;Buena / Ona
16/04/2017;2;9;18;Muy buena / Oso ona;13;50;73;Buena / Ona;7;Muy buena / Oso ona;10;Muy buena / Oso ona;3;Muy buena / Oso ona;149;73;1009,8;0;234;13,7;1,04;Buena / Ona
15/04/2017;2;13;20;Muy buena / Oso ona;16;51;78;Buena / Ona;13;Muy buena / Oso ona;14;Muy buena / Oso ona;4;Muy buena / Oso ona;304;79;1009,3;0;125,2;13,6;1,28;Buena / Ona
14/04/2017;3;17;23;Muy buena / Oso ona;21;52;74;Buena / Ona;27;Buena / Ona;24;Buena / Ona;5;Muy buena / Oso ona;275;84;1006,1;0;70,2;12,8;0,66;Buena / Ona
13/04/2017;5;17;30;Muy buena / Oso ona;25;52;89;Buena / Ona;16;Muy buena / Oso ona;17;Buena / Ona;4;Muy buena / Oso ona;296;72;1004;0;284;14,5;0,83;Buena / Ona
12/04/2017;7;19;34;Muy buena / Oso ona;29;49;87;Buena / Ona;19;Muy buena / Oso ona;18;Buena / Ona;4;Muy buena / Oso ona;281;71;1006,6;0;280,5;14,1;0,58;Buena / Ona
11/04/2017;4;18;44;Muy buena / Oso ona;23;66;88;Buena / Ona;20;Muy buena / Oso ona;18;Buena / Ona;5;Muy buena / Oso ona;296;72;1010,8;0;236,2;14,5;0,74;Buena / Ona
10/04/2017;7;24;40;Muy buena / Oso ona;35;53;88;Buena / Ona;35;Buena / Ona;;Sin datos / Daturik gabe;8;Muy buena / Oso ona;290;84;1010,5;0;233,8;13,6;1,96;Buena / Ona
09/04/2017;5;22;41;Muy buena / Oso ona;29;56;102;Mejorable / Hobetzeko modukoa;18;Muy buena / Oso ona;18;Buena / Ona;5;Muy buena / Oso ona;292;63;1006;0;277;17,6;0,58;Mejorable / Hobetzeko modukoa
08/04/2017;6;27;83;Buena / Ona;36;51;104;Mejorable / Hobetzeko modukoa;19;Muy buena / Oso ona;15;Muy buena / Oso ona;3;Muy buena / Oso ona;141;56;1003,1;0;275,4;18,3;0,98;Mejorable / Hobetzeko modukoa
07/04/2017;12;28;56;Buena / Ona;46;39;80;Buena / Ona;28;Buena / Ona;22;Buena / Ona;4;Muy buena / Oso ona;247;76;1006,2;0;270,3;13,2;0,41;Buena / Ona
06/04/2017;5;21;52;Buena / Ona;28;53;81;Buena / Ona;28;Buena / Ona;23;Buena / Ona;4;Muy buena / Oso ona;307;79;1010,4;0;194,1;12,7;1,87;Buena / Ona
05/04/2017;5;23;66;Buena / Ona;30;57;72;Buena / Ona;14;Muy buena / Oso ona;14;Muy buena / Oso ona;4;Muy buena / Oso ona;307;89;1012;0;86,4;11,7;2,23;Buena / Ona
04/04/2017;4;21;53;Buena / Ona;27;53;73;Buena / Ona;13;Muy buena / Oso ona;13;Muy buena / Oso ona;6;Muy buena / Oso ona;305;84;1012,8;0;132,2;12,2;2,05;Buena / Ona
03/04/2017;12;20;37;Muy buena / Oso ona;38;44;78;Buena / Ona;16;Muy buena / Oso ona;14;Muy buena / Oso ona;3;Muy buena / Oso ona;273;76;1010,3;0;266,2;12,5;0,55;Buena / Ona
02/04/2017;4;15;44;Muy buena / Oso ona;20;63;83;Buena / Ona;6;Muy buena / Oso ona;6;Muy buena / Oso ona;2;Muy buena / Oso ona;304;82;1009,7;0,2;152,3;10,5;1,87;Buena / Ona
01/04/2017;3;16;37;Muy buena / Oso ona;21;55;79;Buena / Ona;8;Muy buena / Oso ona;11;Muy buena / Oso ona;2;Muy buena / Oso ona;294;85;1005,9;0,2;112;11,1;2,38;Buena / Ona
31/03/2017;8;30;85;Buena / Ona;43;52;80;Buena / Ona;16;Muy buena / Oso ona;14;Muy buena / Oso ona;8;Muy buena / Oso ona;268;76;1003;0,1;140,1;15,2;0,97;Buena / Ona
30/03/2017;4;23;81;Buena / Ona;29;68;91;Buena / Ona;13;Muy buena / Oso ona;12;Muy buena / Oso ona;3;Muy buena / Oso ona;150;50;1004,6;0;155,4;19,6;2,19;Buena / Ona
29/03/2017;10;32;71;Buena / Ona;48;45;80;Buena / Ona;22;Muy buena / Oso ona;15;Muy buena / Oso ona;3;Muy buena / Oso ona;122;56;1009,1;0;249,6;17,4;1,57;Buena / Ona
28/03/2017;9;27;75;Buena / Ona;42;51;87;Buena / Ona;10;Muy buena / Oso ona;;Sin datos / Daturik gabe;2;Muy buena / Oso ona;125;55;1009,8;0;249,6;15,7;0,51;Buena / Ona
27/03/2017;2;11;27;Muy buena / Oso ona;14;79;88;Buena / Ona;4;Muy buena / Oso ona;;Sin datos / Daturik gabe;2;Muy buena / Oso ona;160;48;1001,6;0;162,3;15,3;3,18;Buena / Ona
26/03/2017;2;13;51;Buena / Ona;17;67;79;Buena / Ona;3;Muy buena / Oso ona;;Sin datos / Daturik gabe;2;Muy buena / Oso ona;144;52;998,3;0;175,5;13,7;2,95;Buena / Ona
25/03/2017;3;24;45;Muy buena / Oso ona;29;52;63;Buena / Ona;5;Muy buena / Oso ona;;Sin datos / Daturik gabe;2;Muy buena / Oso ona;277;92;997,3;0,3;19,6;7,5;0,28;Buena / Ona
24/03/2017;8;31;64;Buena / Ona;43;43;77;Buena / Ona;11;Muy buena / Oso ona;;Sin datos / Daturik gabe;3;Muy buena / Oso ona;115;64;1000,5;0;169,7;8,8;0,57;Buena / Ona
23/03/2017;11;28;76;Buena / Ona;45;48;83;Buena / Ona;9;Muy buena / Oso ona;;Sin datos / Daturik gabe;2;Muy buena / Oso ona;175;61;994,8;0;227,2;7,7;1,46;Buena / Ona
22/03/2017;5;24;40;Muy buena / Oso ona;31;45;56;Muy buena / Oso ona;8;Muy buena / Oso ona;;Sin datos / Daturik gabe;2;Muy buena / Oso ona;260;83;995,7;0;62,1;8,1;0,51;Muy buena / Oso ona
21/03/2017;11;30;59;Buena / Ona;47;37;68;Buena / Ona;13;Muy buena / Oso ona;;Sin datos / Daturik gabe;2;Muy buena / Oso ona;277;93;1003,3;0;53,5;9,4;0,81;Buena / Ona
20/03/2017;4;24;42;Muy buena / Oso ona;31;48;69;Buena / Ona;17;Muy buena / Oso ona;17;Buena / Ona;2;Muy buena / Oso ona;291;79;1003,5;0;72;11;0,77;Buena / Ona
19/03/2017;4;12;19;Muy buena / Oso ona;18;47;73;Buena / Ona;10;Muy buena / Oso ona;;Sin datos / Daturik gabe;2;Muy buena / Oso ona;299;78;1006,8;0;217,6;10,6;1,11;Buena / Ona
18/03/2017;4;17;43;Muy buena / Oso ona;23;53;71;Buena / Ona;15;Muy buena / Oso ona;;Sin datos / Daturik gabe;2;Muy buena / Oso ona;267;73;1010,3;0;154,4;11,9;0,57;Buena / Ona
17/03/2017;4;23;62;Buena / Ona;30;56;71;Buena / Ona;29;Buena / Ona;21;Buena / Ona;4;Muy buena / Oso ona;294;77;1009,3;0;159,4;12,6;2,03;Buena / Ona
16/03/2017;11;35;96;Buena / Ona;52;45;90;Buena / Ona;20;Muy buena / Oso ona;13;Muy buena / Oso ona;2;Muy buena / Oso ona;151;45;1005,7;0;227,7;17,4;1,62;Buena / Ona
15/03/2017;12;28;53;Buena / Ona;46;30;70;Buena / Ona;39;Buena / Ona;;Sin datos / Daturik gabe;3;Muy buena / Oso ona;254;83;1012,9;0;193,6;13;0,33;Buena / Ona
14/03/2017;10;28;64;Buena / Ona;44;36;57;Muy buena / Oso ona;27;Buena / Ona;;Sin datos / Daturik gabe;2;Muy buena / Oso ona;292;89;1018;0;80,7;11,8;0,74;Buena / Ona
13/03/2017;4;20;44;Muy buena / Oso ona;26;56;67;Buena / Ona;10;Muy buena / Oso ona;;Sin datos / Daturik gabe;2;Muy buena / Oso ona;298;97;1013,6;0,3;25,7;9,7;2,66;Buena / Ona
12/03/2017;3;16;34;Muy buena / Oso ona;19;61;72;Buena / Ona;9;Muy buena / Oso ona;4;Muy buena / Oso ona;3;Muy buena / Oso ona;293;90;1006,3;0,2;52,2;10,7;2,62;Buena / Ona
11/03/2017;8;24;57;Buena / Ona;36;48;82;Buena / Ona;22;Muy buena / Oso ona;;Sin datos / Daturik gabe;4;Muy buena / Oso ona;301;67;1003;0;161,8;15;1,38;Buena / Ona
10/03/2017;24;37;73;Buena / Ona;74;28;72;Buena / Ona;31;Buena / Ona;;Sin datos / Daturik gabe;4;Muy buena / Oso ona;140;61;1006;0;208,2;16,8;0,92;Buena / Ona
09/03/2017;11;25;53;Buena / Ona;41;24;48;Muy buena / Oso ona;22;Muy buena / Oso ona;;Sin datos / Daturik gabe;3;Muy buena / Oso ona;236;83;1011,3;0;178;13,9;0,34;Buena / Ona
08/03/2017;10;22;59;Buena / Ona;37;41;54;Muy buena / Oso ona;14;Muy buena / Oso ona;;Sin datos / Daturik gabe;2;Muy buena / Oso ona;281;83;1013,3;0;170,5;14,3;0,61;Buena / Ona
07/03/2017;16;38;64;Buena / Ona;62;23;42;Muy buena / Oso ona;28;Buena / Ona;25;Buena / Ona;3;Muy buena / Oso ona;290;95;1012,2;0,1;48,6;11,3;0,98;Buena / Ona
06/03/2017;12;29;75;Buena / Ona;47;46;71;Buena / Ona;27;Buena / Ona;13;Muy buena / Oso ona;3;Muy buena / Oso ona;305;79;1007,5;0;80,1;13,1;1,69;Buena / Ona
05/03/2017;6;21;61;Buena / Ona;30;44;58;Muy buena / Oso ona;11;Muy buena / Oso ona;;Sin datos / Daturik gabe;2;Muy buena / Oso ona;170;77;999,3;0;80,5;12,4;0,27;Buena / Ona
04/03/2017;4;20;43;Muy buena / Oso ona;26;46;73;Buena / Ona;6;Muy buena / Oso ona;6;Muy buena / Oso ona;2;Muy buena / Oso ona;250;75;990,7;0;120,8;7,9;0,79;Buena / Ona
03/03/2017;9;23;80;Buena / Ona;37;59;70;Buena / Ona;12;Muy buena / Oso ona;;Sin datos / Daturik gabe;2;Muy buena / Oso ona;203;65;987,2;0,1;92,8;13,2;1,28;Buena / Ona
02/03/2017;17;29;47;Muy buena / Oso ona;56;31;61;Buena / Ona;17;Muy buena / Oso ona;;Sin datos / Daturik gabe;3;Muy buena / Oso ona;152;64;1001,1;0;149,5;14,3;1,02;Buena / Ona
01/03/2017;10;30;56;Buena / Ona;45;28;56;Muy buena / Oso ona;14;Muy buena / Oso ona;12;Muy buena / Oso ona;2;Muy buena / Oso ona;153;73;1002,7;0;148,4;10,6;0,92;Buena / Ona
28/02/2017;5;24;58;Buena / Ona;32;48;69;Buena / Ona;12;Muy buena / Oso ona;10;Muy buena / Oso ona;2;Muy buena / Oso ona;270;78;997,4;0,1;34,9;9,8;2,24;Buena / Ona
27/02/2017;3;17;46;Muy buena / Oso ona;22;54;75;Buena / Ona;14;Muy buena / Oso ona;9;Muy buena / Oso ona;2;Muy buena / Oso ona;223;62;996,3;0;163,4;13,6;1,14;Buena / Ona
26/02/2017;7;23;52;Buena / Ona;34;32;68;Buena / Ona;19;Muy buena / Oso ona;;Sin datos / Daturik gabe;3;Muy buena / Oso ona;247;78;1005;0;169,4;11,3;0,21;Buena / Ona
25/02/2017;11;26;66;Buena / Ona;43;30;68;Buena / Ona;13;Muy buena / Oso ona;;Sin datos / Daturik gabe;2;Muy buena / Oso ona;159;71;1005,8;0;180,9;9,7;0,62;Buena / Ona
24/02/2017;9;30;57;Buena / Ona;43;41;62;Buena / Ona;13;Muy buena / Oso ona;;Sin datos / Daturik gabe;3;Muy buena / Oso ona;289;88;1006,2;0;69,9;9,3;1,48;Buena / Ona
23/02/2017;18;35;52;Buena / Ona;62;20;42;Muy buena / Oso ona;40;Buena / Ona;;Sin datos / Daturik gabe;4;Muy buena / Oso ona;298;88;1002,2;0;99,1;9,9;0,98;Buena / Ona
22/02/2017;31;36;66;Buena / Ona;84;16;41;Muy buena / Oso ona;31;Buena / Ona;21;Buena / Ona;3;Muy buena / Oso ona;230;82;1006,6;0;159,4;10,6;0,13;Buena / Ona
21/02/2017;18;29;53;Buena / Ona;58;27;61;Buena / Ona;21;Muy buena / Oso ona;17;Buena / Ona;2;Muy buena / Oso ona;272;82;1011,8;0;164,7;9,9;0,26;Buena / Ona
20/02/2017;26;38;65;Buena / Ona;77;24;64;Buena / Ona;30;Buena / Ona;;Sin datos / Daturik gabe;3;Muy buena / Oso ona;205;84;1013,8;0;101,6;10,6;0,16;Buena / Ona
19/02/2017;9;26;60;Buena / Ona;39;48;71;Buena / Ona;18;Muy buena / Oso ona;;Sin datos / Daturik gabe;2;Muy buena / Oso ona;296;90;1012,8;0;56,4;11,2;1,34;Buena / Ona
18/02/2017;8;22;34;Muy buena / Oso ona;34;41;76;Buena / Ona;18;Muy buena / Oso ona;;Sin datos / Daturik gabe;3;Muy buena / Oso ona;291;84;1007,5;0;136,9;9,9;1,13;Buena / Ona
17/02/2017;24;40;82;Buena / Ona;77;22;56;Muy buena / Oso ona;30;Buena / Ona;20;Buena / Ona;2;Muy buena / Oso ona;132;73;1011,8;0;157,3;11,8;0,67;Buena / Ona
16/02/2017;14;36;75;Buena / Ona;58;31;65;Buena / Ona;24;Muy buena / Oso ona;16;Muy buena / Oso ona;3;Muy buena / Oso ona;156;66;1015,1;0;147;13,4;1,12;Buena / Ona
15/02/2017;11;31;70;Buena / Ona;47;37;67;Buena / Ona;15;Muy buena / Oso ona;13;Muy buena / Oso ona;2;Muy buena / Oso ona;179;58;1014,5;0;150,1;13,9;1,54;Buena / Ona
14/02/2017;15;31;83;Buena / Ona;53;33;67;Buena / Ona;11;Muy buena / Oso ona;9;Muy buena / Oso ona;2;Muy buena / Oso ona;157;60;1005,7;0,1;120,7;12,7;1,49;Buena / Ona
13/02/2017;6;20;57;Buena / Ona;30;51;78;Buena / Ona;19;Muy buena / Oso ona;11;Muy buena / Oso ona;2;Muy buena / Oso ona;147;62;991;1,6;85,1;13,7;5,06;Buena / Ona
12/02/2017;2;12;30;Muy buena / Oso ona;16;51;74;Buena / Ona;20;Muy buena / Oso ona;;Sin datos / Daturik gabe;1;Muy buena / Oso ona;144;70;989,6;0,4;50,5;11,8;4,67;Buena / Ona
11/02/2017;12;31;53;Buena / Ona;49;22;39;Muy buena / Oso ona;21;Muy buena / Oso ona;;Sin datos / Daturik gabe;4;Muy buena / Oso ona;141;86;999,5;3,3;53,4;7,4;0,68;Buena / Ona
10/02/2017;15;35;93;Buena / Ona;59;36;60;Muy buena / Oso ona;15;Muy buena / Oso ona;13;Muy buena / Oso ona;3;Muy buena / Oso ona;148;50;996,9;0;84,6;10,5;1,62;Buena / Ona
09/02/2017;13;38;66;Buena / Ona;58;21;44;Muy buena / Oso ona;15;Muy buena / Oso ona;12;Muy buena / Oso ona;2;Muy buena / Oso ona;145;75;1003,5;0,4;131,8;8,2;1,45;Buena / Ona
08/02/2017;9;35;66;Buena / Ona;48;43;67;Buena / Ona;10;Muy buena / Oso ona;8;Muy buena / Oso ona;2;Muy buena / Oso ona;296;90;1013,1;15,5;60,3;6,9;1,7;Buena / Ona
07/02/2017;8;32;66;Buena / Ona;45;34;60;Muy buena / Oso ona;13;Muy buena / Oso ona;9;Muy buena / Oso ona;2;Muy buena / Oso ona;291;94;1008,4;22,1;35,7;9,7;1,49;Buena / Ona
06/02/2017;22;42;74;Buena / Ona;76;20;66;Buena / Ona;13;Muy buena / Oso ona;;Sin datos / Daturik gabe;3;Muy buena / Oso ona;153;99;1009,1;26,8;29,4;9,3;0,52;Buena / Ona
05/02/2017;1;10;23;Muy buena / Oso ona;12;70;78;Buena / Ona;6;Muy buena / Oso ona;4;Muy buena / Oso ona;2;Muy buena / Oso ona;281;77;999,3;22,4;52,4;8,8;3,83;Buena / Ona
04/02/2017;4;21;48;Muy buena / Oso ona;27;45;74;Buena / Ona;8;Muy buena / Oso ona;;Sin datos / Daturik gabe;2;Muy buena / Oso ona;242;85;992,1;7,4;25,2;12,4;0,94;Buena / Ona
03/02/2017;1;9;33;Muy buena / Oso ona;11;76;80;Buena / Ona;5;Muy buena / Oso ona;3;Muy buena / Oso ona;2;Muy buena / Oso ona;223;46;992,3;0,1;97,6;14,6;2,67;Buena / Ona
02/02/2017;2;10;22;Muy buena / Oso ona;12;66;77;Buena / Ona;5;Muy buena / Oso ona;3;Muy buena / Oso ona;2;Muy buena / Oso ona;194;52;992,6;2,8;40;14,5;2,35;Buena / Ona
01/02/2017;9;18;78;Buena / Ona;31;45;54;Muy buena / Oso ona;11;Muy buena / Oso ona;10;Muy buena / Oso ona;2;Muy buena / Oso ona;186;54;997,9;0;99,6;15,8;1,79;Buena / Ona
31/01/2017;6;20;59;Buena / Ona;30;35;48;Muy buena / Oso ona;14;Muy buena / Oso ona;11;Muy buena / Oso ona;2;Muy buena / Oso ona;173;59;999,1;0;101,6;15;2,06;Buena / Ona
30/01/2017;12;26;53;Buena / Ona;44;25;37;Muy buena / Oso ona;8;Muy buena / Oso ona;8;Muy buena / Oso ona;2;Muy buena / Oso ona;131;70;1002,9;0;57,9;14,9;1,34;Buena / Ona
29/01/2017;4;20;44;Muy buena / Oso ona;26;38;60;Muy buena / Oso ona;5;Muy buena / Oso ona;5;Muy buena / Oso ona;2;Muy buena / Oso ona;143;67;1005,6;0,6;68,3;11,8;1,56;Muy buena / Oso ona
28/01/2017;14;30;58;Buena / Ona;51;23;49;Muy buena / Oso ona;10;Muy buena / Oso ona;;Sin datos / Daturik gabe;2;Muy buena / Oso ona;183;79;1005,6;0;110,9;8,3;0,36;Buena / Ona
27/01/2017;7;23;63;Buena / Ona;33;47;65;Buena / Ona;13;Muy buena / Oso ona;13;Muy buena / Oso ona;2;Muy buena / Oso ona;145;62;993,6;1,3;43,7;10,6;3,24;Buena / Ona
26/01/2017;14;29;94;Buena / Ona;49;43;62;Buena / Ona;24;Muy buena / Oso ona;21;Buena / Ona;2;Muy buena / Oso ona;148;58;997,5;0;96,6;7,9;2,51;Buena / Ona
25/01/2017;33;41;78;Buena / Ona;92;19;45;Muy buena / Oso ona;25;Muy buena / Oso ona;20;Buena / Ona;3;Muy buena / Oso ona;149;78;1008;0;123,2;;0,89;Buena / Ona
24/01/2017;63;45;70;Buena / Ona;140;15;42;Muy buena / Oso ona;37;Buena / Ona;;Sin datos / Daturik gabe;4;Muy buena / Oso ona;294;85;1012,1;0;85,9;5,2;0,46;Buena / Ona
23/01/2017;57;42;73;Buena / Ona;129;19;55;Muy buena / Oso ona;32;Buena / Ona;;Sin datos / Daturik gabe;3;Muy buena / Oso ona;304;85;1008,9;0;85,2;6,7;0,98;Buena / Ona
22/01/2017;15;32;51;Buena / Ona;55;19;48;Muy buena / Oso ona;23;Muy buena / Oso ona;;Sin datos / Daturik gabe;3;Muy buena / Oso ona;297;89;1006,9;0;74;6,5;0,74;Buena / Ona
21/01/2017;27;33;52;Buena / Ona;74;12;33;Muy buena / Oso ona;21;Muy buena / Oso ona;;Sin datos / Daturik gabe;3;Muy buena / Oso ona;168;83;1006,8;0;101,9;;0,34;Buena / Ona
20/01/2017;49;40;66;Buena / Ona;114;7;21;Muy buena / Oso ona;32;Buena / Ona;;Sin datos / Daturik gabe;3;Muy buena / Oso ona;150;83;1009;0;102,5;;0,51;Buena / Ona
19/01/2017;15;32;54;Buena / Ona;55;16;27;Muy buena / Oso ona;20;Muy buena / Oso ona;;Sin datos / Daturik gabe;2;Muy buena / Oso ona;152;81;1010,9;0;23,7;2,8;0,84;Buena / Ona
18/01/2017;18;35;62;Buena / Ona;63;19;44;Muy buena / Oso ona;17;Muy buena / Oso ona;17;Buena / Ona;2;Muy buena / Oso ona;299;77;1011,6;0;14;1,9;0,84;Buena / Ona
17/01/2017;10;26;70;Buena / Ona;41;42;56;Muy buena / Oso ona;8;Muy buena / Oso ona;8;Muy buena / Oso ona;2;Muy buena / Oso ona;349;62;1012,4;0,5;71;5,1;1,1;Buena / Ona
16/01/2017;3;19;35;Muy buena / Oso ona;23;55;67;Buena / Ona;5;Muy buena / Oso ona;6;Muy buena / Oso ona;1;Muy buena / Oso ona;305;98;1011;59,1;20;9,9;3,66;Buena / Ona
15/01/2017;3;15;41;Muy buena / Oso ona;19;59;65;Buena / Ona;4;Muy buena / Oso ona;4;Muy buena / Oso ona;1;Muy buena / Oso ona;298;95;1014,4;23,5;21;8,1;2,37;Buena / Ona
14/01/2017;6;26;48;Muy buena / Oso ona;34;42;50;Muy buena / Oso ona;;Sin datos / Daturik gabe;7;Muy buena / Oso ona;2;Muy buena / Oso ona;299;96;1013,6;19,4;45,9;5,5;1,05;Muy buena / Oso ona
13/01/2017;7;28;53;Buena / Ona;38;49;66;Buena / Ona;7;Muy buena / Oso ona;6;Muy buena / Oso ona;3;Muy buena / Oso ona;294;89;1009,3;34,6;49,5;6,6;2,14;Buena / Ona
12/01/2017;29;33;56;Buena / Ona;77;16;29;Muy buena / Oso ona;21;Muy buena / Oso ona;;Sin datos / Daturik gabe;4;Muy buena / Oso ona;268;97;1006,7;4,9;40,1;10,6;0,63;Buena / Ona
11/01/2017;5;28;55;Buena / Ona;36;37;61;Buena / Ona;6;Muy buena / Oso ona;;Sin datos / Daturik gabe;2;Muy buena / Oso ona;297;100;1009,6;34,2;18,3;11,7;2,82;Buena / Ona
10/01/2017;11;27;53;Buena / Ona;44;34;56;Muy buena / Oso ona;14;Muy buena / Oso ona;;Sin datos / Daturik gabe;2;Muy buena / Oso ona;293;99;1006;48,6;8,9;8,5;2,24;Buena / Ona
09/01/2017;53;44;83;Buena / Ona;124;9;27;Muy buena / Oso ona;29;Buena / Ona;24;Buena / Ona;2;Muy buena / Oso ona;148;84;1014,4;0;81,9;7,1;0,4;Buena / Ona
08/01/2017;16;37;63;Buena / Ona;61;15;32;Muy buena / Oso ona;16;Muy buena / Oso ona;;Sin datos / Daturik gabe;2;Muy buena / Oso ona;145;77;1018,5;0;72,6;;0,19;Buena / Ona
07/01/2017;26;33;66;Buena / Ona;73;12;30;Muy buena / Oso ona;15;Muy buena / Oso ona;;Sin datos / Daturik gabe;2;Muy buena / Oso ona;157;81;1018,7;0;105,1;;0,41;Buena / Ona
06/01/2017;21;30;53;Buena / Ona;61;13;32;Muy buena / Oso ona;18;Muy buena / Oso ona;;Sin datos / Daturik gabe;2;Muy buena / Oso ona;200;86;1017,8;0;101,5;;0,23;Buena / Ona
05/01/2017;34;40;72;Buena / Ona;92;11;28;Muy buena / Oso ona;21;Muy buena / Oso ona;;Sin datos / Daturik gabe;2;Muy buena / Oso ona;133;83;1016,1;0;77,9;4;0,95;Buena / Ona
04/01/2017;56;37;60;Buena / Ona;123;5;14;Muy buena / Oso ona;34;Buena / Ona;;Sin datos / Daturik gabe;3;Muy buena / Oso ona;141;88;1013,5;0;93,2;;0,35;Buena / Ona
03/01/2017;;;;Sin datos / Daturik gabe;;4;;Sin datos / Daturik gabe;33;Buena / Ona;;Sin datos / Daturik gabe;3;Muy buena / Oso ona;152;87;1010,4;0,1;73,2;4,5;0,22;Buena / Ona
02/01/2017;11;27;50;Muy buena / Oso ona;44;21;30;Muy buena / Oso ona;15;Muy buena / Oso ona;16;Muy buena / Oso ona;2;Muy buena / Oso ona;149;70;1006,5;0;68,4;5,5;2,24;Muy buena / Oso ona
01/01/2017;17;27;48;Muy buena / Oso ona;53;11;24;Muy buena / Oso ona;17;Muy buena / Oso ona;;Sin datos / Daturik gabe;1;Muy buena / Oso ona;135;80;1009,1;0;96,1;4,6;0,91;Muy buena / Oso ona
