Date;CO (mg/m3);CO 8h max (mg/m3);CO 8h max - ICA;NO (µg/m3);NO2 (µg/m3);NO2 max (µg/m3);NO2 - ICA;NOX (µg/m3);O3 (µg/m3);O3 8h max (µg/m3);O3 8h max - ICA;PM10 (µg/m3);PM10 - ICA;SO2 (µg/m3);SO2 - ICA;D.vien (grados);H (%);P (mBar);Tº (ºC);V.vien (m/s);ICA Estación
28/10/2017;0,18;;Sin datos / Daturik gabe;7;18;39;Muy buena / Oso ona;29;28;44;Muy buena / Oso ona;15;Muy buena / Oso ona;4;Muy buena / Oso ona;33;80;1009,6;14,9;0,47;Muy buena / Oso ona
27/10/2017;0,22;0,28;Muy buena / Oso ona;15;27;48;Muy buena / Oso ona;50;20;35;Muy buena / Oso ona;24;Muy buena / Oso ona;5;Muy buena / Oso ona;21;79;1011,4;14,8;0,31;Muy buena / Oso ona
26/10/2017;0,25;;Sin datos / Daturik gabe;18;42;69;Buena / Ona;70;19;36;Muy buena / Oso ona;24;Muy buena / Oso ona;8;Muy buena / Oso ona;37;65;1005,5;17,2;0,69;Buena / Ona
25/10/2017;0,28;0,34;Muy buena / Oso ona;33;44;92;Buena / Ona;94;12;26;Muy buena / Oso ona;28;Buena / Ona;8;Muy buena / Oso ona;322;66;1001,3;17,2;0,24;Buena / Ona
24/10/2017;0,27;0,33;Muy buena / Oso ona;20;36;68;Buena / Ona;66;12;;Sin datos / Daturik gabe;19;Muy buena / Oso ona;5;Muy buena / Oso ona;351;67;1002,6;15,7;0,44;Buena / Ona
23/10/2017;0,18;0,24;Muy buena / Oso ona;12;27;43;Muy buena / Oso ona;46;15;35;Muy buena / Oso ona;15;Muy buena / Oso ona;5;Muy buena / Oso ona;27;73;1006,1;12,8;0,37;Muy buena / Oso ona
22/10/2017;0,15;;Sin datos / Daturik gabe;3;12;25;Muy buena / Oso ona;15;33;55;Muy buena / Oso ona;9;Muy buena / Oso ona;3;Muy buena / Oso ona;288;78;1008,3;13;0,46;Muy buena / Oso ona
21/10/2017;;;Sin datos / Daturik gabe;2;7;15;Muy buena / Oso ona;10;51;60;Muy buena / Oso ona;12;Muy buena / Oso ona;3;Muy buena / Oso ona;292;67;1003,5;16,8;1,03;Muy buena / Oso ona
20/10/2017;;;Sin datos / Daturik gabe;16;20;48;Muy buena / Oso ona;45;27;49;Muy buena / Oso ona;13;Muy buena / Oso ona;3;Muy buena / Oso ona;284;61;995,5;18,9;0,95;Muy buena / Oso ona
19/10/2017;;;Sin datos / Daturik gabe;;;;Sin datos / Daturik gabe;;;;Sin datos / Daturik gabe;;Sin datos / Daturik gabe;;Sin datos / Daturik gabe;268;61;991,3;17,5;0,42;Sin datos / Daturik gabe
18/10/2017;0,19;0,33;Muy buena / Oso ona;7;18;42;Muy buena / Oso ona;29;18;29;Muy buena / Oso ona;15;Muy buena / Oso ona;3;Muy buena / Oso ona;301;85;990,4;14,8;0,69;Muy buena / Oso ona
17/10/2017;0,23;0,33;Muy buena / Oso ona;8;23;43;Muy buena / Oso ona;35;29;56;Muy buena / Oso ona;25;Muy buena / Oso ona;4;Muy buena / Oso ona;265;70;995,5;19,4;0,32;Muy buena / Oso ona
16/10/2017;0,18;0,21;Muy buena / Oso ona;7;20;41;Muy buena / Oso ona;31;49;56;Muy buena / Oso ona;28;Buena / Ona;4;Muy buena / Oso ona;55;63;1001;21,5;1,03;Buena / Ona
15/10/2017;0,15;0,18;Muy buena / Oso ona;3;7;21;Muy buena / Oso ona;11;54;58;Muy buena / Oso ona;21;Muy buena / Oso ona;3;Muy buena / Oso ona;288;55;1001,2;23,9;1,32;Muy buena / Oso ona
14/10/2017;0,2;0,29;Muy buena / Oso ona;3;11;16;Muy buena / Oso ona;16;46;71;Buena / Ona;32;Buena / Ona;4;Muy buena / Oso ona;293;67;1002,1;21,7;0,76;Buena / Ona
13/10/2017;0,26;0,3;Muy buena / Oso ona;12;29;59;Buena / Ona;47;29;50;Muy buena / Oso ona;37;Buena / Ona;5;Muy buena / Oso ona;73;74;1003,2;18,7;1,23;Buena / Ona
12/10/2017;0,21;0,25;Muy buena / Oso ona;4;20;37;Muy buena / Oso ona;26;24;50;Muy buena / Oso ona;25;Muy buena / Oso ona;5;Muy buena / Oso ona;30;75;1003,7;17,4;0,26;Muy buena / Oso ona
11/10/2017;0,23;0,28;Muy buena / Oso ona;17;26;55;Buena / Ona;52;22;49;Muy buena / Oso ona;27;Buena / Ona;5;Muy buena / Oso ona;43;75;1000,6;16,1;0,79;Buena / Ona
10/10/2017;0,22;0,27;Muy buena / Oso ona;17;28;45;Muy buena / Oso ona;54;14;35;Muy buena / Oso ona;21;Muy buena / Oso ona;7;Muy buena / Oso ona;56;76;1000;15,2;0,51;Muy buena / Oso ona
09/10/2017;0,19;0,24;Muy buena / Oso ona;13;27;44;Muy buena / Oso ona;46;20;41;Muy buena / Oso ona;19;Muy buena / Oso ona;7;Muy buena / Oso ona;45;72;1001,4;13,9;0,57;Muy buena / Oso ona
08/10/2017;0,19;0,24;Muy buena / Oso ona;6;17;27;Muy buena / Oso ona;27;28;56;Muy buena / Oso ona;15;Muy buena / Oso ona;5;Muy buena / Oso ona;44;73;1002,2;13,5;0,63;Muy buena / Oso ona
07/10/2017;0,16;0,19;Muy buena / Oso ona;5;17;27;Muy buena / Oso ona;25;25;49;Muy buena / Oso ona;14;Muy buena / Oso ona;5;Muy buena / Oso ona;32;77;1003,8;13,7;0,61;Muy buena / Oso ona
06/10/2017;0,18;0,22;Muy buena / Oso ona;7;14;30;Muy buena / Oso ona;25;30;48;Muy buena / Oso ona;11;Muy buena / Oso ona;4;Muy buena / Oso ona;12;84;1005,5;15,9;0,43;Muy buena / Oso ona
05/10/2017;0,21;0,23;Muy buena / Oso ona;7;15;30;Muy buena / Oso ona;26;28;46;Muy buena / Oso ona;17;Muy buena / Oso ona;5;Muy buena / Oso ona;355;82;1003,9;19,4;0,32;Muy buena / Oso ona
04/10/2017;0,19;0,22;Muy buena / Oso ona;16;24;43;Muy buena / Oso ona;49;11;27;Muy buena / Oso ona;20;Muy buena / Oso ona;7;Muy buena / Oso ona;71;77;1002,2;20,8;0,79;Muy buena / Oso ona
03/10/2017;0,22;;Sin datos / Daturik gabe;19;16;29;Muy buena / Oso ona;45;7;;Sin datos / Daturik gabe;14;Muy buena / Oso ona;5;Muy buena / Oso ona;58;82;1003,1;19,5;0,9;Muy buena / Oso ona
02/10/2017;0,27;0,32;Muy buena / Oso ona;22;17;36;Muy buena / Oso ona;52;5;13;Muy buena / Oso ona;16;Muy buena / Oso ona;3;Muy buena / Oso ona;351;86;1004,5;19,7;0,24;Muy buena / Oso ona
01/10/2017;0,21;;Sin datos / Daturik gabe;3;7;16;Muy buena / Oso ona;12;9;28;Muy buena / Oso ona;10;Muy buena / Oso ona;3;Muy buena / Oso ona;314;89;1003,3;16,8;0,52;Muy buena / Oso ona
30/09/2017;0,17;0,27;Muy buena / Oso ona;4;12;23;Muy buena / Oso ona;18;33;45;Muy buena / Oso ona;9;Muy buena / Oso ona;4;Muy buena / Oso ona;27;86;1001,9;17;0,45;Muy buena / Oso ona
29/09/2017;0,44;;Sin datos / Daturik gabe;23;36;66;Buena / Ona;71;35;;Sin datos / Daturik gabe;32;Buena / Ona;9;Muy buena / Oso ona;59;69;1000,8;21;1,27;Buena / Ona
28/09/2017;0,24;0,29;Muy buena / Oso ona;14;30;56;Buena / Ona;51;34;70;Buena / Ona;22;Muy buena / Oso ona;3;Muy buena / Oso ona;280;63;1000,1;21,1;0,53;Buena / Ona
27/09/2017;0,2;0,23;Muy buena / Oso ona;10;28;58;Buena / Ona;43;28;62;Buena / Ona;18;Muy buena / Oso ona;4;Muy buena / Oso ona;40;67;998,7;18,6;0,53;Buena / Ona
26/09/2017;0,16;0,2;Muy buena / Oso ona;6;17;32;Muy buena / Oso ona;27;26;50;Muy buena / Oso ona;13;Muy buena / Oso ona;4;Muy buena / Oso ona;25;75;1000,8;17,7;0,43;Muy buena / Oso ona
25/09/2017;0,18;0,23;Muy buena / Oso ona;4;10;21;Muy buena / Oso ona;16;31;51;Muy buena / Oso ona;13;Muy buena / Oso ona;3;Muy buena / Oso ona;306;79;1001,9;17,4;0,78;Muy buena / Oso ona
24/09/2017;0,24;0,29;Muy buena / Oso ona;4;20;57;Buena / Ona;26;35;65;Buena / Ona;21;Muy buena / Oso ona;5;Muy buena / Oso ona;59;72;998,1;20,1;0,63;Buena / Ona
23/09/2017;0,22;0,25;Muy buena / Oso ona;5;13;26;Muy buena / Oso ona;20;38;68;Buena / Ona;18;Muy buena / Oso ona;3;Muy buena / Oso ona;284;69;998,1;20,3;0,76;Buena / Ona
22/09/2017;0,19;;Sin datos / Daturik gabe;7;19;41;Muy buena / Oso ona;30;25;33;Muy buena / Oso ona;14;Muy buena / Oso ona;4;Muy buena / Oso ona;6;85;1001,3;16,7;0,27;Muy buena / Oso ona
21/09/2017;0,27;0,35;Muy buena / Oso ona;15;30;51;Buena / Ona;53;21;44;Muy buena / Oso ona;25;Muy buena / Oso ona;9;Muy buena / Oso ona;43;74;997,9;16,6;0,64;Buena / Ona
20/09/2017;0,22;0,25;Muy buena / Oso ona;15;29;35;Muy buena / Oso ona;51;22;50;Muy buena / Oso ona;23;Muy buena / Oso ona;6;Muy buena / Oso ona;33;69;999,1;15,9;0,3;Muy buena / Oso ona
19/09/2017;0,2;0,23;Muy buena / Oso ona;7;19;31;Muy buena / Oso ona;30;31;52;Muy buena / Oso ona;13;Muy buena / Oso ona;5;Muy buena / Oso ona;16;76;1004,2;15,5;0,34;Muy buena / Oso ona
18/09/2017;0,21;0,27;Muy buena / Oso ona;12;22;44;Muy buena / Oso ona;40;17;31;Muy buena / Oso ona;13;Muy buena / Oso ona;4;Muy buena / Oso ona;330;87;999,7;15,2;0,16;Muy buena / Oso ona
17/09/2017;;;Sin datos / Daturik gabe;3;8;18;Muy buena / Oso ona;12;32;57;Muy buena / Oso ona;8;Muy buena / Oso ona;4;Muy buena / Oso ona;344;71;997,6;14,9;0,57;Muy buena / Oso ona
16/09/2017;;;Sin datos / Daturik gabe;4;8;17;Muy buena / Oso ona;14;30;52;Muy buena / Oso ona;5;Muy buena / Oso ona;4;Muy buena / Oso ona;313;80;996,8;12,5;0,57;Muy buena / Oso ona
15/09/2017;0,16;;Sin datos / Daturik gabe;7;12;32;Muy buena / Oso ona;23;23;44;Muy buena / Oso ona;9;Muy buena / Oso ona;4;Muy buena / Oso ona;296;85;998,1;12,6;0,72;Muy buena / Oso ona
14/09/2017;0,16;0,19;Muy buena / Oso ona;6;16;43;Muy buena / Oso ona;24;35;54;Muy buena / Oso ona;14;Muy buena / Oso ona;5;Muy buena / Oso ona;302;73;1001,6;16,2;0,77;Muy buena / Oso ona
13/09/2017;0,23;0,32;Muy buena / Oso ona;16;24;38;Muy buena / Oso ona;47;17;34;Muy buena / Oso ona;17;Muy buena / Oso ona;7;Muy buena / Oso ona;65;74;1000,3;19,1;1,25;Muy buena / Oso ona
12/09/2017;0,19;0,23;Muy buena / Oso ona;7;20;40;Muy buena / Oso ona;31;28;50;Muy buena / Oso ona;10;Muy buena / Oso ona;5;Muy buena / Oso ona;33;79;998,9;17,3;0,4;Muy buena / Oso ona
11/09/2017;0,18;;Sin datos / Daturik gabe;4;8;21;Muy buena / Oso ona;14;38;53;Muy buena / Oso ona;12;Muy buena / Oso ona;4;Muy buena / Oso ona;298;77;994,6;17,5;1,24;Muy buena / Oso ona
10/09/2017;0,14;0,16;Muy buena / Oso ona;2;6;13;Muy buena / Oso ona;9;38;56;Muy buena / Oso ona;10;Muy buena / Oso ona;3;Muy buena / Oso ona;300;76;994,1;16,6;0,79;Muy buena / Oso ona
09/09/2017;0,17;0,2;Muy buena / Oso ona;2;7;30;Muy buena / Oso ona;11;38;48;Muy buena / Oso ona;9;Muy buena / Oso ona;4;Muy buena / Oso ona;290;79;990,8;15,9;1,12;Muy buena / Oso ona
08/09/2017;0,2;;Sin datos / Daturik gabe;9;24;35;Muy buena / Oso ona;38;22;40;Muy buena / Oso ona;19;Muy buena / Oso ona;6;Muy buena / Oso ona;53;70;994,6;17,5;0,64;Muy buena / Oso ona
07/09/2017;0,17;0,2;Muy buena / Oso ona;6;14;29;Muy buena / Oso ona;23;31;48;Muy buena / Oso ona;13;Muy buena / Oso ona;5;Muy buena / Oso ona;17;71;1002;17,8;0,54;Muy buena / Oso ona
06/09/2017;0,2;0,26;Muy buena / Oso ona;8;15;35;Muy buena / Oso ona;27;27;44;Muy buena / Oso ona;13;Muy buena / Oso ona;5;Muy buena / Oso ona;319;81;1006;18;0,44;Muy buena / Oso ona
05/09/2017;0,24;0,31;Muy buena / Oso ona;13;19;34;Muy buena / Oso ona;38;24;44;Muy buena / Oso ona;17;Muy buena / Oso ona;7;Muy buena / Oso ona;38;75;1002,6;20,2;0,6;Muy buena / Oso ona
04/09/2017;0,23;0,32;Muy buena / Oso ona;11;23;39;Muy buena / Oso ona;40;14;28;Muy buena / Oso ona;14;Muy buena / Oso ona;7;Muy buena / Oso ona;57;80;997,1;19,9;1,13;Muy buena / Oso ona
03/09/2017;0,21;;Sin datos / Daturik gabe;4;16;27;Muy buena / Oso ona;22;32;68;Buena / Ona;13;Muy buena / Oso ona;6;Muy buena / Oso ona;23;69;995;19,8;0,53;Buena / Ona
02/09/2017;0,19;0,23;Muy buena / Oso ona;5;12;21;Muy buena / Oso ona;19;38;66;Buena / Ona;12;Muy buena / Oso ona;6;Muy buena / Oso ona;48;69;1002,9;17,6;0,45;Buena / Ona
01/09/2017;0,16;;Sin datos / Daturik gabe;5;9;28;Muy buena / Oso ona;17;39;62;Buena / Ona;9;Muy buena / Oso ona;5;Muy buena / Oso ona;315;72;1003,1;17,2;1;Buena / Ona
31/08/2017;;0,22;Muy buena / Oso ona;7;14;33;Muy buena / Oso ona;25;38;51;Muy buena / Oso ona;9;Muy buena / Oso ona;6;Muy buena / Oso ona;30;74;1001,4;17,5;0,55;Muy buena / Oso ona
30/08/2017;0,19;0,23;Muy buena / Oso ona;6;14;34;Muy buena / Oso ona;23;35;52;Muy buena / Oso ona;17;Muy buena / Oso ona;5;Muy buena / Oso ona;337;85;995;19,3;0,38;Muy buena / Oso ona
29/08/2017;0,17;0,2;Muy buena / Oso ona;8;18;35;Muy buena / Oso ona;31;36;64;Buena / Ona;17;Muy buena / Oso ona;5;Muy buena / Oso ona;48;77;993,6;21,1;0,56;Buena / Ona
28/08/2017;0,17;0,2;Muy buena / Oso ona;9;15;29;Muy buena / Oso ona;28;20;34;Muy buena / Oso ona;17;Muy buena / Oso ona;5;Muy buena / Oso ona;291;82;994,9;20,3;0,84;Muy buena / Oso ona
27/08/2017;0,24;0,35;Muy buena / Oso ona;4;12;22;Muy buena / Oso ona;18;24;35;Muy buena / Oso ona;18;Muy buena / Oso ona;5;Muy buena / Oso ona;296;73;994,5;21,9;0,84;Muy buena / Oso ona
26/08/2017;0,25;0,3;Muy buena / Oso ona;4;19;46;Muy buena / Oso ona;25;37;54;Muy buena / Oso ona;21;Muy buena / Oso ona;7;Muy buena / Oso ona;67;72;993,7;23,4;1,02;Muy buena / Oso ona
25/08/2017;0,22;0,25;Muy buena / Oso ona;8;19;30;Muy buena / Oso ona;31;34;51;Muy buena / Oso ona;16;Muy buena / Oso ona;8;Muy buena / Oso ona;66;76;995,4;21,8;1,15;Muy buena / Oso ona
24/08/2017;0,2;0,24;Muy buena / Oso ona;6;18;40;Muy buena / Oso ona;28;38;53;Muy buena / Oso ona;21;Muy buena / Oso ona;8;Muy buena / Oso ona;74;77;996;21,6;1,07;Muy buena / Oso ona
23/08/2017;0,19;0,24;Muy buena / Oso ona;9;17;34;Muy buena / Oso ona;30;30;46;Muy buena / Oso ona;23;Muy buena / Oso ona;7;Muy buena / Oso ona;60;74;997,5;21;1,09;Muy buena / Oso ona
22/08/2017;0,25;0,34;Muy buena / Oso ona;7;24;56;Buena / Ona;35;53;70;Buena / Ona;30;Buena / Ona;7;Muy buena / Oso ona;59;61;995,4;24,1;2,11;Buena / Ona
21/08/2017;0,19;;Sin datos / Daturik gabe;7;25;39;Muy buena / Oso ona;37;45;88;Buena / Ona;15;Muy buena / Oso ona;7;Muy buena / Oso ona;59;60;996,2;23,1;0,82;Buena / Ona
20/08/2017;;;Sin datos / Daturik gabe;6;14;30;Muy buena / Oso ona;24;33;55;Muy buena / Oso ona;10;Muy buena / Oso ona;7;Muy buena / Oso ona;60;67;1003,8;18,8;0,98;Muy buena / Oso ona
19/08/2017;0,18;0,21;Muy buena / Oso ona;6;11;28;Muy buena / Oso ona;20;37;50;Muy buena / Oso ona;9;Muy buena / Oso ona;6;Muy buena / Oso ona;46;74;1003,2;19,8;0,92;Muy buena / Oso ona
18/08/2017;0,21;0,23;Muy buena / Oso ona;6;18;35;Muy buena / Oso ona;27;32;48;Muy buena / Oso ona;13;Muy buena / Oso ona;5;Muy buena / Oso ona;40;79;1000,7;20,6;0,62;Muy buena / Oso ona
17/08/2017;0,2;0,24;Muy buena / Oso ona;11;23;48;Muy buena / Oso ona;40;32;60;Muy buena / Oso ona;13;Muy buena / Oso ona;10;Muy buena / Oso ona;59;69;999,8;21;1,31;Muy buena / Oso ona
16/08/2017;0,17;0,21;Muy buena / Oso ona;7;16;34;Muy buena / Oso ona;27;33;57;Muy buena / Oso ona;12;Muy buena / Oso ona;8;Muy buena / Oso ona;40;68;1001,4;21,3;0,87;Muy buena / Oso ona
15/08/2017;0,21;0,31;Muy buena / Oso ona;5;17;25;Muy buena / Oso ona;25;29;33;Muy buena / Oso ona;16;Muy buena / Oso ona;6;Muy buena / Oso ona;59;79;999,4;20,3;1,32;Muy buena / Oso ona
14/08/2017;0,25;0,3;Muy buena / Oso ona;6;24;54;Buena / Ona;32;41;73;Buena / Ona;19;Muy buena / Oso ona;6;Muy buena / Oso ona;92;65;993,6;24,3;0,58;Buena / Ona
13/08/2017;;;Sin datos / Daturik gabe;5;13;26;Muy buena / Oso ona;21;35;56;Muy buena / Oso ona;12;Muy buena / Oso ona;7;Muy buena / Oso ona;63;71;999,1;19;0,99;Muy buena / Oso ona
12/08/2017;0,15;;Sin datos / Daturik gabe;9;17;51;Buena / Ona;31;35;61;Buena / Ona;11;Muy buena / Oso ona;12;Muy buena / Oso ona;56;62;1002,8;17,9;0,97;Buena / Ona
11/08/2017;;;Sin datos / Daturik gabe;7;14;26;Muy buena / Oso ona;24;38;63;Buena / Ona;;Sin datos / Daturik gabe;5;Muy buena / Oso ona;347;69;1004,8;17,1;0,33;Buena / Ona
10/08/2017;0,14;;Sin datos / Daturik gabe;3;9;22;Muy buena / Oso ona;15;36;55;Muy buena / Oso ona;9;Muy buena / Oso ona;3;Muy buena / Oso ona;299;78;1006,1;15,8;1,01;Muy buena / Oso ona
09/08/2017;0,13;0,14;Muy buena / Oso ona;3;8;17;Muy buena / Oso ona;13;45;61;Buena / Ona;10;Muy buena / Oso ona;3;Muy buena / Oso ona;296;71;1001,8;16,4;1,13;Buena / Ona
08/08/2017;0,13;;Sin datos / Daturik gabe;3;9;22;Muy buena / Oso ona;14;49;63;Buena / Ona;6;Muy buena / Oso ona;4;Muy buena / Oso ona;304;68;999,2;17,5;0,92;Buena / Ona
07/08/2017;0,14;0,17;Muy buena / Oso ona;4;9;23;Muy buena / Oso ona;15;51;62;Buena / Ona;13;Muy buena / Oso ona;5;Muy buena / Oso ona;306;71;995,3;20,2;1,15;Buena / Ona
06/08/2017;0,13;0,16;Muy buena / Oso ona;4;14;34;Muy buena / Oso ona;20;43;57;Muy buena / Oso ona;10;Muy buena / Oso ona;8;Muy buena / Oso ona;44;67;1001,8;19,6;0,56;Muy buena / Oso ona
05/08/2017;0,17;0,18;Muy buena / Oso ona;3;12;21;Muy buena / Oso ona;17;32;43;Muy buena / Oso ona;7;Muy buena / Oso ona;5;Muy buena / Oso ona;352;85;1001,1;19,2;0,34;Muy buena / Oso ona
04/08/2017;0,19;0,21;Muy buena / Oso ona;7;16;35;Muy buena / Oso ona;26;38;56;Muy buena / Oso ona;14;Muy buena / Oso ona;6;Muy buena / Oso ona;39;63;997,4;25,4;0,77;Muy buena / Oso ona
03/08/2017;0,18;0,22;Muy buena / Oso ona;12;25;54;Buena / Ona;43;39;61;Buena / Ona;19;Muy buena / Oso ona;10;Muy buena / Oso ona;58;67;998,2;22,7;0,69;Buena / Ona
02/08/2017;0,19;0,23;Muy buena / Oso ona;14;26;50;Muy buena / Oso ona;47;32;51;Muy buena / Oso ona;17;Muy buena / Oso ona;9;Muy buena / Oso ona;55;71;997,8;21,9;1,35;Muy buena / Oso ona
01/08/2017;0,16;0,2;Muy buena / Oso ona;9;15;35;Muy buena / Oso ona;28;28;39;Muy buena / Oso ona;13;Muy buena / Oso ona;6;Muy buena / Oso ona;42;77;996,5;20,1;0,73;Muy buena / Oso ona
31/07/2017;0,18;0,2;Muy buena / Oso ona;4;12;28;Muy buena / Oso ona;18;28;35;Muy buena / Oso ona;8;Muy buena / Oso ona;4;Muy buena / Oso ona;331;82;993,5;18,6;0,39;Muy buena / Oso ona
30/07/2017;0,18;0,23;Muy buena / Oso ona;6;13;24;Muy buena / Oso ona;23;27;45;Muy buena / Oso ona;12;Muy buena / Oso ona;6;Muy buena / Oso ona;42;77;995;19,7;0,69;Muy buena / Oso ona
29/07/2017;0,16;0,2;Muy buena / Oso ona;6;17;41;Muy buena / Oso ona;27;39;68;Buena / Ona;13;Muy buena / Oso ona;6;Muy buena / Oso ona;54;59;994,8;23,5;0,89;Buena / Ona
28/07/2017;0,22;0,24;Muy buena / Oso ona;13;24;42;Muy buena / Oso ona;44;27;39;Muy buena / Oso ona;13;Muy buena / Oso ona;6;Muy buena / Oso ona;64;77;997,6;21,4;1,65;Muy buena / Oso ona
27/07/2017;0,21;0,25;Muy buena / Oso ona;15;29;48;Muy buena / Oso ona;52;28;45;Muy buena / Oso ona;24;Muy buena / Oso ona;10;Muy buena / Oso ona;66;71;995,7;21,4;1,97;Muy buena / Oso ona
26/07/2017;0,19;0,23;Muy buena / Oso ona;10;22;47;Muy buena / Oso ona;38;35;61;Buena / Ona;19;Muy buena / Oso ona;6;Muy buena / Oso ona;56;71;997,2;19,8;1,16;Buena / Ona
25/07/2017;0,13;0,15;Muy buena / Oso ona;2;6;13;Muy buena / Oso ona;9;39;56;Muy buena / Oso ona;9;Muy buena / Oso ona;4;Muy buena / Oso ona;305;76;1001,4;17,8;0,92;Muy buena / Oso ona
24/07/2017;0,15;0,17;Muy buena / Oso ona;4;7;19;Muy buena / Oso ona;13;29;38;Muy buena / Oso ona;5;Muy buena / Oso ona;3;Muy buena / Oso ona;280;85;1002,4;18,4;1,04;Muy buena / Oso ona
23/07/2017;0,14;0,17;Muy buena / Oso ona;5;13;30;Muy buena / Oso ona;21;39;57;Muy buena / Oso ona;14;Muy buena / Oso ona;9;Muy buena / Oso ona;42;66;1000,8;20,4;0,75;Muy buena / Oso ona
22/07/2017;0,15;0,2;Muy buena / Oso ona;11;16;40;Muy buena / Oso ona;34;30;48;Muy buena / Oso ona;16;Muy buena / Oso ona;9;Muy buena / Oso ona;359;73;996,7;18,4;0,56;Muy buena / Oso ona
21/07/2017;0,15;0,18;Muy buena / Oso ona;9;21;35;Muy buena / Oso ona;35;17;26;Muy buena / Oso ona;13;Muy buena / Oso ona;5;Muy buena / Oso ona;25;83;994,3;16,8;0,54;Muy buena / Oso ona
20/07/2017;0,19;0,3;Muy buena / Oso ona;11;21;43;Muy buena / Oso ona;37;26;48;Muy buena / Oso ona;14;Muy buena / Oso ona;6;Muy buena / Oso ona;43;83;997,6;17,1;0,54;Muy buena / Oso ona
19/07/2017;0,22;0,27;Muy buena / Oso ona;9;22;50;Muy buena / Oso ona;36;48;55;Muy buena / Oso ona;26;Buena / Ona;6;Muy buena / Oso ona;31;70;993,2;21,6;0,83;Buena / Ona
18/07/2017;0,24;0,29;Muy buena / Oso ona;10;29;62;Buena / Ona;44;55;72;Buena / Ona;30;Buena / Ona;6;Muy buena / Oso ona;79;63;989,6;25,1;1,63;Buena / Ona
17/07/2017;0,25;0,29;Muy buena / Oso ona;14;42;80;Buena / Ona;64;37;70;Buena / Ona;33;Buena / Ona;12;Muy buena / Oso ona;74;64;992,8;26;0,72;Buena / Ona
16/07/2017;0,2;0,24;Muy buena / Oso ona;6;15;38;Muy buena / Oso ona;25;48;73;Buena / Ona;16;Muy buena / Oso ona;7;Muy buena / Oso ona;53;69;999,9;21,9;0,97;Buena / Ona
15/07/2017;0,16;0,19;Muy buena / Oso ona;7;15;42;Muy buena / Oso ona;25;38;49;Muy buena / Oso ona;10;Muy buena / Oso ona;6;Muy buena / Oso ona;52;68;1002,7;20,5;0,85;Muy buena / Oso ona
14/07/2017;0,16;0,2;Muy buena / Oso ona;9;15;31;Muy buena / Oso ona;28;28;39;Muy buena / Oso ona;8;Muy buena / Oso ona;4;Muy buena / Oso ona;33;72;1003,3;19,5;0,73;Muy buena / Oso ona
13/07/2017;0,2;0,24;Muy buena / Oso ona;12;20;35;Muy buena / Oso ona;38;25;36;Muy buena / Oso ona;15;Muy buena / Oso ona;5;Muy buena / Oso ona;45;75;1002,6;19,7;0,69;Muy buena / Oso ona
12/07/2017;0,19;0,26;Muy buena / Oso ona;15;29;51;Buena / Ona;52;21;38;Muy buena / Oso ona;21;Muy buena / Oso ona;9;Muy buena / Oso ona;53;73;1000,8;19,5;1,11;Buena / Ona
11/07/2017;0,18;0,22;Muy buena / Oso ona;14;23;38;Muy buena / Oso ona;45;26;45;Muy buena / Oso ona;16;Muy buena / Oso ona;10;Muy buena / Oso ona;62;69;996,6;20,6;1,42;Muy buena / Oso ona
10/07/2017;0,2;0,22;Muy buena / Oso ona;11;21;32;Muy buena / Oso ona;38;21;38;Muy buena / Oso ona;16;Muy buena / Oso ona;9;Muy buena / Oso ona;70;81;996,7;19;1,39;Muy buena / Oso ona
09/07/2017;0,22;0,25;Muy buena / Oso ona;6;18;32;Muy buena / Oso ona;27;39;57;Muy buena / Oso ona;18;Muy buena / Oso ona;8;Muy buena / Oso ona;73;78;995,1;20,3;1,65;Muy buena / Oso ona
08/07/2017;0,25;0,27;Muy buena / Oso ona;6;20;37;Muy buena / Oso ona;30;38;51;Muy buena / Oso ona;19;Muy buena / Oso ona;5;Muy buena / Oso ona;75;84;997,4;19,7;2,05;Muy buena / Oso ona
07/07/2017;0,23;0,27;Muy buena / Oso ona;15;31;53;Buena / Ona;53;30;45;Muy buena / Oso ona;21;Muy buena / Oso ona;8;Muy buena / Oso ona;71;75;997,5;20,9;2,43;Buena / Ona
06/07/2017;0,25;0,33;Muy buena / Oso ona;11;35;79;Buena / Ona;52;31;49;Muy buena / Oso ona;28;Buena / Ona;10;Muy buena / Oso ona;69;64;995,6;23,7;0,49;Buena / Ona
05/07/2017;0,18;0,23;Muy buena / Oso ona;9;24;48;Muy buena / Oso ona;37;56;66;Buena / Ona;25;Muy buena / Oso ona;6;Muy buena / Oso ona;67;53;992,4;24,8;1,78;Buena / Ona
04/07/2017;0,18;0,2;Muy buena / Oso ona;11;22;52;Buena / Ona;39;45;78;Buena / Ona;18;Muy buena / Oso ona;4;Muy buena / Oso ona;120;52;993,9;27,2;0,74;Buena / Ona
03/07/2017;0,19;0,24;Muy buena / Oso ona;15;19;28;Muy buena / Oso ona;41;18;34;Muy buena / Oso ona;12;Muy buena / Oso ona;7;Muy buena / Oso ona;63;71;1003,2;19,6;1,03;Muy buena / Oso ona
02/07/2017;0,14;0,16;Muy buena / Oso ona;4;10;24;Muy buena / Oso ona;16;31;51;Muy buena / Oso ona;8;Muy buena / Oso ona;4;Muy buena / Oso ona;31;73;1007,5;17;0,63;Muy buena / Oso ona
01/07/2017;0,13;0,15;Muy buena / Oso ona;3;7;16;Muy buena / Oso ona;11;35;44;Muy buena / Oso ona;10;Muy buena / Oso ona;3;Muy buena / Oso ona;279;80;1005,9;14,3;0,75;Muy buena / Oso ona
30/06/2017;0,12;;Sin datos / Daturik gabe;3;10;25;Muy buena / Oso ona;15;35;55;Muy buena / Oso ona;7;Muy buena / Oso ona;3;Muy buena / Oso ona;293;81;997,8;13,9;1,27;Muy buena / Oso ona
29/06/2017;;;Sin datos / Daturik gabe;9;20;44;Muy buena / Oso ona;34;31;57;Muy buena / Oso ona;12;Muy buena / Oso ona;3;Muy buena / Oso ona;262;66;990,9;16;0,85;Muy buena / Oso ona
28/06/2017;0,15;0,21;Muy buena / Oso ona;5;11;29;Muy buena / Oso ona;19;40;57;Muy buena / Oso ona;11;Muy buena / Oso ona;4;Muy buena / Oso ona;311;68;986,7;18,9;1,2;Muy buena / Oso ona
27/06/2017;0,23;0,25;Muy buena / Oso ona;14;25;38;Muy buena / Oso ona;47;15;27;Muy buena / Oso ona;18;Muy buena / Oso ona;10;Muy buena / Oso ona;56;80;989,5;19,5;0,66;Muy buena / Oso ona
26/06/2017;0,24;0,26;Muy buena / Oso ona;10;23;33;Muy buena / Oso ona;38;23;45;Muy buena / Oso ona;20;Muy buena / Oso ona;4;Muy buena / Oso ona;57;77;990,7;21,5;0,65;Muy buena / Oso ona
25/06/2017;0,19;0,23;Muy buena / Oso ona;6;15;31;Muy buena / Oso ona;23;23;45;Muy buena / Oso ona;15;Muy buena / Oso ona;5;Muy buena / Oso ona;35;79;997,1;19,4;0,52;Muy buena / Oso ona
24/06/2017;0,2;0,22;Muy buena / Oso ona;4;13;36;Muy buena / Oso ona;20;30;38;Muy buena / Oso ona;16;Muy buena / Oso ona;4;Muy buena / Oso ona;45;82;1002,1;19;0,6;Muy buena / Oso ona
23/06/2017;0,23;0,25;Muy buena / Oso ona;8;25;42;Muy buena / Oso ona;37;31;41;Muy buena / Oso ona;26;Buena / Ona;7;Muy buena / Oso ona;71;79;1003,4;19,6;1,17;Buena / Ona
22/06/2017;0,32;0,4;Muy buena / Oso ona;7;31;39;Muy buena / Oso ona;41;37;87;Buena / Ona;34;Buena / Ona;4;Muy buena / Oso ona;72;85;998,9;20,1;2,38;Buena / Ona
21/06/2017;0,31;0,36;Muy buena / Oso ona;6;33;56;Buena / Ona;42;73;124;Mejorable / Hobetzeko modukoa;30;Buena / Ona;5;Muy buena / Oso ona;21;54;994,3;28,8;0,54;Mejorable / Hobetzeko modukoa
20/06/2017;0,31;0,36;Muy buena / Oso ona;4;27;63;Buena / Ona;33;61;100;Buena / Ona;22;Muy buena / Oso ona;6;Muy buena / Oso ona;352;57;995,8;26,3;0,37;Buena / Ona
19/06/2017;0,23;0,27;Muy buena / Oso ona;5;23;53;Buena / Ona;31;75;109;Mejorable / Hobetzeko modukoa;24;Muy buena / Oso ona;4;Muy buena / Oso ona;284;56;994;27,2;0,83;Mejorable / Hobetzeko modukoa
18/06/2017;0,21;0,25;Muy buena / Oso ona;3;14;32;Muy buena / Oso ona;19;65;106;Mejorable / Hobetzeko modukoa;18;Muy buena / Oso ona;6;Muy buena / Oso ona;55;63;994,1;24,4;0,97;Mejorable / Hobetzeko modukoa
17/06/2017;0,18;0,21;Muy buena / Oso ona;5;18;37;Muy buena / Oso ona;26;43;66;Buena / Ona;19;Muy buena / Oso ona;10;Muy buena / Oso ona;61;67;1000,4;22,1;0,8;Buena / Ona
16/06/2017;0,21;0,23;Muy buena / Oso ona;8;20;31;Muy buena / Oso ona;31;35;44;Muy buena / Oso ona;20;Muy buena / Oso ona;5;Muy buena / Oso ona;62;79;1004,2;19,2;1,39;Muy buena / Oso ona
15/06/2017;0,27;0,34;Muy buena / Oso ona;9;27;46;Muy buena / Oso ona;40;32;38;Muy buena / Oso ona;23;Muy buena / Oso ona;5;Muy buena / Oso ona;68;89;1001,7;17,5;2,02;Muy buena / Oso ona
14/06/2017;0,27;0,33;Muy buena / Oso ona;10;29;41;Muy buena / Oso ona;44;34;56;Muy buena / Oso ona;36;Buena / Ona;7;Muy buena / Oso ona;70;79;994,7;20,8;2,78;Buena / Ona
13/06/2017;0,23;0,27;Muy buena / Oso ona;11;26;48;Muy buena / Oso ona;42;25;37;Muy buena / Oso ona;24;Muy buena / Oso ona;10;Muy buena / Oso ona;66;74;994,5;20,5;1,14;Muy buena / Oso ona
12/06/2017;0,18;0,19;Muy buena / Oso ona;8;16;29;Muy buena / Oso ona;27;26;33;Muy buena / Oso ona;16;Muy buena / Oso ona;4;Muy buena / Oso ona;67;81;999,4;18,7;1,2;Muy buena / Oso ona
11/06/2017;0,22;0,25;Muy buena / Oso ona;4;16;23;Muy buena / Oso ona;22;40;55;Muy buena / Oso ona;23;Muy buena / Oso ona;7;Muy buena / Oso ona;65;76;999,4;19,9;1,67;Muy buena / Oso ona
10/06/2017;0,22;0,26;Muy buena / Oso ona;7;21;30;Muy buena / Oso ona;32;35;62;Buena / Ona;24;Muy buena / Oso ona;7;Muy buena / Oso ona;66;73;997,3;21,1;1,81;Buena / Ona
09/06/2017;0,18;0,25;Muy buena / Oso ona;8;22;44;Muy buena / Oso ona;35;25;44;Muy buena / Oso ona;18;Muy buena / Oso ona;6;Muy buena / Oso ona;50;74;997;18,5;0,83;Muy buena / Oso ona
08/06/2017;0,2;0,24;Muy buena / Oso ona;9;27;51;Buena / Ona;40;42;67;Buena / Ona;20;Muy buena / Oso ona;5;Muy buena / Oso ona;63;64;993,6;21,3;0,63;Buena / Ona
07/06/2017;0,19;0,22;Muy buena / Oso ona;11;27;49;Muy buena / Oso ona;44;35;66;Buena / Ona;17;Muy buena / Oso ona;6;Muy buena / Oso ona;47;61;1000,2;19;0,71;Buena / Ona
06/06/2017;0,14;;Sin datos / Daturik gabe;7;17;39;Muy buena / Oso ona;28;44;56;Muy buena / Oso ona;12;Muy buena / Oso ona;4;Muy buena / Oso ona;343;70;999,1;15,7;0,63;Muy buena / Oso ona
05/06/2017;0,14;0,17;Muy buena / Oso ona;6;14;41;Muy buena / Oso ona;22;39;55;Muy buena / Oso ona;12;Muy buena / Oso ona;4;Muy buena / Oso ona;322;64;995,3;18,6;0,2;Muy buena / Oso ona
04/06/2017;0,12;;Sin datos / Daturik gabe;2;10;19;Muy buena / Oso ona;14;33;43;Muy buena / Oso ona;8;Muy buena / Oso ona;3;Muy buena / Oso ona;325;88;1000,9;13,2;0,37;Muy buena / Oso ona
03/06/2017;;;Sin datos / Daturik gabe;2;8;24;Muy buena / Oso ona;11;37;46;Muy buena / Oso ona;11;Muy buena / Oso ona;3;Muy buena / Oso ona;314;85;1000,2;15,4;0,64;Muy buena / Oso ona
02/06/2017;0,26;0,28;Muy buena / Oso ona;7;30;49;Muy buena / Oso ona;41;30;;Sin datos / Daturik gabe;22;Muy buena / Oso ona;5;Muy buena / Oso ona;64;86;998,3;17,7;1,38;Muy buena / Oso ona
01/06/2017;0,25;0,28;Muy buena / Oso ona;13;30;45;Muy buena / Oso ona;50;37;74;Buena / Ona;23;Muy buena / Oso ona;8;Muy buena / Oso ona;67;70;997,5;21,5;1,44;Buena / Ona
31/05/2017;0,21;;Sin datos / Daturik gabe;5;19;50;Muy buena / Oso ona;28;40;;Sin datos / Daturik gabe;12;Muy buena / Oso ona;5;Muy buena / Oso ona;58;71;999;20,2;0,87;Muy buena / Oso ona
30/05/2017;0,22;0,25;Muy buena / Oso ona;9;22;46;Muy buena / Oso ona;36;33;46;Muy buena / Oso ona;11;Muy buena / Oso ona;3;Muy buena / Oso ona;55;84;999,2;16,8;0,85;Muy buena / Oso ona
29/05/2017;0,28;0,35;Muy buena / Oso ona;8;25;40;Muy buena / Oso ona;38;36;49;Muy buena / Oso ona;18;Muy buena / Oso ona;5;Muy buena / Oso ona;67;85;995,5;17,9;1,34;Muy buena / Oso ona
28/05/2017;0,28;0,36;Muy buena / Oso ona;7;31;66;Buena / Ona;42;42;72;Buena / Ona;22;Muy buena / Oso ona;10;Muy buena / Oso ona;98;62;993,3;22,5;1,03;Buena / Ona
27/05/2017;0,25;0,28;Muy buena / Oso ona;5;21;65;Buena / Ona;28;45;62;Buena / Ona;24;Muy buena / Oso ona;6;Muy buena / Oso ona;334;65;993,2;23,2;0,29;Buena / Ona
26/05/2017;0,23;0,3;Muy buena / Oso ona;5;24;51;Buena / Ona;31;57;;Sin datos / Daturik gabe;21;Muy buena / Oso ona;5;Muy buena / Oso ona;50;71;992,4;21,3;0,86;Buena / Ona
25/05/2017;0,24;0,27;Muy buena / Oso ona;9;31;57;Buena / Ona;46;64;104;Mejorable / Hobetzeko modukoa;24;Muy buena / Oso ona;6;Muy buena / Oso ona;49;55;992,6;26,1;0,46;Mejorable / Hobetzeko modukoa
24/05/2017;0,22;0,25;Muy buena / Oso ona;8;25;47;Muy buena / Oso ona;37;48;84;Buena / Ona;20;Muy buena / Oso ona;7;Muy buena / Oso ona;67;64;998,2;21,9;1,09;Buena / Ona
23/05/2017;0,18;0,23;Muy buena / Oso ona;10;25;55;Buena / Ona;41;39;56;Muy buena / Oso ona;20;Muy buena / Oso ona;8;Muy buena / Oso ona;73;67;1002,6;17,4;1,57;Buena / Ona
22/05/2017;0,22;0,34;Muy buena / Oso ona;10;27;57;Buena / Ona;42;50;66;Buena / Ona;26;Buena / Ona;7;Muy buena / Oso ona;72;66;997,3;18,5;2,77;Buena / Ona
21/05/2017;0,15;0,15;Muy buena / Oso ona;3;11;17;Muy buena / Oso ona;16;49;73;Buena / Ona;9;Muy buena / Oso ona;4;Muy buena / Oso ona;271;54;995,2;20,9;0,54;Buena / Ona
20/05/2017;0,16;0,18;Muy buena / Oso ona;6;19;44;Muy buena / Oso ona;29;36;58;Muy buena / Oso ona;13;Muy buena / Oso ona;7;Muy buena / Oso ona;56;67;1003,6;14,2;0,83;Muy buena / Oso ona
19/05/2017;0,15;0,16;Muy buena / Oso ona;9;18;44;Muy buena / Oso ona;31;37;64;Buena / Ona;10;Muy buena / Oso ona;4;Muy buena / Oso ona;341;69;1001,6;11,9;0,75;Buena / Ona
18/05/2017;0,15;0,21;Muy buena / Oso ona;3;8;26;Muy buena / Oso ona;13;51;62;Buena / Ona;7;Muy buena / Oso ona;3;Muy buena / Oso ona;286;76;998,6;13;1,15;Buena / Ona
17/05/2017;0,26;0,34;Muy buena / Oso ona;9;40;58;Buena / Ona;53;26;49;Muy buena / Oso ona;22;Muy buena / Oso ona;11;Muy buena / Oso ona;62;77;998,6;16,4;1,13;Buena / Ona
16/05/2017;0,24;0,26;Muy buena / Oso ona;8;36;65;Buena / Ona;48;51;89;Buena / Ona;21;Muy buena / Oso ona;10;Muy buena / Oso ona;70;56;1003,1;21,9;1,09;Buena / Ona
15/05/2017;0,22;0,25;Muy buena / Oso ona;9;30;56;Buena / Ona;43;42;69;Buena / Ona;15;Muy buena / Oso ona;5;Muy buena / Oso ona;54;57;1005;20,3;0,48;Buena / Ona
14/05/2017;0,16;;Sin datos / Daturik gabe;3;11;29;Muy buena / Oso ona;15;49;69;Buena / Ona;7;Muy buena / Oso ona;3;Muy buena / Oso ona;275;55;1002,1;19,4;0,21;Buena / Ona
13/05/2017;0,17;;Sin datos / Daturik gabe;4;14;27;Muy buena / Oso ona;20;45;70;Buena / Ona;9;Muy buena / Oso ona;4;Muy buena / Oso ona;335;65;994,1;17,4;0,16;Buena / Ona
12/05/2017;0,17;0,23;Muy buena / Oso ona;6;16;29;Muy buena / Oso ona;25;55;75;Buena / Ona;11;Muy buena / Oso ona;2;Muy buena / Oso ona;249;59;984;17,4;1,48;Buena / Ona
11/05/2017;0,15;0,22;Muy buena / Oso ona;6;14;22;Muy buena / Oso ona;23;64;71;Buena / Ona;6;Muy buena / Oso ona;3;Muy buena / Oso ona;261;53;976,3;18,1;1,38;Buena / Ona
10/05/2017;0,21;0,25;Muy buena / Oso ona;9;35;56;Buena / Ona;49;47;65;Buena / Ona;21;Muy buena / Oso ona;8;Muy buena / Oso ona;131;61;979,5;19,1;0,32;Buena / Ona
09/05/2017;0,22;0,25;Muy buena / Oso ona;12;35;57;Buena / Ona;54;33;59;Muy buena / Oso ona;24;Muy buena / Oso ona;9;Muy buena / Oso ona;56;68;988,6;15,7;0,59;Buena / Ona
08/05/2017;0,18;0,21;Muy buena / Oso ona;11;27;50;Muy buena / Oso ona;43;36;59;Muy buena / Oso ona;13;Muy buena / Oso ona;7;Muy buena / Oso ona;57;59;999,1;15,1;1,07;Muy buena / Oso ona
07/05/2017;0,18;0,21;Muy buena / Oso ona;5;15;26;Muy buena / Oso ona;23;47;67;Buena / Ona;8;Muy buena / Oso ona;8;Muy buena / Oso ona;57;58;1001,7;16,3;0,99;Buena / Ona
06/05/2017;0,16;0,2;Muy buena / Oso ona;4;12;21;Muy buena / Oso ona;18;54;69;Buena / Ona;8;Muy buena / Oso ona;5;Muy buena / Oso ona;357;58;995,9;15,8;0,61;Buena / Ona
05/05/2017;0,19;0,23;Muy buena / Oso ona;7;23;43;Muy buena / Oso ona;33;51;72;Buena / Ona;16;Muy buena / Oso ona;4;Muy buena / Oso ona;164;67;985,9;18,1;1,03;Buena / Ona
04/05/2017;0,22;;Sin datos / Daturik gabe;8;26;40;Muy buena / Oso ona;37;43;63;Buena / Ona;19;Muy buena / Oso ona;9;Muy buena / Oso ona;73;67;990,2;17,4;1,29;Buena / Ona
03/05/2017;0,22;0,28;Muy buena / Oso ona;13;20;39;Muy buena / Oso ona;40;35;;Sin datos / Daturik gabe;14;Muy buena / Oso ona;8;Muy buena / Oso ona;56;71;995,7;15;1,08;Muy buena / Oso ona
02/05/2017;0,21;0,23;Muy buena / Oso ona;8;23;36;Muy buena / Oso ona;36;31;53;Muy buena / Oso ona;12;Muy buena / Oso ona;5;Muy buena / Oso ona;37;75;1000,2;13,3;0,8;Muy buena / Oso ona
01/05/2017;0,17;0,24;Muy buena / Oso ona;4;15;34;Muy buena / Oso ona;21;40;69;Buena / Ona;11;Muy buena / Oso ona;4;Muy buena / Oso ona;43;67;999,1;10,5;0,62;Buena / Ona
30/04/2017;0,21;;Sin datos / Daturik gabe;3;8;14;Muy buena / Oso ona;12;65;83;Buena / Ona;6;Muy buena / Oso ona;4;Muy buena / Oso ona;241;66;987,6;11,5;1,24;Buena / Ona
29/04/2017;0,17;0,23;Muy buena / Oso ona;5;13;27;Muy buena / Oso ona;20;57;78;Buena / Ona;12;Muy buena / Oso ona;4;Muy buena / Oso ona;172;55;988,8;14;1,37;Buena / Ona
28/04/2017;0,21;0,25;Muy buena / Oso ona;7;21;36;Muy buena / Oso ona;31;45;;Sin datos / Daturik gabe;14;Muy buena / Oso ona;6;Muy buena / Oso ona;57;64;998,4;8,6;0,58;Muy buena / Oso ona
27/04/2017;0,22;;Sin datos / Daturik gabe;10;24;42;Muy buena / Oso ona;39;45;72;Buena / Ona;10;Muy buena / Oso ona;6;Muy buena / Oso ona;357;70;999,1;6,5;0,48;Buena / Ona
26/04/2017;0,17;0,23;Muy buena / Oso ona;5;15;35;Muy buena / Oso ona;22;55;66;Buena / Ona;7;Muy buena / Oso ona;4;Muy buena / Oso ona;322;81;995,3;7,1;0,56;Buena / Ona
25/04/2017;0,25;0,29;Muy buena / Oso ona;8;26;44;Muy buena / Oso ona;38;42;62;Buena / Ona;18;Muy buena / Oso ona;9;Muy buena / Oso ona;288;81;990;12;0,32;Buena / Ona
24/04/2017;0,24;0,29;Muy buena / Oso ona;9;38;61;Buena / Ona;51;47;79;Buena / Ona;23;Muy buena / Oso ona;13;Muy buena / Oso ona;73;60;993,2;15,6;1,38;Buena / Ona
23/04/2017;0,2;0,22;Muy buena / Oso ona;4;20;41;Muy buena / Oso ona;26;74;110;Mejorable / Hobetzeko modukoa;16;Muy buena / Oso ona;9;Muy buena / Oso ona;54;52;997,3;15,9;0,89;Mejorable / Hobetzeko modukoa
22/04/2017;0,19;0,23;Muy buena / Oso ona;3;17;65;Buena / Ona;22;91;111;Mejorable / Hobetzeko modukoa;15;Muy buena / Oso ona;8;Muy buena / Oso ona;317;36;1000,2;18,5;0,61;Mejorable / Hobetzeko modukoa
21/04/2017;0,21;0,26;Muy buena / Oso ona;9;30;57;Buena / Ona;43;60;100;Buena / Ona;19;Muy buena / Oso ona;7;Muy buena / Oso ona;64;49;1003,3;14,5;0,28;Buena / Ona
20/04/2017;0,2;0,25;Muy buena / Oso ona;13;39;91;Buena / Ona;60;51;88;Buena / Ona;18;Muy buena / Oso ona;9;Muy buena / Oso ona;69;51;1004,6;10,6;0,99;Buena / Ona
19/04/2017;;;Sin datos / Daturik gabe;22;44;122;Mejorable / Hobetzeko modukoa;77;59;96;Buena / Ona;22;Muy buena / Oso ona;9;Muy buena / Oso ona;60;51;1003,7;11;0,87;Mejorable / Hobetzeko modukoa
18/04/2017;0,16;0,19;Muy buena / Oso ona;7;20;52;Buena / Ona;31;50;80;Buena / Ona;15;Muy buena / Oso ona;7;Muy buena / Oso ona;31;69;1001,9;12,4;0,6;Buena / Ona
17/04/2017;0,16;;Sin datos / Daturik gabe;4;16;33;Muy buena / Oso ona;23;47;69;Buena / Ona;18;Muy buena / Oso ona;11;Muy buena / Oso ona;60;67;1000,3;13,7;1;Buena / Ona
16/04/2017;0,17;0,21;Muy buena / Oso ona;4;13;26;Muy buena / Oso ona;19;50;69;Buena / Ona;11;Muy buena / Oso ona;8;Muy buena / Oso ona;58;70;1003,8;13,2;1,2;Buena / Ona
15/04/2017;0,18;0,22;Muy buena / Oso ona;2;11;22;Muy buena / Oso ona;15;61;85;Buena / Ona;15;Muy buena / Oso ona;6;Muy buena / Oso ona;325;69;1003,6;13,9;0,73;Buena / Ona
14/04/2017;0,2;0,23;Muy buena / Oso ona;4;22;35;Muy buena / Oso ona;28;48;73;Buena / Ona;26;Buena / Ona;9;Muy buena / Oso ona;53;76;1000,6;12,3;0,77;Buena / Ona
13/04/2017;0,17;0,22;Muy buena / Oso ona;5;25;49;Muy buena / Oso ona;32;49;86;Buena / Ona;21;Muy buena / Oso ona;8;Muy buena / Oso ona;64;67;998,2;13,9;1,13;Buena / Ona
12/04/2017;0,19;0,23;Muy buena / Oso ona;5;23;37;Muy buena / Oso ona;31;55;81;Buena / Ona;24;Muy buena / Oso ona;6;Muy buena / Oso ona;56;68;1000,7;14,2;1,05;Buena / Ona
11/04/2017;0,21;;Sin datos / Daturik gabe;5;19;35;Muy buena / Oso ona;27;73;82;Buena / Ona;24;Muy buena / Oso ona;10;Muy buena / Oso ona;47;66;1004,9;14,2;0,91;Buena / Ona
10/04/2017;0,33;0,44;Muy buena / Oso ona;13;39;57;Buena / Ona;58;44;77;Buena / Ona;66;Mala / Txarra;16;Muy buena / Oso ona;67;77;1004,6;13,6;1,64;Mala / Txarra
09/04/2017;0,24;0,3;Muy buena / Oso ona;5;28;61;Buena / Ona;35;58;100;Buena / Ona;28;Buena / Ona;10;Muy buena / Oso ona;58;58;1000,2;17;0,37;Buena / Ona
08/04/2017;0,22;0,27;Muy buena / Oso ona;7;24;53;Buena / Ona;35;59;102;Mejorable / Hobetzeko modukoa;27;Buena / Ona;6;Muy buena / Oso ona;318;54;997,4;17,9;0,27;Mejorable / Hobetzeko modukoa
07/04/2017;0,21;0,24;Muy buena / Oso ona;10;30;49;Muy buena / Oso ona;44;43;75;Buena / Ona;35;Buena / Ona;8;Muy buena / Oso ona;58;71;1000,2;12,8;0,83;Buena / Ona
06/04/2017;0,2;0,27;Muy buena / Oso ona;11;24;56;Buena / Ona;41;52;80;Buena / Ona;35;Buena / Ona;5;Muy buena / Oso ona;340;71;1004,7;12,7;0,55;Buena / Ona
05/04/2017;0,17;0,21;Muy buena / Oso ona;6;16;53;Buena / Ona;26;61;71;Buena / Ona;16;Muy buena / Oso ona;4;Muy buena / Oso ona;308;77;1006,5;11,8;0,67;Buena / Ona
04/04/2017;;0,17;Muy buena / Oso ona;4;13;38;Muy buena / Oso ona;20;64;82;Buena / Ona;20;Muy buena / Oso ona;8;Muy buena / Oso ona;288;71;1007,1;12,4;0,85;Buena / Ona
03/04/2017;0,2;0,23;Muy buena / Oso ona;11;24;43;Muy buena / Oso ona;42;43;69;Buena / Ona;22;Muy buena / Oso ona;8;Muy buena / Oso ona;50;69;1004,4;12;0,23;Buena / Ona
02/04/2017;0,16;;Sin datos / Daturik gabe;2;8;18;Muy buena / Oso ona;12;64;87;Buena / Ona;11;Muy buena / Oso ona;4;Muy buena / Oso ona;304;76;1004,1;10;0,75;Buena / Ona
01/04/2017;0,16;0,21;Muy buena / Oso ona;3;8;23;Muy buena / Oso ona;12;63;87;Buena / Ona;12;Muy buena / Oso ona;3;Muy buena / Oso ona;291;76;1000,4;11,1;1,44;Buena / Ona
31/03/2017;0,17;0,23;Muy buena / Oso ona;8;26;75;Buena / Ona;38;54;80;Buena / Ona;14;Muy buena / Oso ona;7;Muy buena / Oso ona;287;65;997,2;15,5;0,19;Buena / Ona
30/03/2017;0,2;0,27;Muy buena / Oso ona;11;28;67;Buena / Ona;44;60;85;Buena / Ona;19;Muy buena / Oso ona;6;Muy buena / Oso ona;207;49;998,9;18,8;0,8;Buena / Ona
29/03/2017;0,19;0,27;Muy buena / Oso ona;13;29;68;Buena / Ona;49;41;78;Buena / Ona;18;Muy buena / Oso ona;6;Muy buena / Oso ona;267;56;1003,3;16,2;0,55;Buena / Ona
28/03/2017;0,24;0,32;Muy buena / Oso ona;10;23;57;Buena / Ona;38;52;86;Buena / Ona;14;Muy buena / Oso ona;5;Muy buena / Oso ona;261;57;1004;14,4;0,77;Buena / Ona
27/03/2017;0,19;0,22;Muy buena / Oso ona;8;22;48;Muy buena / Oso ona;34;64;89;Buena / Ona;11;Muy buena / Oso ona;5;Muy buena / Oso ona;212;53;995,6;14,7;0,94;Buena / Ona
26/03/2017;0,14;0,24;Muy buena / Oso ona;3;9;14;Muy buena / Oso ona;14;74;88;Buena / Ona;6;Muy buena / Oso ona;5;Muy buena / Oso ona;151;58;992,4;12,9;1,39;Buena / Ona
25/03/2017;0,22;0,24;Muy buena / Oso ona;4;15;41;Muy buena / Oso ona;22;58;66;Buena / Ona;5;Muy buena / Oso ona;4;Muy buena / Oso ona;284;86;992,1;7;0,83;Buena / Ona
24/03/2017;0,19;0,28;Muy buena / Oso ona;13;30;61;Buena / Ona;50;45;73;Buena / Ona;13;Muy buena / Oso ona;7;Muy buena / Oso ona;33;61;994,5;8,1;0,57;Buena / Ona
23/03/2017;0,19;0,23;Muy buena / Oso ona;10;26;51;Buena / Ona;41;48;79;Buena / Ona;9;Muy buena / Oso ona;5;Muy buena / Oso ona;249;62;988,8;6,7;1,02;Buena / Ona
22/03/2017;0,23;0,26;Muy buena / Oso ona;10;28;54;Buena / Ona;43;44;61;Buena / Ona;10;Muy buena / Oso ona;5;Muy buena / Oso ona;27;76;989,9;7,5;0,28;Buena / Ona
21/03/2017;0,22;0,3;Muy buena / Oso ona;3;15;30;Muy buena / Oso ona;19;52;82;Buena / Ona;11;Muy buena / Oso ona;5;Muy buena / Oso ona;297;79;997,7;9,7;0,93;Buena / Ona
20/03/2017;0,24;0,3;Muy buena / Oso ona;9;26;50;Muy buena / Oso ona;41;47;64;Buena / Ona;24;Muy buena / Oso ona;9;Muy buena / Oso ona;71;72;997,9;10,8;0,51;Buena / Ona
19/03/2017;0,17;0,22;Muy buena / Oso ona;4;17;28;Muy buena / Oso ona;24;47;66;Buena / Ona;20;Muy buena / Oso ona;8;Muy buena / Oso ona;62;75;1000,9;10,2;1,53;Buena / Ona
18/03/2017;0,19;0,22;Muy buena / Oso ona;4;17;32;Muy buena / Oso ona;23;55;64;Buena / Ona;22;Muy buena / Oso ona;9;Muy buena / Oso ona;58;68;1004,5;11,8;0,89;Buena / Ona
17/03/2017;0,24;0,3;Muy buena / Oso ona;10;36;51;Buena / Ona;52;41;58;Muy buena / Oso ona;;Sin datos / Daturik gabe;11;Muy buena / Oso ona;68;72;1003,4;11,8;1,6;Buena / Ona
16/03/2017;0,2;0,25;Muy buena / Oso ona;8;25;50;Muy buena / Oso ona;37;53;83;Buena / Ona;;Sin datos / Daturik gabe;5;Muy buena / Oso ona;278;49;1000;16,8;1,14;Buena / Ona
15/03/2017;0,22;0,3;Muy buena / Oso ona;6;23;47;Muy buena / Oso ona;33;38;61;Buena / Ona;;Sin datos / Daturik gabe;7;Muy buena / Oso ona;59;75;1007;12,8;0,63;Buena / Ona
14/03/2017;0,24;0,3;Muy buena / Oso ona;11;24;52;Buena / Ona;42;37;55;Muy buena / Oso ona;;Sin datos / Daturik gabe;5;Muy buena / Oso ona;3;78;1012,2;12,1;0,29;Buena / Ona
13/03/2017;0,17;0,21;Muy buena / Oso ona;6;15;31;Muy buena / Oso ona;24;64;79;Buena / Ona;;Sin datos / Daturik gabe;5;Muy buena / Oso ona;335;80;1008,2;10,1;0,98;Buena / Ona
12/03/2017;0,17;0,2;Muy buena / Oso ona;2;4;15;Muy buena / Oso ona;7;73;77;Buena / Ona;;Sin datos / Daturik gabe;5;Muy buena / Oso ona;289;76;1001;10,8;1,63;Buena / Ona
11/03/2017;0,22;0,33;Muy buena / Oso ona;9;26;50;Muy buena / Oso ona;39;49;76;Buena / Ona;;Sin datos / Daturik gabe;11;Muy buena / Oso ona;8;63;997,3;15,2;0,65;Buena / Ona
10/03/2017;0,27;0,34;Muy buena / Oso ona;29;46;61;Buena / Ona;90;26;61;Buena / Ona;;Sin datos / Daturik gabe;8;Muy buena / Oso ona;34;61;1000,2;16,4;0,25;Buena / Ona
09/03/2017;0,24;0,27;Muy buena / Oso ona;19;34;70;Buena / Ona;64;17;42;Muy buena / Oso ona;;Sin datos / Daturik gabe;9;Muy buena / Oso ona;64;76;1005,4;13,8;0,56;Buena / Ona
08/03/2017;0,19;0,25;Muy buena / Oso ona;11;22;40;Muy buena / Oso ona;40;34;47;Muy buena / Oso ona;;Sin datos / Daturik gabe;7;Muy buena / Oso ona;67;73;1007,4;14,4;1,37;Muy buena / Oso ona
07/03/2017;0,22;0,24;Muy buena / Oso ona;7;22;42;Muy buena / Oso ona;33;37;62;Buena / Ona;;Sin datos / Daturik gabe;5;Muy buena / Oso ona;295;77;1006,5;12,2;0,99;Buena / Ona
06/03/2017;0,19;0,31;Muy buena / Oso ona;5;14;37;Muy buena / Oso ona;22;58;79;Buena / Ona;;Sin datos / Daturik gabe;5;Muy buena / Oso ona;298;67;1001,7;13,9;1,61;Buena / Ona
05/03/2017;0,21;0,33;Muy buena / Oso ona;3;15;34;Muy buena / Oso ona;20;48;70;Buena / Ona;;Sin datos / Daturik gabe;5;Muy buena / Oso ona;335;69;993,7;12,5;0,39;Buena / Ona
04/03/2017;0,21;0,3;Muy buena / Oso ona;3;15;30;Muy buena / Oso ona;20;48;77;Buena / Ona;;Sin datos / Daturik gabe;4;Muy buena / Oso ona;299;68;985;7,7;0,91;Buena / Ona
03/03/2017;0,23;0,3;Muy buena / Oso ona;9;27;55;Buena / Ona;41;50;57;Muy buena / Oso ona;;Sin datos / Daturik gabe;5;Muy buena / Oso ona;231;64;981,6;12,6;0,31;Buena / Ona
02/03/2017;0,23;0,32;Muy buena / Oso ona;18;29;54;Buena / Ona;56;33;56;Muy buena / Oso ona;;Sin datos / Daturik gabe;5;Muy buena / Oso ona;261;63;995,6;13,4;0,75;Buena / Ona
01/03/2017;0,2;0,23;Muy buena / Oso ona;12;26;51;Buena / Ona;44;33;60;Muy buena / Oso ona;;Sin datos / Daturik gabe;5;Muy buena / Oso ona;260;68;996,8;10,5;0,7;Buena / Ona
28/02/2017;0,17;0,2;Muy buena / Oso ona;3;11;27;Muy buena / Oso ona;17;60;;Sin datos / Daturik gabe;;Sin datos / Daturik gabe;4;Muy buena / Oso ona;282;70;991,9;9,9;1,9;Muy buena / Oso ona
27/02/2017;0,2;0,28;Muy buena / Oso ona;7;23;49;Muy buena / Oso ona;33;48;72;Buena / Ona;;Sin datos / Daturik gabe;6;Muy buena / Oso ona;266;60;990,5;13,3;0,74;Buena / Ona
26/02/2017;0,25;0,37;Muy buena / Oso ona;9;26;43;Muy buena / Oso ona;40;27;58;Muy buena / Oso ona;;Sin datos / Daturik gabe;10;Muy buena / Oso ona;55;73;999;10,7;0,56;Muy buena / Oso ona
25/02/2017;0,26;0,33;Muy buena / Oso ona;7;27;44;Muy buena / Oso ona;38;26;56;Muy buena / Oso ona;;Sin datos / Daturik gabe;7;Muy buena / Oso ona;327;68;999,8;9,5;0,32;Muy buena / Oso ona
24/02/2017;0,26;0,3;Muy buena / Oso ona;9;25;44;Muy buena / Oso ona;38;47;62;Buena / Ona;;Sin datos / Daturik gabe;5;Muy buena / Oso ona;357;78;1000,6;9,3;0,32;Buena / Ona
23/02/2017;0,34;0,46;Muy buena / Oso ona;24;40;59;Buena / Ona;78;18;28;Muy buena / Oso ona;;Sin datos / Daturik gabe;11;Muy buena / Oso ona;68;78;996,3;10,3;1,08;Buena / Ona
22/02/2017;0,28;0,32;Muy buena / Oso ona;20;40;71;Buena / Ona;71;15;32;Muy buena / Oso ona;;Sin datos / Daturik gabe;8;Muy buena / Oso ona;81;73;1000,6;11,8;0,29;Buena / Ona
21/02/2017;0,28;0,32;Muy buena / Oso ona;15;35;48;Muy buena / Oso ona;58;20;46;Muy buena / Oso ona;;Sin datos / Daturik gabe;6;Muy buena / Oso ona;4;75;1005,9;10,3;0,37;Muy buena / Oso ona
20/02/2017;0,24;0,37;Muy buena / Oso ona;8;27;43;Muy buena / Oso ona;39;31;64;Buena / Ona;;Sin datos / Daturik gabe;6;Muy buena / Oso ona;29;74;1007,9;10,6;0,45;Buena / Ona
19/02/2017;0,26;0,33;Muy buena / Oso ona;4;18;37;Muy buena / Oso ona;23;44;61;Buena / Ona;;Sin datos / Daturik gabe;5;Muy buena / Oso ona;33;80;1007,2;10,8;0,4;Buena / Ona
18/02/2017;0,25;0,28;Muy buena / Oso ona;8;26;45;Muy buena / Oso ona;39;35;63;Buena / Ona;;Sin datos / Daturik gabe;6;Muy buena / Oso ona;31;75;1001,8;9,8;0,46;Buena / Ona
17/02/2017;0,26;0,32;Muy buena / Oso ona;16;33;68;Buena / Ona;57;22;52;Muy buena / Oso ona;;Sin datos / Daturik gabe;5;Muy buena / Oso ona;293;69;1006,1;11,1;0,43;Buena / Ona
16/02/2017;0,21;0,24;Muy buena / Oso ona;10;30;51;Buena / Ona;45;35;59;Muy buena / Oso ona;;Sin datos / Daturik gabe;4;Muy buena / Oso ona;269;64;1009,5;12,7;1,15;Buena / Ona
15/02/2017;0,2;0,25;Muy buena / Oso ona;9;24;56;Buena / Ona;38;37;57;Muy buena / Oso ona;;Sin datos / Daturik gabe;4;Muy buena / Oso ona;286;60;1008,7;13;0,75;Buena / Ona
14/02/2017;0,23;0,37;Muy buena / Oso ona;15;25;57;Buena / Ona;48;36;58;Muy buena / Oso ona;;Sin datos / Daturik gabe;4;Muy buena / Oso ona;236;62;999,7;11,6;0,6;Buena / Ona
13/02/2017;0,23;0,32;Muy buena / Oso ona;8;19;45;Muy buena / Oso ona;32;51;78;Buena / Ona;;Sin datos / Daturik gabe;4;Muy buena / Oso ona;130;63;985,5;12,9;2,49;Buena / Ona
12/02/2017;0,23;0,36;Muy buena / Oso ona;4;16;32;Muy buena / Oso ona;22;49;76;Buena / Ona;;Sin datos / Daturik gabe;4;Muy buena / Oso ona;113;70;983,9;11,3;2,15;Buena / Ona
11/02/2017;0,31;0,37;Muy buena / Oso ona;14;34;67;Buena / Ona;55;17;29;Muy buena / Oso ona;;Sin datos / Daturik gabe;6;Muy buena / Oso ona;58;80;993,6;7;0,12;Buena / Ona
10/02/2017;0,22;0,32;Muy buena / Oso ona;11;26;49;Muy buena / Oso ona;43;43;62;Buena / Ona;;Sin datos / Daturik gabe;4;Muy buena / Oso ona;286;53;991,1;9,8;0,89;Buena / Ona
09/02/2017;0,21;0,24;Muy buena / Oso ona;10;25;50;Muy buena / Oso ona;41;31;50;Muy buena / Oso ona;;Sin datos / Daturik gabe;4;Muy buena / Oso ona;266;73;997,5;7,6;0,66;Muy buena / Oso ona
08/02/2017;0,19;0,24;Muy buena / Oso ona;4;13;35;Muy buena / Oso ona;19;59;71;Buena / Ona;;Sin datos / Daturik gabe;3;Muy buena / Oso ona;276;84;1007,6;6,6;1,04;Buena / Ona
07/02/2017;0,23;0,39;Muy buena / Oso ona;11;18;53;Buena / Ona;34;45;69;Buena / Ona;;Sin datos / Daturik gabe;3;Muy buena / Oso ona;275;83;1002,9;9,9;1,07;Buena / Ona
06/02/2017;0,26;0,37;Muy buena / Oso ona;11;20;36;Muy buena / Oso ona;36;27;75;Buena / Ona;;Sin datos / Daturik gabe;3;Muy buena / Oso ona;293;88;1003,4;9,1;0,61;Buena / Ona
05/02/2017;0,19;0,25;Muy buena / Oso ona;2;4;11;Muy buena / Oso ona;7;76;82;Buena / Ona;;Sin datos / Daturik gabe;4;Muy buena / Oso ona;279;69;993,9;8,7;2,3;Buena / Ona
04/02/2017;0,22;0,27;Muy buena / Oso ona;4;13;42;Muy buena / Oso ona;20;53;74;Buena / Ona;;Sin datos / Daturik gabe;7;Muy buena / Oso ona;287;71;986,5;12,7;1,65;Buena / Ona
03/02/2017;0,15;0,21;Muy buena / Oso ona;6;11;36;Muy buena / Oso ona;20;78;82;Buena / Ona;;Sin datos / Daturik gabe;3;Muy buena / Oso ona;244;43;986,3;14,7;2,43;Buena / Ona
02/02/2017;0,19;0,21;Muy buena / Oso ona;7;12;26;Muy buena / Oso ona;22;72;80;Buena / Ona;;Sin datos / Daturik gabe;3;Muy buena / Oso ona;225;46;986,8;14,7;2,5;Buena / Ona
01/02/2017;0,2;0,3;Muy buena / Oso ona;13;23;61;Buena / Ona;43;45;55;Muy buena / Oso ona;;Sin datos / Daturik gabe;4;Muy buena / Oso ona;250;51;992,2;15,5;0,83;Buena / Ona
31/01/2017;0,24;0,31;Muy buena / Oso ona;14;24;41;Muy buena / Oso ona;45;28;35;Muy buena / Oso ona;;Sin datos / Daturik gabe;4;Muy buena / Oso ona;252;57;993,4;14,1;0,36;Muy buena / Oso ona
30/01/2017;0,31;0,43;Muy buena / Oso ona;40;33;75;Buena / Ona;94;14;24;Muy buena / Oso ona;13;Muy buena / Oso ona;4;Muy buena / Oso ona;272;71;997,3;13,7;0,54;Buena / Ona
29/01/2017;0,27;0,36;Muy buena / Oso ona;9;20;51;Buena / Ona;34;24;52;Muy buena / Oso ona;9;Muy buena / Oso ona;4;Muy buena / Oso ona;270;76;999,9;9,6;0,91;Buena / Ona
28/01/2017;0,28;0,33;Muy buena / Oso ona;8;23;41;Muy buena / Oso ona;35;28;55;Muy buena / Oso ona;13;Muy buena / Oso ona;5;Muy buena / Oso ona;296;71;999,8;7,3;0,53;Muy buena / Oso ona
27/01/2017;0,27;0,33;Muy buena / Oso ona;10;23;47;Muy buena / Oso ona;39;52;63;Buena / Ona;15;Muy buena / Oso ona;4;Muy buena / Oso ona;153;58;987,9;10,2;1,93;Buena / Ona
26/01/2017;0,29;0,42;Muy buena / Oso ona;14;34;53;Buena / Ona;55;36;51;Muy buena / Oso ona;26;Buena / Ona;5;Muy buena / Oso ona;236;60;991,4;8,1;0,39;Buena / Ona
25/01/2017;0,36;0,51;Muy buena / Oso ona;19;42;72;Buena / Ona;70;18;43;Muy buena / Oso ona;26;Buena / Ona;6;Muy buena / Oso ona;27;76;1001,8;5,1;0,32;Buena / Ona
24/01/2017;0,36;0,46;Muy buena / Oso ona;18;33;56;Buena / Ona;61;22;50;Muy buena / Oso ona;25;Muy buena / Oso ona;5;Muy buena / Oso ona;320;78;1006,1;5;0,48;Buena / Ona
23/01/2017;0,35;0,45;Muy buena / Oso ona;21;31;65;Buena / Ona;64;28;59;Muy buena / Oso ona;22;Muy buena / Oso ona;4;Muy buena / Oso ona;331;75;1003;7,4;0,5;Buena / Ona
22/01/2017;0,39;0,6;Muy buena / Oso ona;10;25;40;Muy buena / Oso ona;40;24;45;Muy buena / Oso ona;24;Muy buena / Oso ona;5;Muy buena / Oso ona;250;78;1001,1;6,7;0,58;Muy buena / Oso ona
21/01/2017;0,44;0,58;Muy buena / Oso ona;20;34;59;Buena / Ona;65;10;23;Muy buena / Oso ona;29;Buena / Ona;6;Muy buena / Oso ona;308;78;1000,8;5,9;0,27;Buena / Ona
20/01/2017;0,4;0,54;Muy buena / Oso ona;33;38;55;Buena / Ona;88;6;14;Muy buena / Oso ona;31;Buena / Ona;7;Muy buena / Oso ona;306;77;1002,8;4,9;0,26;Buena / Ona
19/01/2017;0,34;0,39;Muy buena / Oso ona;25;38;55;Buena / Ona;77;11;20;Muy buena / Oso ona;24;Muy buena / Oso ona;21;Muy buena / Oso ona;68;78;1004,7;2,8;0,34;Buena / Ona
18/01/2017;0,35;0,43;Muy buena / Oso ona;32;45;65;Buena / Ona;94;16;60;Muy buena / Oso ona;23;Muy buena / Oso ona;13;Muy buena / Oso ona;66;72;1005,5;2;1,01;Buena / Ona
17/01/2017;0,21;0,24;Muy buena / Oso ona;11;19;47;Muy buena / Oso ona;36;53;56;Muy buena / Oso ona;7;Muy buena / Oso ona;4;Muy buena / Oso ona;42;58;1006,3;5,5;1,58;Muy buena / Oso ona
16/01/2017;0,19;0,22;Muy buena / Oso ona;7;17;40;Muy buena / Oso ona;28;60;71;Buena / Ona;4;Muy buena / Oso ona;3;Muy buena / Oso ona;335;85;1005,7;9,9;1,4;Buena / Ona
15/01/2017;0,17;0,25;Muy buena / Oso ona;3;12;22;Muy buena / Oso ona;17;61;66;Buena / Ona;4;Muy buena / Oso ona;3;Muy buena / Oso ona;257;86;1009;8;0,89;Buena / Ona
14/01/2017;0,21;0,28;Muy buena / Oso ona;7;19;54;Buena / Ona;30;46;54;Muy buena / Oso ona;7;Muy buena / Oso ona;3;Muy buena / Oso ona;274;88;1008,1;5,3;0,54;Buena / Ona
13/01/2017;0,2;0,26;Muy buena / Oso ona;6;15;37;Muy buena / Oso ona;24;56;64;Buena / Ona;6;Muy buena / Oso ona;2;Muy buena / Oso ona;284;83;1003,9;6,4;1,02;Buena / Ona
12/01/2017;0,25;0,31;Muy buena / Oso ona;20;22;44;Muy buena / Oso ona;52;18;30;Muy buena / Oso ona;15;Muy buena / Oso ona;3;Muy buena / Oso ona;267;85;1001;10,8;0,81;Muy buena / Oso ona
11/01/2017;0,22;0,3;Muy buena / Oso ona;9;23;64;Buena / Ona;36;35;58;Muy buena / Oso ona;6;Muy buena / Oso ona;3;Muy buena / Oso ona;255;91;1004,1;11,8;1,22;Buena / Ona
10/01/2017;0,29;0,5;Muy buena / Oso ona;17;29;65;Buena / Ona;54;36;54;Muy buena / Oso ona;;Sin datos / Daturik gabe;4;Muy buena / Oso ona;293;87;1000,7;8,7;0,76;Buena / Ona
09/01/2017;0,39;0,46;Muy buena / Oso ona;23;32;48;Muy buena / Oso ona;67;13;29;Muy buena / Oso ona;15;Muy buena / Oso ona;5;Muy buena / Oso ona;296;76;1008,5;7,3;0,33;Muy buena / Oso ona
08/01/2017;0,31;0,42;Muy buena / Oso ona;10;31;44;Muy buena / Oso ona;47;18;38;Muy buena / Oso ona;15;Muy buena / Oso ona;6;Muy buena / Oso ona;344;70;1012,3;8,5;0,13;Muy buena / Oso ona
07/01/2017;0,32;0,53;Muy buena / Oso ona;12;32;47;Muy buena / Oso ona;51;11;26;Muy buena / Oso ona;19;Muy buena / Oso ona;5;Muy buena / Oso ona;323;72;1012,4;;0,22;Muy buena / Oso ona
06/01/2017;0,37;0,54;Muy buena / Oso ona;12;30;38;Muy buena / Oso ona;49;11;27;Muy buena / Oso ona;21;Muy buena / Oso ona;5;Muy buena / Oso ona;301;78;1011,7;;0,28;Muy buena / Oso ona
05/01/2017;0,41;0,58;Muy buena / Oso ona;29;39;60;Buena / Ona;84;13;32;Muy buena / Oso ona;24;Muy buena / Oso ona;7;Muy buena / Oso ona;61;78;1009,9;4;0,44;Buena / Ona
04/01/2017;0,47;0,64;Muy buena / Oso ona;48;32;50;Muy buena / Oso ona;105;4;7;Muy buena / Oso ona;36;Buena / Ona;10;Muy buena / Oso ona;355;82;1007,3;5,4;0,25;Buena / Ona
03/01/2017;0,43;0,6;Muy buena / Oso ona;47;33;49;Muy buena / Oso ona;104;4;9;Muy buena / Oso ona;36;Buena / Ona;10;Muy buena / Oso ona;333;78;1004,3;4,5;0,19;Buena / Ona
02/01/2017;0,28;0,4;Muy buena / Oso ona;13;22;38;Muy buena / Oso ona;41;22;34;Muy buena / Oso ona;14;Muy buena / Oso ona;5;Muy buena / Oso ona;274;69;1000,5;5,2;0,77;Muy buena / Oso ona
01/01/2017;0,29;0,41;Muy buena / Oso ona;6;16;28;Muy buena / Oso ona;25;14;24;Muy buena / Oso ona;24;Muy buena / Oso ona;5;Muy buena / Oso ona;283;77;1003,2;4,6;0,56;Muy buena / Oso ona
