Date;CO (mg/m3);CO 8h max (mg/m3);CO 8h max - ICA;NO (µg/m3);NO2 (µg/m3);NO2 max (µg/m3);NO2 - ICA;NOX (µg/m3);O3 (µg/m3);O3 8h max (µg/m3);O3 8h max - ICA;PM10 (µg/m3);PM10 - ICA;SO2 (µg/m3);SO2 - ICA;ICA Estación
28/10/2017;0,35;0,59;Muy buena / Oso ona;23;48;70;Buena / Ona;74;36;63;Buena / Ona;17;Muy buena / Oso ona;3;Muy buena / Oso ona;Buena / Ona
27/10/2017;0,36;0,48;Muy buena / Oso ona;65;50;68;Buena / Ona;149;20;38;Muy buena / Oso ona;32;Buena / Ona;8;Muy buena / Oso ona;Buena / Ona
26/10/2017;;;Sin datos / Daturik gabe;75;63;94;Buena / Ona;179;16;38;Muy buena / Oso ona;34;Buena / Ona;6;Muy buena / Oso ona;Buena / Ona
25/10/2017;;;Sin datos / Daturik gabe;112;61;92;Buena / Ona;232;7;11;Muy buena / Oso ona;43;Buena / Ona;12;Muy buena / Oso ona;Buena / Ona
24/10/2017;;;Sin datos / Daturik gabe;101;60;89;Buena / Ona;214;6;10;Muy buena / Oso ona;32;Buena / Ona;12;Muy buena / Oso ona;Buena / Ona
23/10/2017;;;Sin datos / Daturik gabe;58;51;79;Buena / Ona;140;8;;Sin datos / Daturik gabe;21;Muy buena / Oso ona;6;Muy buena / Oso ona;Buena / Ona
22/10/2017;0,52;;Sin datos / Daturik gabe;10;39;61;Buena / Ona;45;43;57;Muy buena / Oso ona;13;Muy buena / Oso ona;3;Muy buena / Oso ona;Buena / Ona
21/10/2017;0,44;0,9;Muy buena / Oso ona;8;31;52;Buena / Ona;38;53;59;Muy buena / Oso ona;18;Muy buena / Oso ona;4;Muy buena / Oso ona;Buena / Ona
20/10/2017;0,63;1,07;Muy buena / Oso ona;55;51;93;Buena / Ona;135;20;28;Muy buena / Oso ona;23;Muy buena / Oso ona;6;Muy buena / Oso ona;Buena / Ona
19/10/2017;0,43;0,51;Muy buena / Oso ona;34;48;77;Buena / Ona;97;20;36;Muy buena / Oso ona;14;Muy buena / Oso ona;4;Muy buena / Oso ona;Buena / Ona
18/10/2017;0,44;0,86;Muy buena / Oso ona;49;59;85;Buena / Ona;133;12;26;Muy buena / Oso ona;25;Muy buena / Oso ona;4;Muy buena / Oso ona;Buena / Ona
17/10/2017;0,45;0,83;Muy buena / Oso ona;22;50;76;Buena / Ona;83;26;50;Muy buena / Oso ona;39;Buena / Ona;4;Muy buena / Oso ona;Buena / Ona
16/10/2017;0,3;0,41;Muy buena / Oso ona;16;43;80;Buena / Ona;59;47;55;Muy buena / Oso ona;36;Buena / Ona;3;Muy buena / Oso ona;Buena / Ona
15/10/2017;0,32;0,49;Muy buena / Oso ona;15;44;69;Buena / Ona;67;32;48;Muy buena / Oso ona;28;Buena / Ona;4;Muy buena / Oso ona;Buena / Ona
14/10/2017;0,39;0,57;Muy buena / Oso ona;27;50;99;Buena / Ona;80;36;54;Muy buena / Oso ona;33;Buena / Ona;4;Muy buena / Oso ona;Buena / Ona
13/10/2017;0,51;0,61;Muy buena / Oso ona;53;46;100;Buena / Ona;127;28;53;Muy buena / Oso ona;42;Buena / Ona;7;Muy buena / Oso ona;Buena / Ona
12/10/2017;0,38;0,56;Muy buena / Oso ona;25;42;73;Buena / Ona;80;20;46;Muy buena / Oso ona;30;Buena / Ona;7;Muy buena / Oso ona;Buena / Ona
11/10/2017;0,39;0,5;Muy buena / Oso ona;69;56;90;Buena / Ona;160;22;46;Muy buena / Oso ona;32;Buena / Ona;5;Muy buena / Oso ona;Buena / Ona
10/10/2017;0,4;0,51;Muy buena / Oso ona;58;48;82;Buena / Ona;137;12;27;Muy buena / Oso ona;29;Buena / Ona;9;Muy buena / Oso ona;Buena / Ona
09/10/2017;0,31;0,4;Muy buena / Oso ona;42;50;77;Buena / Ona;114;15;;Sin datos / Daturik gabe;28;Buena / Ona;7;Muy buena / Oso ona;Buena / Ona
08/10/2017;0,28;0,57;Muy buena / Oso ona;22;41;91;Buena / Ona;75;24;59;Muy buena / Oso ona;21;Muy buena / Oso ona;8;Muy buena / Oso ona;Buena / Ona
07/10/2017;0,43;1,15;Muy buena / Oso ona;24;39;68;Buena / Ona;75;22;61;Buena / Ona;18;Muy buena / Oso ona;4;Muy buena / Oso ona;Buena / Ona
06/10/2017;0,57;1,17;Muy buena / Oso ona;21;48;72;Buena / Ona;69;36;64;Buena / Ona;15;Muy buena / Oso ona;3;Muy buena / Oso ona;Buena / Ona
05/10/2017;0,31;0,38;Muy buena / Oso ona;24;42;59;Buena / Ona;76;29;47;Muy buena / Oso ona;19;Muy buena / Oso ona;5;Muy buena / Oso ona;Buena / Ona
04/10/2017;0,35;0,63;Muy buena / Oso ona;35;30;54;Buena / Ona;83;14;23;Muy buena / Oso ona;23;Muy buena / Oso ona;6;Muy buena / Oso ona;Buena / Ona
03/10/2017;0,47;0,56;Muy buena / Oso ona;51;28;41;Muy buena / Oso ona;105;8;14;Muy buena / Oso ona;20;Muy buena / Oso ona;3;Muy buena / Oso ona;Muy buena / Oso ona
02/10/2017;0,54;0,6;Muy buena / Oso ona;58;41;60;Buena / Ona;131;6;8;Muy buena / Oso ona;20;Muy buena / Oso ona;3;Muy buena / Oso ona;Buena / Ona
01/10/2017;0,44;0,59;Muy buena / Oso ona;44;34;42;Muy buena / Oso ona;101;4;15;Muy buena / Oso ona;20;Muy buena / Oso ona;5;Muy buena / Oso ona;Muy buena / Oso ona
30/09/2017;0,39;0,89;Muy buena / Oso ona;10;37;60;Buena / Ona;52;37;50;Muy buena / Oso ona;9;Muy buena / Oso ona;3;Muy buena / Oso ona;Buena / Ona
29/09/2017;0,75;0,88;Muy buena / Oso ona;35;50;74;Buena / Ona;103;30;62;Buena / Ona;34;Buena / Ona;6;Muy buena / Oso ona;Buena / Ona
28/09/2017;0,58;0,83;Muy buena / Oso ona;54;68;105;Mejorable / Hobetzeko modukoa;150;17;31;Muy buena / Oso ona;35;Buena / Ona;7;Muy buena / Oso ona;Mejorable / Hobetzeko modukoa
27/09/2017;;;Sin datos / Daturik gabe;59;56;91;Buena / Ona;146;19;46;Muy buena / Oso ona;26;Buena / Ona;7;Muy buena / Oso ona;Buena / Ona
26/09/2017;;;Sin datos / Daturik gabe;39;43;62;Buena / Ona;103;18;42;Muy buena / Oso ona;20;Muy buena / Oso ona;6;Muy buena / Oso ona;Buena / Ona
25/09/2017;0,29;0,33;Muy buena / Oso ona;36;49;62;Buena / Ona;92;27;55;Muy buena / Oso ona;20;Muy buena / Oso ona;6;Muy buena / Oso ona;Buena / Ona
24/09/2017;0,35;0,52;Muy buena / Oso ona;18;39;51;Buena / Ona;63;38;67;Buena / Ona;25;Muy buena / Oso ona;7;Muy buena / Oso ona;Buena / Ona
23/09/2017;0,34;0,48;Muy buena / Oso ona;16;40;81;Buena / Ona;65;37;68;Buena / Ona;22;Muy buena / Oso ona;4;Muy buena / Oso ona;Buena / Ona
22/09/2017;0,31;0,37;Muy buena / Oso ona;23;51;75;Buena / Ona;84;25;42;Muy buena / Oso ona;17;Muy buena / Oso ona;3;Muy buena / Oso ona;Buena / Ona
21/09/2017;0,39;0,5;Muy buena / Oso ona;52;50;72;Buena / Ona;128;22;48;Muy buena / Oso ona;28;Buena / Ona;8;Muy buena / Oso ona;Buena / Ona
20/09/2017;0,34;0,4;Muy buena / Oso ona;48;52;98;Buena / Ona;125;16;39;Muy buena / Oso ona;22;Muy buena / Oso ona;7;Muy buena / Oso ona;Buena / Ona
19/09/2017;0,34;0,46;Muy buena / Oso ona;29;43;67;Buena / Ona;84;28;57;Muy buena / Oso ona;14;Muy buena / Oso ona;4;Muy buena / Oso ona;Buena / Ona
18/09/2017;0,26;;Sin datos / Daturik gabe;30;48;73;Buena / Ona;88;19;39;Muy buena / Oso ona;14;Muy buena / Oso ona;3;Muy buena / Oso ona;Buena / Ona
17/09/2017;;;Sin datos / Daturik gabe;13;32;59;Buena / Ona;52;33;60;Muy buena / Oso ona;13;Muy buena / Oso ona;4;Muy buena / Oso ona;Buena / Ona
16/09/2017;0,23;0,43;Muy buena / Oso ona;15;38;57;Buena / Ona;61;27;51;Muy buena / Oso ona;10;Muy buena / Oso ona;3;Muy buena / Oso ona;Buena / Ona
15/09/2017;0,38;0,5;Muy buena / Oso ona;39;46;61;Buena / Ona;106;14;29;Muy buena / Oso ona;16;Muy buena / Oso ona;5;Muy buena / Oso ona;Buena / Ona
14/09/2017;0,22;0,31;Muy buena / Oso ona;17;44;62;Buena / Ona;70;28;47;Muy buena / Oso ona;19;Muy buena / Oso ona;3;Muy buena / Oso ona;Buena / Ona
13/09/2017;0,4;0,55;Muy buena / Oso ona;42;36;54;Buena / Ona;100;17;37;Muy buena / Oso ona;22;Muy buena / Oso ona;6;Muy buena / Oso ona;Buena / Ona
12/09/2017;0,58;0,78;Muy buena / Oso ona;32;47;62;Buena / Ona;81;30;59;Muy buena / Oso ona;15;Muy buena / Oso ona;4;Muy buena / Oso ona;Buena / Ona
11/09/2017;0,63;0,91;Muy buena / Oso ona;14;40;65;Buena / Ona;57;35;48;Muy buena / Oso ona;18;Muy buena / Oso ona;4;Muy buena / Oso ona;Buena / Ona
10/09/2017;0,3;0,36;Muy buena / Oso ona;9;28;50;Muy buena / Oso ona;36;50;67;Buena / Ona;15;Muy buena / Oso ona;3;Muy buena / Oso ona;Buena / Ona
09/09/2017;0,31;0,45;Muy buena / Oso ona;7;23;44;Muy buena / Oso ona;29;55;60;Muy buena / Oso ona;11;Muy buena / Oso ona;4;Muy buena / Oso ona;Muy buena / Oso ona
08/09/2017;0,31;0,48;Muy buena / Oso ona;26;39;51;Buena / Ona;77;36;60;Muy buena / Oso ona;23;Muy buena / Oso ona;6;Muy buena / Oso ona;Buena / Ona
07/09/2017;0,37;0,52;Muy buena / Oso ona;29;40;59;Buena / Ona;81;26;52;Muy buena / Oso ona;20;Muy buena / Oso ona;4;Muy buena / Oso ona;Buena / Ona
06/09/2017;0,28;0,33;Muy buena / Oso ona;18;50;72;Buena / Ona;67;31;40;Muy buena / Oso ona;15;Muy buena / Oso ona;3;Muy buena / Oso ona;Buena / Ona
05/09/2017;0,62;1,05;Muy buena / Oso ona;28;37;56;Buena / Ona;78;26;46;Muy buena / Oso ona;18;Muy buena / Oso ona;6;Muy buena / Oso ona;Buena / Ona
04/09/2017;0,35;0,38;Muy buena / Oso ona;33;38;59;Buena / Ona;88;17;37;Muy buena / Oso ona;15;Muy buena / Oso ona;3;Muy buena / Oso ona;Buena / Ona
03/09/2017;;;Sin datos / Daturik gabe;14;33;59;Buena / Ona;55;30;65;Buena / Ona;14;Muy buena / Oso ona;7;Muy buena / Oso ona;Buena / Ona
02/09/2017;;;Sin datos / Daturik gabe;13;31;55;Buena / Ona;50;39;77;Buena / Ona;14;Muy buena / Oso ona;5;Muy buena / Oso ona;Buena / Ona
01/09/2017;;;Sin datos / Daturik gabe;19;38;50;Muy buena / Oso ona;67;36;58;Muy buena / Oso ona;15;Muy buena / Oso ona;6;Muy buena / Oso ona;Muy buena / Oso ona
31/08/2017;;;Sin datos / Daturik gabe;14;42;70;Buena / Ona;63;35;60;Muy buena / Oso ona;12;Muy buena / Oso ona;5;Muy buena / Oso ona;Buena / Ona
30/08/2017;0,36;0,46;Muy buena / Oso ona;14;37;51;Buena / Ona;59;36;56;Muy buena / Oso ona;19;Muy buena / Oso ona;4;Muy buena / Oso ona;Buena / Ona
29/08/2017;0,33;0,37;Muy buena / Oso ona;17;39;53;Buena / Ona;64;40;70;Buena / Ona;19;Muy buena / Oso ona;4;Muy buena / Oso ona;Buena / Ona
28/08/2017;0,3;0,36;Muy buena / Oso ona;27;50;69;Buena / Ona;91;18;33;Muy buena / Oso ona;23;Muy buena / Oso ona;4;Muy buena / Oso ona;Buena / Ona
27/08/2017;0,57;1,01;Muy buena / Oso ona;17;37;55;Buena / Ona;62;21;37;Muy buena / Oso ona;20;Muy buena / Oso ona;4;Muy buena / Oso ona;Buena / Ona
26/08/2017;0,42;0,53;Muy buena / Oso ona;8;29;64;Buena / Ona;42;40;59;Muy buena / Oso ona;17;Muy buena / Oso ona;3;Muy buena / Oso ona;Buena / Ona
25/08/2017;0,35;0,5;Muy buena / Oso ona;8;27;45;Muy buena / Oso ona;39;43;61;Buena / Ona;15;Muy buena / Oso ona;3;Muy buena / Oso ona;Buena / Ona
24/08/2017;0,31;;Sin datos / Daturik gabe;13;35;64;Buena / Ona;54;;;Sin datos / Daturik gabe;20;Muy buena / Oso ona;3;Muy buena / Oso ona;Buena / Ona
23/08/2017;0,33;0,38;Muy buena / Oso ona;11;31;48;Muy buena / Oso ona;48;;;Sin datos / Daturik gabe;25;Muy buena / Oso ona;3;Muy buena / Oso ona;Muy buena / Oso ona
22/08/2017;0,33;0,43;Muy buena / Oso ona;18;46;84;Buena / Ona;73;;;Sin datos / Daturik gabe;36;Buena / Ona;5;Muy buena / Oso ona;Buena / Ona
21/08/2017;0,4;0,43;Muy buena / Oso ona;25;53;117;Mejorable / Hobetzeko modukoa;91;;;Sin datos / Daturik gabe;19;Muy buena / Oso ona;6;Muy buena / Oso ona;Mejorable / Hobetzeko modukoa
20/08/2017;0,35;0,71;Muy buena / Oso ona;13;28;62;Buena / Ona;48;33;68;Buena / Ona;14;Muy buena / Oso ona;3;Muy buena / Oso ona;Buena / Ona
19/08/2017;0,61;0,78;Muy buena / Oso ona;5;25;44;Muy buena / Oso ona;33;47;62;Buena / Ona;13;Muy buena / Oso ona;3;Muy buena / Oso ona;Buena / Ona
18/08/2017;0,46;0,52;Muy buena / Oso ona;14;36;47;Muy buena / Oso ona;57;34;57;Muy buena / Oso ona;15;Muy buena / Oso ona;3;Muy buena / Oso ona;Muy buena / Oso ona
17/08/2017;0,46;0,7;Muy buena / Oso ona;22;36;50;Muy buena / Oso ona;70;36;67;Buena / Ona;18;Muy buena / Oso ona;7;Muy buena / Oso ona;Buena / Ona
16/08/2017;0,29;0,39;Muy buena / Oso ona;11;31;56;Buena / Ona;47;37;62;Buena / Ona;;Sin datos / Daturik gabe;4;Muy buena / Oso ona;Buena / Ona
15/08/2017;0,57;1,02;Muy buena / Oso ona;4;22;41;Muy buena / Oso ona;28;46;59;Muy buena / Oso ona;;Sin datos / Daturik gabe;3;Muy buena / Oso ona;Muy buena / Oso ona
14/08/2017;0,47;0,55;Muy buena / Oso ona;19;36;64;Buena / Ona;65;46;78;Buena / Ona;;Sin datos / Daturik gabe;5;Muy buena / Oso ona;Buena / Ona
13/08/2017;0,31;0,35;Muy buena / Oso ona;15;29;46;Muy buena / Oso ona;52;37;73;Buena / Ona;;Sin datos / Daturik gabe;11;Muy buena / Oso ona;Buena / Ona
12/08/2017;0,37;0,51;Muy buena / Oso ona;15;30;47;Muy buena / Oso ona;52;39;77;Buena / Ona;;Sin datos / Daturik gabe;7;Muy buena / Oso ona;Buena / Ona
11/08/2017;0,36;0,47;Muy buena / Oso ona;19;35;58;Buena / Ona;64;40;73;Buena / Ona;20;Muy buena / Oso ona;6;Muy buena / Oso ona;Buena / Ona
10/08/2017;0,22;0,24;Muy buena / Oso ona;8;32;55;Buena / Ona;44;53;64;Buena / Ona;16;Muy buena / Oso ona;3;Muy buena / Oso ona;Buena / Ona
09/08/2017;0,32;0,47;Muy buena / Oso ona;8;30;53;Buena / Ona;42;56;68;Buena / Ona;13;Muy buena / Oso ona;4;Muy buena / Oso ona;Buena / Ona
08/08/2017;0,27;0,29;Muy buena / Oso ona;9;32;59;Buena / Ona;45;49;62;Buena / Ona;11;Muy buena / Oso ona;4;Muy buena / Oso ona;Buena / Ona
07/08/2017;0,32;0,75;Muy buena / Oso ona;11;34;52;Buena / Ona;50;48;61;Buena / Ona;21;Muy buena / Oso ona;5;Muy buena / Oso ona;Buena / Ona
06/08/2017;0,39;0,57;Muy buena / Oso ona;3;19;37;Muy buena / Oso ona;24;56;69;Buena / Ona;12;Muy buena / Oso ona;3;Muy buena / Oso ona;Buena / Ona
05/08/2017;0,25;0,27;Muy buena / Oso ona;4;24;45;Muy buena / Oso ona;30;50;55;Muy buena / Oso ona;7;Muy buena / Oso ona;3;Muy buena / Oso ona;Muy buena / Oso ona
04/08/2017;0,32;0,4;Muy buena / Oso ona;13;31;60;Buena / Ona;50;43;56;Muy buena / Oso ona;17;Muy buena / Oso ona;5;Muy buena / Oso ona;Buena / Ona
03/08/2017;0,34;0,38;Muy buena / Oso ona;23;38;59;Buena / Ona;72;44;75;Buena / Ona;23;Muy buena / Oso ona;6;Muy buena / Oso ona;Buena / Ona
02/08/2017;0,37;0,53;Muy buena / Oso ona;20;38;67;Buena / Ona;69;39;72;Buena / Ona;23;Muy buena / Oso ona;5;Muy buena / Oso ona;Buena / Ona
01/08/2017;0,31;0,37;Muy buena / Oso ona;18;34;53;Buena / Ona;62;28;46;Muy buena / Oso ona;18;Muy buena / Oso ona;4;Muy buena / Oso ona;Buena / Ona
31/07/2017;0,3;0,33;Muy buena / Oso ona;9;31;52;Buena / Ona;44;28;51;Muy buena / Oso ona;12;Muy buena / Oso ona;3;Muy buena / Oso ona;Buena / Ona
30/07/2017;0,39;0,47;Muy buena / Oso ona;12;29;43;Muy buena / Oso ona;47;27;50;Muy buena / Oso ona;18;Muy buena / Oso ona;8;Muy buena / Oso ona;Muy buena / Oso ona
29/07/2017;0,3;0,47;Muy buena / Oso ona;17;34;48;Muy buena / Oso ona;60;38;74;Buena / Ona;16;Muy buena / Oso ona;7;Muy buena / Oso ona;Buena / Ona
28/07/2017;0,41;0,49;Muy buena / Oso ona;16;35;56;Buena / Ona;59;35;52;Muy buena / Oso ona;14;Muy buena / Oso ona;5;Muy buena / Oso ona;Buena / Ona
27/07/2017;0,37;0,44;Muy buena / Oso ona;26;33;58;Buena / Ona;73;34;54;Muy buena / Oso ona;25;Muy buena / Oso ona;7;Muy buena / Oso ona;Buena / Ona
26/07/2017;0,33;0,53;Muy buena / Oso ona;21;38;49;Muy buena / Oso ona;70;40;76;Buena / Ona;25;Muy buena / Oso ona;8;Muy buena / Oso ona;Buena / Ona
25/07/2017;0,14;0,18;Muy buena / Oso ona;5;23;43;Muy buena / Oso ona;29;52;66;Buena / Ona;12;Muy buena / Oso ona;8;Muy buena / Oso ona;Buena / Ona
24/07/2017;0,19;0,22;Muy buena / Oso ona;10;27;40;Muy buena / Oso ona;42;34;45;Muy buena / Oso ona;9;Muy buena / Oso ona;5;Muy buena / Oso ona;Muy buena / Oso ona
23/07/2017;0,24;0,28;Muy buena / Oso ona;5;21;31;Muy buena / Oso ona;28;46;76;Buena / Ona;18;Muy buena / Oso ona;9;Muy buena / Oso ona;Buena / Ona
22/07/2017;0,32;0,39;Muy buena / Oso ona;20;25;37;Muy buena / Oso ona;56;34;65;Buena / Ona;20;Muy buena / Oso ona;11;Muy buena / Oso ona;Buena / Ona
21/07/2017;0,34;0,38;Muy buena / Oso ona;25;37;52;Buena / Ona;76;21;41;Muy buena / Oso ona;17;Muy buena / Oso ona;7;Muy buena / Oso ona;Buena / Ona
20/07/2017;0,26;0,33;Muy buena / Oso ona;11;38;52;Buena / Ona;55;33;53;Muy buena / Oso ona;12;Muy buena / Oso ona;4;Muy buena / Oso ona;Buena / Ona
19/07/2017;0,21;;Sin datos / Daturik gabe;7;34;61;Buena / Ona;45;63;74;Buena / Ona;25;Muy buena / Oso ona;5;Muy buena / Oso ona;Buena / Ona
18/07/2017;0,19;0,35;Muy buena / Oso ona;8;41;84;Buena / Ona;53;65;86;Buena / Ona;32;Buena / Ona;5;Muy buena / Oso ona;Buena / Ona
17/07/2017;0,29;0,36;Muy buena / Oso ona;23;52;81;Buena / Ona;87;51;99;Buena / Ona;35;Buena / Ona;10;Muy buena / Oso ona;Buena / Ona
16/07/2017;0,16;0,19;Muy buena / Oso ona;6;28;50;Muy buena / Oso ona;36;61;96;Buena / Ona;21;Muy buena / Oso ona;6;Muy buena / Oso ona;Buena / Ona
15/07/2017;0,15;;Sin datos / Daturik gabe;4;17;28;Muy buena / Oso ona;24;54;62;Buena / Ona;12;Muy buena / Oso ona;3;Muy buena / Oso ona;Buena / Ona
14/07/2017;0,18;;Sin datos / Daturik gabe;13;25;43;Muy buena / Oso ona;44;41;52;Muy buena / Oso ona;10;Muy buena / Oso ona;3;Muy buena / Oso ona;Muy buena / Oso ona
13/07/2017;0,29;0,46;Muy buena / Oso ona;16;28;49;Muy buena / Oso ona;52;31;40;Muy buena / Oso ona;15;Muy buena / Oso ona;3;Muy buena / Oso ona;Muy buena / Oso ona
12/07/2017;0,48;0,71;Muy buena / Oso ona;29;32;49;Muy buena / Oso ona;76;28;43;Muy buena / Oso ona;22;Muy buena / Oso ona;12;Muy buena / Oso ona;Muy buena / Oso ona
11/07/2017;0,36;0,44;Muy buena / Oso ona;21;34;63;Buena / Ona;66;31;58;Muy buena / Oso ona;18;Muy buena / Oso ona;8;Muy buena / Oso ona;Buena / Ona
10/07/2017;0,23;0,27;Muy buena / Oso ona;15;28;65;Buena / Ona;50;36;51;Muy buena / Oso ona;13;Muy buena / Oso ona;4;Muy buena / Oso ona;Buena / Ona
09/07/2017;0,23;0,5;Muy buena / Oso ona;4;22;42;Muy buena / Oso ona;28;55;79;Buena / Ona;20;Muy buena / Oso ona;3;Muy buena / Oso ona;Buena / Ona
08/07/2017;0,45;0,53;Muy buena / Oso ona;5;24;52;Buena / Ona;31;61;72;Buena / Ona;19;Muy buena / Oso ona;3;Muy buena / Oso ona;Buena / Ona
07/07/2017;0,29;0,66;Muy buena / Oso ona;15;37;61;Buena / Ona;60;40;62;Buena / Ona;23;Muy buena / Oso ona;5;Muy buena / Oso ona;Buena / Ona
06/07/2017;0,41;0,59;Muy buena / Oso ona;16;49;72;Buena / Ona;73;38;65;Buena / Ona;32;Buena / Ona;8;Muy buena / Oso ona;Buena / Ona
05/07/2017;;;Sin datos / Daturik gabe;11;38;79;Buena / Ona;54;57;70;Buena / Ona;30;Buena / Ona;5;Muy buena / Oso ona;Buena / Ona
04/07/2017;;;Sin datos / Daturik gabe;25;53;125;Mejorable / Hobetzeko modukoa;91;34;79;Buena / Ona;27;Buena / Ona;6;Muy buena / Oso ona;Mejorable / Hobetzeko modukoa
03/07/2017;;;Sin datos / Daturik gabe;23;23;37;Muy buena / Oso ona;59;23;42;Muy buena / Oso ona;14;Muy buena / Oso ona;5;Muy buena / Oso ona;Muy buena / Oso ona
02/07/2017;0,35;0,39;Muy buena / Oso ona;10;25;47;Muy buena / Oso ona;41;33;66;Buena / Ona;15;Muy buena / Oso ona;5;Muy buena / Oso ona;Buena / Ona
01/07/2017;;;Sin datos / Daturik gabe;7;23;46;Muy buena / Oso ona;35;46;60;Muy buena / Oso ona;15;Muy buena / Oso ona;3;Muy buena / Oso ona;Muy buena / Oso ona
30/06/2017;;;Sin datos / Daturik gabe;14;33;49;Muy buena / Oso ona;54;39;55;Muy buena / Oso ona;12;Muy buena / Oso ona;3;Muy buena / Oso ona;Muy buena / Oso ona
29/06/2017;;;Sin datos / Daturik gabe;9;25;44;Muy buena / Oso ona;39;54;66;Buena / Ona;15;Muy buena / Oso ona;2;Muy buena / Oso ona;Buena / Ona
28/06/2017;;;Sin datos / Daturik gabe;10;25;47;Muy buena / Oso ona;40;45;61;Buena / Ona;17;Muy buena / Oso ona;0;Muy buena / Oso ona;Buena / Ona
27/06/2017;;;Sin datos / Daturik gabe;17;36;49;Muy buena / Oso ona;61;28;41;Muy buena / Oso ona;26;Buena / Ona;2;Muy buena / Oso ona;Buena / Ona
26/06/2017;0,26;;Sin datos / Daturik gabe;20;34;47;Muy buena / Oso ona;66;20;;Sin datos / Daturik gabe;20;Muy buena / Oso ona;0;Muy buena / Oso ona;Muy buena / Oso ona
25/06/2017;0,19;;Sin datos / Daturik gabe;11;25;41;Muy buena / Oso ona;42;28;49;Muy buena / Oso ona;17;Muy buena / Oso ona;1;Muy buena / Oso ona;Muy buena / Oso ona
24/06/2017;;;Sin datos / Daturik gabe;8;28;38;Muy buena / Oso ona;40;36;45;Muy buena / Oso ona;16;Muy buena / Oso ona;0;Muy buena / Oso ona;Muy buena / Oso ona
23/06/2017;;;Sin datos / Daturik gabe;14;39;62;Buena / Ona;59;35;47;Muy buena / Oso ona;29;Buena / Ona;2;Muy buena / Oso ona;Buena / Ona
22/06/2017;0,25;0,37;Muy buena / Oso ona;8;36;64;Buena / Ona;48;54;102;Mejorable / Hobetzeko modukoa;30;Buena / Ona;2;Muy buena / Oso ona;Mejorable / Hobetzeko modukoa
21/06/2017;0,4;0,84;Muy buena / Oso ona;21;69;141;Mejorable / Hobetzeko modukoa;100;83;149;Mala / Txarra;39;Buena / Ona;6;Muy buena / Oso ona;Mala / Txarra
20/06/2017;0,26;;Sin datos / Daturik gabe;25;72;106;Mejorable / Hobetzeko modukoa;109;56;93;Buena / Ona;31;Buena / Ona;7;Muy buena / Oso ona;Mejorable / Hobetzeko modukoa
19/06/2017;;;Sin datos / Daturik gabe;20;53;102;Mejorable / Hobetzeko modukoa;84;71;113;Mejorable / Hobetzeko modukoa;25;Muy buena / Oso ona;4;Muy buena / Oso ona;Mejorable / Hobetzeko modukoa
18/06/2017;0,26;0,29;Muy buena / Oso ona;10;48;88;Buena / Ona;63;61;114;Mejorable / Hobetzeko modukoa;;Sin datos / Daturik gabe;8;Muy buena / Oso ona;Mejorable / Hobetzeko modukoa
17/06/2017;;;Sin datos / Daturik gabe;13;36;61;Buena / Ona;55;45;81;Buena / Ona;;Sin datos / Daturik gabe;4;Muy buena / Oso ona;Buena / Ona
16/06/2017;;;Sin datos / Daturik gabe;16;34;67;Buena / Ona;57;40;52;Muy buena / Oso ona;21;Muy buena / Oso ona;3;Muy buena / Oso ona;Buena / Ona
15/06/2017;0,16;0,19;Muy buena / Oso ona;12;38;59;Buena / Ona;57;44;53;Muy buena / Oso ona;19;Muy buena / Oso ona;3;Muy buena / Oso ona;Buena / Ona
14/06/2017;0,2;0,26;Muy buena / Oso ona;11;38;59;Buena / Ona;55;40;65;Buena / Ona;31;Buena / Ona;3;Muy buena / Oso ona;Buena / Ona
13/06/2017;0,23;0,31;Muy buena / Oso ona;22;39;60;Buena / Ona;72;27;50;Muy buena / Oso ona;;Sin datos / Daturik gabe;4;Muy buena / Oso ona;Buena / Ona
12/06/2017;0,16;0,19;Muy buena / Oso ona;13;29;51;Buena / Ona;49;31;41;Muy buena / Oso ona;;Sin datos / Daturik gabe;3;Muy buena / Oso ona;Buena / Ona
11/06/2017;0,14;0,19;Muy buena / Oso ona;4;22;33;Muy buena / Oso ona;28;45;64;Buena / Ona;;Sin datos / Daturik gabe;4;Muy buena / Oso ona;Buena / Ona
10/06/2017;0,2;0,3;Muy buena / Oso ona;16;30;38;Muy buena / Oso ona;54;35;60;Muy buena / Oso ona;;Sin datos / Daturik gabe;5;Muy buena / Oso ona;Muy buena / Oso ona
09/06/2017;0,27;0,31;Muy buena / Oso ona;24;38;47;Muy buena / Oso ona;74;24;35;Muy buena / Oso ona;;Sin datos / Daturik gabe;8;Muy buena / Oso ona;Muy buena / Oso ona
08/06/2017;0,26;0,32;Muy buena / Oso ona;25;49;76;Buena / Ona;87;32;66;Buena / Ona;;Sin datos / Daturik gabe;5;Muy buena / Oso ona;Buena / Ona
07/06/2017;0,19;;Sin datos / Daturik gabe;21;41;73;Buena / Ona;73;35;69;Buena / Ona;;Sin datos / Daturik gabe;5;Muy buena / Oso ona;Buena / Ona
06/06/2017;;;Sin datos / Daturik gabe;10;35;59;Buena / Ona;50;49;54;Muy buena / Oso ona;;Sin datos / Daturik gabe;3;Muy buena / Oso ona;Buena / Ona
05/06/2017;0,23;0,26;Muy buena / Oso ona;24;44;71;Buena / Ona;81;31;;Sin datos / Daturik gabe;26;Buena / Ona;6;Muy buena / Oso ona;Buena / Ona
04/06/2017;0,19;0,22;Muy buena / Oso ona;7;36;56;Buena / Ona;47;32;50;Muy buena / Oso ona;10;Muy buena / Oso ona;3;Muy buena / Oso ona;Buena / Ona
03/06/2017;0,17;;Sin datos / Daturik gabe;9;36;54;Buena / Ona;49;36;52;Muy buena / Oso ona;14;Muy buena / Oso ona;3;Muy buena / Oso ona;Buena / Ona
02/06/2017;0,26;0,33;Muy buena / Oso ona;14;47;73;Buena / Ona;69;42;55;Muy buena / Oso ona;19;Muy buena / Oso ona;4;Muy buena / Oso ona;Buena / Ona
01/06/2017;0,24;0,28;Muy buena / Oso ona;21;39;53;Buena / Ona;70;41;70;Buena / Ona;23;Muy buena / Oso ona;6;Muy buena / Oso ona;Buena / Ona
31/05/2017;0,17;0,2;Muy buena / Oso ona;12;33;47;Muy buena / Oso ona;51;41;55;Muy buena / Oso ona;19;Muy buena / Oso ona;7;Muy buena / Oso ona;Muy buena / Oso ona
30/05/2017;0,22;0,31;Muy buena / Oso ona;15;42;70;Buena / Ona;65;41;63;Buena / Ona;12;Muy buena / Oso ona;3;Muy buena / Oso ona;Buena / Ona
29/05/2017;0,33;0,51;Muy buena / Oso ona;11;41;70;Buena / Ona;58;50;63;Buena / Ona;15;Muy buena / Oso ona;3;Muy buena / Oso ona;Buena / Ona
28/05/2017;0,18;0,28;Muy buena / Oso ona;5;31;64;Buena / Ona;39;58;67;Buena / Ona;25;Muy buena / Oso ona;5;Muy buena / Oso ona;Buena / Ona
27/05/2017;0,21;0,25;Muy buena / Oso ona;10;53;97;Buena / Ona;68;45;72;Buena / Ona;29;Buena / Ona;6;Muy buena / Oso ona;Buena / Ona
26/05/2017;0,21;0,29;Muy buena / Oso ona;17;54;80;Buena / Ona;80;62;97;Buena / Ona;28;Buena / Ona;8;Muy buena / Oso ona;Buena / Ona
25/05/2017;0,24;0,29;Muy buena / Oso ona;23;59;114;Mejorable / Hobetzeko modukoa;94;66;107;Mejorable / Hobetzeko modukoa;30;Buena / Ona;8;Muy buena / Oso ona;Mejorable / Hobetzeko modukoa
24/05/2017;0,25;0,29;Muy buena / Oso ona;14;48;107;Mejorable / Hobetzeko modukoa;70;45;68;Buena / Ona;27;Buena / Ona;6;Muy buena / Oso ona;Mejorable / Hobetzeko modukoa
23/05/2017;0,24;0,29;Muy buena / Oso ona;9;31;54;Buena / Ona;44;53;68;Buena / Ona;23;Muy buena / Oso ona;10;Muy buena / Oso ona;Buena / Ona
22/05/2017;0,26;0,33;Muy buena / Oso ona;15;39;95;Buena / Ona;62;57;;Sin datos / Daturik gabe;33;Buena / Ona;7;Muy buena / Oso ona;Buena / Ona
21/05/2017;0,21;0,31;Muy buena / Oso ona;13;34;51;Buena / Ona;53;46;87;Buena / Ona;17;Muy buena / Oso ona;11;Muy buena / Oso ona;Buena / Ona
20/05/2017;0,25;0,33;Muy buena / Oso ona;13;37;57;Buena / Ona;57;35;68;Buena / Ona;15;Muy buena / Oso ona;8;Muy buena / Oso ona;Buena / Ona
19/05/2017;0,25;0,31;Muy buena / Oso ona;21;43;72;Buena / Ona;75;40;63;Buena / Ona;18;Muy buena / Oso ona;6;Muy buena / Oso ona;Buena / Ona
18/05/2017;0,22;0,26;Muy buena / Oso ona;10;36;70;Buena / Ona;52;57;63;Buena / Ona;10;Muy buena / Oso ona;7;Muy buena / Oso ona;Buena / Ona
17/05/2017;0,42;;Sin datos / Daturik gabe;20;56;84;Buena / Ona;87;31;72;Buena / Ona;23;Muy buena / Oso ona;9;Muy buena / Oso ona;Buena / Ona
16/05/2017;0,26;0,33;Muy buena / Oso ona;24;55;81;Buena / Ona;91;46;77;Buena / Ona;30;Buena / Ona;13;Muy buena / Oso ona;Buena / Ona
15/05/2017;0,28;0,38;Muy buena / Oso ona;26;56;89;Buena / Ona;96;37;74;Buena / Ona;23;Muy buena / Oso ona;12;Muy buena / Oso ona;Buena / Ona
14/05/2017;0,28;0,46;Muy buena / Oso ona;9;33;65;Buena / Ona;47;48;76;Buena / Ona;14;Muy buena / Oso ona;10;Muy buena / Oso ona;Buena / Ona
13/05/2017;0,22;0,25;Muy buena / Oso ona;8;34;61;Buena / Ona;45;52;80;Buena / Ona;13;Muy buena / Oso ona;5;Muy buena / Oso ona;Buena / Ona
12/05/2017;;;Sin datos / Daturik gabe;7;30;73;Buena / Ona;40;65;89;Buena / Ona;11;Muy buena / Oso ona;5;Muy buena / Oso ona;Buena / Ona
11/05/2017;;;Sin datos / Daturik gabe;6;24;60;Buena / Ona;34;78;92;Buena / Ona;8;Muy buena / Oso ona;5;Muy buena / Oso ona;Buena / Ona
10/05/2017;0,32;0,47;Muy buena / Oso ona;25;53;92;Buena / Ona;90;50;77;Buena / Ona;26;Buena / Ona;8;Muy buena / Oso ona;Buena / Ona
09/05/2017;0,49;0,76;Muy buena / Oso ona;22;49;57;Buena / Ona;83;37;64;Buena / Ona;23;Muy buena / Oso ona;11;Muy buena / Oso ona;Buena / Ona
08/05/2017;0,31;0,35;Muy buena / Oso ona;25;43;57;Buena / Ona;80;36;;Sin datos / Daturik gabe;17;Muy buena / Oso ona;11;Muy buena / Oso ona;Buena / Ona
07/05/2017;0,23;0,34;Muy buena / Oso ona;9;34;51;Buena / Ona;48;46;79;Buena / Ona;13;Muy buena / Oso ona;9;Muy buena / Oso ona;Buena / Ona
06/05/2017;;;Sin datos / Daturik gabe;7;28;55;Buena / Ona;39;63;86;Buena / Ona;11;Muy buena / Oso ona;4;Muy buena / Oso ona;Buena / Ona
05/05/2017;0,29;;Sin datos / Daturik gabe;20;49;76;Buena / Ona;80;49;71;Buena / Ona;22;Muy buena / Oso ona;6;Muy buena / Oso ona;Buena / Ona
04/05/2017;0,2;0,25;Muy buena / Oso ona;14;42;67;Buena / Ona;63;48;66;Buena / Ona;19;Muy buena / Oso ona;6;Muy buena / Oso ona;Buena / Ona
03/05/2017;0,24;0,28;Muy buena / Oso ona;16;40;51;Buena / Ona;64;41;63;Buena / Ona;22;Muy buena / Oso ona;9;Muy buena / Oso ona;Buena / Ona
02/05/2017;0,25;0,38;Muy buena / Oso ona;31;48;76;Buena / Ona;95;33;58;Muy buena / Oso ona;19;Muy buena / Oso ona;6;Muy buena / Oso ona;Buena / Ona
01/05/2017;0,21;0,25;Muy buena / Oso ona;8;38;64;Buena / Ona;50;42;80;Buena / Ona;16;Muy buena / Oso ona;6;Muy buena / Oso ona;Buena / Ona
30/04/2017;;;Sin datos / Daturik gabe;;;;Sin datos / Daturik gabe;38;72;95;Buena / Ona;10;Muy buena / Oso ona;4;Muy buena / Oso ona;Buena / Ona
29/04/2017;0,18;0,25;Muy buena / Oso ona;12;34;55;Buena / Ona;50;52;81;Buena / Ona;13;Muy buena / Oso ona;6;Muy buena / Oso ona;Buena / Ona
28/04/2017;0,26;0,33;Muy buena / Oso ona;28;52;74;Buena / Ona;95;33;72;Buena / Ona;18;Muy buena / Oso ona;8;Muy buena / Oso ona;Buena / Ona
27/04/2017;0,25;0,34;Muy buena / Oso ona;22;52;74;Buena / Ona;86;35;70;Buena / Ona;14;Muy buena / Oso ona;5;Muy buena / Oso ona;Buena / Ona
26/04/2017;0,24;0,31;Muy buena / Oso ona;17;60;83;Buena / Ona;72;49;76;Buena / Ona;10;Muy buena / Oso ona;4;Muy buena / Oso ona;Buena / Ona
25/04/2017;0,29;0,37;Muy buena / Oso ona;18;58;94;Buena / Ona;85;35;57;Muy buena / Oso ona;18;Muy buena / Oso ona;6;Muy buena / Oso ona;Buena / Ona
24/04/2017;0,27;;Sin datos / Daturik gabe;22;53;75;Buena / Ona;86;41;;Sin datos / Daturik gabe;25;Muy buena / Oso ona;15;Muy buena / Oso ona;Buena / Ona
23/04/2017;0,31;0,41;Muy buena / Oso ona;10;56;96;Buena / Ona;71;50;106;Mejorable / Hobetzeko modukoa;25;Muy buena / Oso ona;21;Muy buena / Oso ona;Mejorable / Hobetzeko modukoa
22/04/2017;0,24;0,29;Muy buena / Oso ona;7;51;79;Buena / Ona;61;69;109;Mejorable / Hobetzeko modukoa;21;Muy buena / Oso ona;15;Muy buena / Oso ona;Mejorable / Hobetzeko modukoa
21/04/2017;0,28;0,38;Muy buena / Oso ona;27;59;105;Mejorable / Hobetzeko modukoa;99;48;103;Mejorable / Hobetzeko modukoa;22;Muy buena / Oso ona;7;Muy buena / Oso ona;Mejorable / Hobetzeko modukoa
20/04/2017;0,2;0,26;Muy buena / Oso ona;19;47;78;Buena / Ona;65;60;90;Buena / Ona;17;Muy buena / Oso ona;4;Muy buena / Oso ona;Buena / Ona
19/04/2017;;;Sin datos / Daturik gabe;7;36;69;Buena / Ona;41;80;94;Buena / Ona;15;Muy buena / Oso ona;4;Muy buena / Oso ona;Buena / Ona
18/04/2017;0,31;0,36;Muy buena / Oso ona;24;46;71;Buena / Ona;78;46;80;Buena / Ona;22;Muy buena / Oso ona;7;Muy buena / Oso ona;Buena / Ona
17/04/2017;0,18;0,25;Muy buena / Oso ona;12;28;45;Muy buena / Oso ona;45;50;81;Buena / Ona;19;Muy buena / Oso ona;7;Muy buena / Oso ona;Buena / Ona
16/04/2017;0,17;;Sin datos / Daturik gabe;7;27;61;Buena / Ona;34;54;81;Buena / Ona;11;Muy buena / Oso ona;5;Muy buena / Oso ona;Buena / Ona
15/04/2017;0,19;0,22;Muy buena / Oso ona;7;32;54;Buena / Ona;40;58;84;Buena / Ona;17;Muy buena / Oso ona;7;Muy buena / Oso ona;Buena / Ona
14/04/2017;0,24;0,35;Muy buena / Oso ona;7;40;65;Buena / Ona;47;59;82;Buena / Ona;22;Muy buena / Oso ona;8;Muy buena / Oso ona;Buena / Ona
13/04/2017;0,24;0,31;Muy buena / Oso ona;12;38;60;Buena / Ona;55;58;100;Buena / Ona;20;Muy buena / Oso ona;10;Muy buena / Oso ona;Buena / Ona
12/04/2017;0,31;0,43;Muy buena / Oso ona;23;50;67;Buena / Ona;82;45;76;Buena / Ona;24;Muy buena / Oso ona;13;Muy buena / Oso ona;Buena / Ona
11/04/2017;0,24;0,27;Muy buena / Oso ona;10;44;78;Buena / Ona;49;74;91;Buena / Ona;23;Muy buena / Oso ona;7;Muy buena / Oso ona;Buena / Ona
10/04/2017;0,22;0,26;Muy buena / Oso ona;;;;Sin datos / Daturik gabe;52;59;77;Buena / Ona;40;Buena / Ona;14;Muy buena / Oso ona;Buena / Ona
09/04/2017;0,23;0,27;Muy buena / Oso ona;12;48;71;Buena / Ona;61;56;101;Mejorable / Hobetzeko modukoa;33;Buena / Ona;12;Muy buena / Oso ona;Mejorable / Hobetzeko modukoa
08/04/2017;0,27;0,34;Muy buena / Oso ona;24;67;126;Mejorable / Hobetzeko modukoa;104;43;95;Buena / Ona;28;Buena / Ona;10;Muy buena / Oso ona;Mejorable / Hobetzeko modukoa
07/04/2017;0,28;0,6;Muy buena / Oso ona;26;57;96;Buena / Ona;89;34;73;Buena / Ona;29;Buena / Ona;9;Muy buena / Oso ona;Buena / Ona
06/04/2017;0,33;0,55;Muy buena / Oso ona;15;46;83;Buena / Ona;58;57;79;Buena / Ona;23;Muy buena / Oso ona;4;Muy buena / Oso ona;Buena / Ona
05/04/2017;0,21;0,26;Muy buena / Oso ona;18;53;80;Buena / Ona;68;53;75;Buena / Ona;16;Muy buena / Oso ona;4;Muy buena / Oso ona;Buena / Ona
04/04/2017;0,23;0,27;Muy buena / Oso ona;19;49;83;Buena / Ona;64;53;66;Buena / Ona;15;Muy buena / Oso ona;8;Muy buena / Oso ona;Buena / Ona
03/04/2017;0,26;0,36;Muy buena / Oso ona;27;45;60;Buena / Ona;84;38;68;Buena / Ona;21;Muy buena / Oso ona;18;Muy buena / Oso ona;Buena / Ona
02/04/2017;0,17;0,21;Muy buena / Oso ona;8;38;73;Buena / Ona;39;67;87;Buena / Ona;15;Muy buena / Oso ona;6;Muy buena / Oso ona;Buena / Ona
01/04/2017;0,14;0,19;Muy buena / Oso ona;6;30;62;Buena / Ona;37;67;79;Buena / Ona;11;Muy buena / Oso ona;5;Muy buena / Oso ona;Buena / Ona
31/03/2017;0,27;0,38;Muy buena / Oso ona;20;51;135;Mejorable / Hobetzeko modukoa;81;54;77;Buena / Ona;18;Muy buena / Oso ona;6;Muy buena / Oso ona;Mejorable / Hobetzeko modukoa
30/03/2017;0,27;0,41;Muy buena / Oso ona;31;59;122;Mejorable / Hobetzeko modukoa;106;47;80;Buena / Ona;17;Muy buena / Oso ona;5;Muy buena / Oso ona;Mejorable / Hobetzeko modukoa
29/03/2017;0,36;0,43;Muy buena / Oso ona;52;76;138;Mejorable / Hobetzeko modukoa;156;25;62;Buena / Ona;26;Buena / Ona;14;Muy buena / Oso ona;Mejorable / Hobetzeko modukoa
28/03/2017;0,26;0,39;Muy buena / Oso ona;27;60;113;Mejorable / Hobetzeko modukoa;101;42;68;Buena / Ona;18;Muy buena / Oso ona;8;Muy buena / Oso ona;Mejorable / Hobetzeko modukoa
27/03/2017;0,18;0,2;Muy buena / Oso ona;9;40;97;Buena / Ona;53;67;94;Buena / Ona;14;Muy buena / Oso ona;4;Muy buena / Oso ona;Buena / Ona
26/03/2017;;;Sin datos / Daturik gabe;2;15;56;Buena / Ona;19;73;77;Buena / Ona;8;Muy buena / Oso ona;3;Muy buena / Oso ona;Buena / Ona
25/03/2017;0,2;0,21;Muy buena / Oso ona;10;47;78;Buena / Ona;61;47;56;Muy buena / Oso ona;7;Muy buena / Oso ona;3;Muy buena / Oso ona;Buena / Ona
24/03/2017;0,23;0,31;Muy buena / Oso ona;31;52;83;Buena / Ona;100;38;67;Buena / Ona;16;Muy buena / Oso ona;8;Muy buena / Oso ona;Buena / Ona
23/03/2017;;;Sin datos / Daturik gabe;19;48;96;Buena / Ona;76;44;71;Buena / Ona;11;Muy buena / Oso ona;4;Muy buena / Oso ona;Buena / Ona
22/03/2017;;;Sin datos / Daturik gabe;12;47;86;Buena / Ona;66;44;52;Muy buena / Oso ona;12;Muy buena / Oso ona;4;Muy buena / Oso ona;Buena / Ona
21/03/2017;0,18;0,21;Muy buena / Oso ona;18;68;102;Mejorable / Hobetzeko modukoa;94;30;52;Muy buena / Oso ona;14;Muy buena / Oso ona;6;Muy buena / Oso ona;Mejorable / Hobetzeko modukoa
20/03/2017;0,2;0,24;Muy buena / Oso ona;12;50;96;Buena / Ona;68;42;69;Buena / Ona;24;Muy buena / Oso ona;6;Muy buena / Oso ona;Buena / Ona
19/03/2017;0,19;0,23;Muy buena / Oso ona;6;33;51;Buena / Ona;41;47;72;Buena / Ona;18;Muy buena / Oso ona;8;Muy buena / Oso ona;Buena / Ona
18/03/2017;0,19;0,3;Muy buena / Oso ona;9;47;83;Buena / Ona;60;47;61;Buena / Ona;17;Muy buena / Oso ona;4;Muy buena / Oso ona;Buena / Ona
17/03/2017;0,32;0,41;Muy buena / Oso ona;15;49;74;Buena / Ona;72;48;57;Muy buena / Oso ona;26;Buena / Ona;7;Muy buena / Oso ona;Buena / Ona
16/03/2017;0,3;0,37;Muy buena / Oso ona;20;57;111;Mejorable / Hobetzeko modukoa;88;24;;Sin datos / Daturik gabe;22;Muy buena / Oso ona;4;Muy buena / Oso ona;Mejorable / Hobetzeko modukoa
15/03/2017;;;Sin datos / Daturik gabe;17;51;92;Buena / Ona;76;37;60;Muy buena / Oso ona;29;Buena / Ona;10;Muy buena / Oso ona;Buena / Ona
14/03/2017;0,24;0,28;Muy buena / Oso ona;11;45;75;Buena / Ona;61;41;67;Buena / Ona;26;Buena / Ona;;Sin datos / Daturik gabe;Buena / Ona
13/03/2017;0,23;;Sin datos / Daturik gabe;7;39;80;Buena / Ona;50;54;87;Buena / Ona;26;Buena / Ona;3;Muy buena / Oso ona;Buena / Ona
12/03/2017;;;Sin datos / Daturik gabe;1;16;37;Muy buena / Oso ona;17;74;79;Buena / Ona;14;Muy buena / Oso ona;4;Muy buena / Oso ona;Buena / Ona
11/03/2017;;;Sin datos / Daturik gabe;23;44;70;Buena / Ona;79;42;72;Buena / Ona;30;Buena / Ona;12;Muy buena / Oso ona;Buena / Ona
10/03/2017;0,42;0,54;Muy buena / Oso ona;100;73;129;Mejorable / Hobetzeko modukoa;226;8;17;Muy buena / Oso ona;42;Buena / Ona;12;Muy buena / Oso ona;Mejorable / Hobetzeko modukoa
09/03/2017;;;Sin datos / Daturik gabe;16;46;89;Buena / Ona;70;24;41;Muy buena / Oso ona;28;Buena / Ona;12;Muy buena / Oso ona;Buena / Ona
08/03/2017;0,24;0,39;Muy buena / Oso ona;16;35;64;Buena / Ona;60;40;52;Muy buena / Oso ona;18;Muy buena / Oso ona;5;Muy buena / Oso ona;Buena / Ona
07/03/2017;0,28;0,38;Muy buena / Oso ona;29;53;80;Buena / Ona;97;25;39;Muy buena / Oso ona;31;Buena / Ona;7;Muy buena / Oso ona;Buena / Ona
06/03/2017;0,25;0,36;Muy buena / Oso ona;15;47;97;Buena / Ona;70;46;57;Muy buena / Oso ona;25;Muy buena / Oso ona;;Sin datos / Daturik gabe;Buena / Ona
05/03/2017;0,24;0,38;Muy buena / Oso ona;4;31;69;Buena / Ona;37;52;75;Buena / Ona;21;Muy buena / Oso ona;;Sin datos / Daturik gabe;Buena / Ona
04/03/2017;;;Sin datos / Daturik gabe;4;33;79;Buena / Ona;38;56;70;Buena / Ona;12;Muy buena / Oso ona;;Sin datos / Daturik gabe;Buena / Ona
03/03/2017;;;Sin datos / Daturik gabe;5;35;76;Buena / Ona;42;57;68;Buena / Ona;13;Muy buena / Oso ona;;Sin datos / Daturik gabe;Buena / Ona
02/03/2017;0,28;0,37;Muy buena / Oso ona;44;48;81;Buena / Ona;115;22;33;Muy buena / Oso ona;21;Muy buena / Oso ona;;Sin datos / Daturik gabe;Buena / Ona
01/03/2017;0,28;0,33;Muy buena / Oso ona;40;60;96;Buena / Ona;121;21;49;Muy buena / Oso ona;19;Muy buena / Oso ona;7;Muy buena / Oso ona;Buena / Ona
28/02/2017;0,19;;Sin datos / Daturik gabe;8;46;78;Buena / Ona;58;47;60;Muy buena / Oso ona;13;Muy buena / Oso ona;3;Muy buena / Oso ona;Buena / Ona
27/02/2017;0,23;;Sin datos / Daturik gabe;9;44;78;Buena / Ona;57;38;69;Buena / Ona;18;Muy buena / Oso ona;5;Muy buena / Oso ona;Buena / Ona
26/02/2017;0,31;0,47;Muy buena / Oso ona;23;45;70;Buena / Ona;80;25;56;Muy buena / Oso ona;27;Buena / Ona;9;Muy buena / Oso ona;Buena / Ona
25/02/2017;;;Sin datos / Daturik gabe;33;57;94;Buena / Ona;107;17;39;Muy buena / Oso ona;27;Buena / Ona;13;Muy buena / Oso ona;Buena / Ona
24/02/2017;;;Sin datos / Daturik gabe;18;55;85;Buena / Ona;82;37;51;Muy buena / Oso ona;17;Muy buena / Oso ona;3;Muy buena / Oso ona;Buena / Ona
23/02/2017;0,35;0,51;Muy buena / Oso ona;26;59;71;Buena / Ona;98;18;27;Muy buena / Oso ona;41;Buena / Ona;9;Muy buena / Oso ona;Buena / Ona
22/02/2017;0,23;;Sin datos / Daturik gabe;32;54;79;Buena / Ona;102;13;23;Muy buena / Oso ona;28;Buena / Ona;9;Muy buena / Oso ona;Buena / Ona
21/02/2017;0,31;0,37;Muy buena / Oso ona;42;57;84;Buena / Ona;120;17;41;Muy buena / Oso ona;20;Muy buena / Oso ona;5;Muy buena / Oso ona;Buena / Ona
20/02/2017;0,31;0,43;Muy buena / Oso ona;34;66;91;Buena / Ona;117;24;56;Muy buena / Oso ona;25;Muy buena / Oso ona;5;Muy buena / Oso ona;Buena / Ona
19/02/2017;0,26;0,31;Muy buena / Oso ona;9;41;95;Buena / Ona;54;51;70;Buena / Ona;18;Muy buena / Oso ona;4;Muy buena / Oso ona;Buena / Ona
18/02/2017;0,38;0,55;Muy buena / Oso ona;29;51;77;Buena / Ona;95;30;65;Buena / Ona;24;Muy buena / Oso ona;8;Muy buena / Oso ona;Buena / Ona
17/02/2017;0,45;0,53;Muy buena / Oso ona;72;69;110;Mejorable / Hobetzeko modukoa;179;13;31;Muy buena / Oso ona;32;Buena / Ona;8;Muy buena / Oso ona;Mejorable / Hobetzeko modukoa
16/02/2017;0,39;0,49;Muy buena / Oso ona;61;69;106;Mejorable / Hobetzeko modukoa;163;18;39;Muy buena / Oso ona;26;Buena / Ona;5;Muy buena / Oso ona;Mejorable / Hobetzeko modukoa
15/02/2017;;;Sin datos / Daturik gabe;15;42;85;Buena / Ona;65;38;66;Buena / Ona;15;Muy buena / Oso ona;4;Muy buena / Oso ona;Buena / Ona
14/02/2017;0,26;0,38;Muy buena / Oso ona;24;42;100;Buena / Ona;79;37;57;Muy buena / Oso ona;14;Muy buena / Oso ona;6;Muy buena / Oso ona;Buena / Ona
13/02/2017;;;Sin datos / Daturik gabe;12;30;87;Buena / Ona;48;54;86;Buena / Ona;23;Muy buena / Oso ona;3;Muy buena / Oso ona;Buena / Ona
12/02/2017;0,16;0,23;Muy buena / Oso ona;1;14;47;Muy buena / Oso ona;15;56;78;Buena / Ona;22;Muy buena / Oso ona;3;Muy buena / Oso ona;Buena / Ona
11/02/2017;0,31;0,41;Muy buena / Oso ona;45;55;87;Buena / Ona;124;16;28;Muy buena / Oso ona;29;Buena / Ona;9;Muy buena / Oso ona;Buena / Ona
10/02/2017;;;Sin datos / Daturik gabe;45;56;103;Mejorable / Hobetzeko modukoa;124;32;50;Muy buena / Oso ona;17;Muy buena / Oso ona;5;Muy buena / Oso ona;Mejorable / Hobetzeko modukoa
09/02/2017;0,28;;Sin datos / Daturik gabe;44;58;96;Buena / Ona;124;18;35;Muy buena / Oso ona;16;Muy buena / Oso ona;5;Muy buena / Oso ona;Buena / Ona
08/02/2017;;;Sin datos / Daturik gabe;15;49;93;Buena / Ona;72;47;86;Buena / Ona;14;Muy buena / Oso ona;3;Muy buena / Oso ona;Buena / Ona
07/02/2017;;0,5;Muy buena / Oso ona;18;52;89;Buena / Ona;80;34;61;Buena / Ona;14;Muy buena / Oso ona;3;Muy buena / Oso ona;Buena / Ona
06/02/2017;0,28;0,36;Muy buena / Oso ona;53;53;90;Buena / Ona;135;21;76;Buena / Ona;18;Muy buena / Oso ona;4;Muy buena / Oso ona;Buena / Ona
05/02/2017;;;Sin datos / Daturik gabe;1;8;22;Muy buena / Oso ona;9;81;85;Buena / Ona;13;Muy buena / Oso ona;3;Muy buena / Oso ona;Buena / Ona
04/02/2017;0,25;0,35;Muy buena / Oso ona;12;40;70;Buena / Ona;58;42;81;Buena / Ona;14;Muy buena / Oso ona;3;Muy buena / Oso ona;Buena / Ona
03/02/2017;;;Sin datos / Daturik gabe;3;22;56;Buena / Ona;26;72;88;Buena / Ona;11;Muy buena / Oso ona;2;Muy buena / Oso ona;Buena / Ona
02/02/2017;;;Sin datos / Daturik gabe;2;18;65;Buena / Ona;21;70;73;Buena / Ona;9;Muy buena / Oso ona;3;Muy buena / Oso ona;Buena / Ona
01/02/2017;0,21;0,31;Muy buena / Oso ona;20;36;90;Buena / Ona;65;43;59;Muy buena / Oso ona;13;Muy buena / Oso ona;3;Muy buena / Oso ona;Buena / Ona
31/01/2017;;;Sin datos / Daturik gabe;9;32;59;Buena / Ona;45;40;64;Buena / Ona;12;Muy buena / Oso ona;4;Muy buena / Oso ona;Buena / Ona
30/01/2017;;;Sin datos / Daturik gabe;54;44;93;Buena / Ona;127;25;44;Muy buena / Oso ona;14;Muy buena / Oso ona;4;Muy buena / Oso ona;Buena / Ona
29/01/2017;;;Sin datos / Daturik gabe;9;37;64;Buena / Ona;50;35;65;Buena / Ona;11;Muy buena / Oso ona;4;Muy buena / Oso ona;Buena / Ona
28/01/2017;;;Sin datos / Daturik gabe;28;53;90;Buena / Ona;95;26;52;Muy buena / Oso ona;18;Muy buena / Oso ona;4;Muy buena / Oso ona;Buena / Ona
27/01/2017;;0,29;Muy buena / Oso ona;5;31;65;Buena / Ona;38;52;66;Buena / Ona;13;Muy buena / Oso ona;2;Muy buena / Oso ona;Buena / Ona
26/01/2017;0,27;;Sin datos / Daturik gabe;35;47;118;Mejorable / Hobetzeko modukoa;101;37;57;Muy buena / Oso ona;21;Muy buena / Oso ona;5;Muy buena / Oso ona;Mejorable / Hobetzeko modukoa
25/01/2017;0,42;0,66;Muy buena / Oso ona;69;63;100;Buena / Ona;169;14;41;Muy buena / Oso ona;25;Muy buena / Oso ona;7;Muy buena / Oso ona;Buena / Ona
24/01/2017;0,44;0,55;Muy buena / Oso ona;83;71;113;Mejorable / Hobetzeko modukoa;197;13;30;Muy buena / Oso ona;32;Buena / Ona;6;Muy buena / Oso ona;Mejorable / Hobetzeko modukoa
23/01/2017;0,37;0,62;Muy buena / Oso ona;69;66;104;Mejorable / Hobetzeko modukoa;173;25;38;Muy buena / Oso ona;27;Buena / Ona;4;Muy buena / Oso ona;Mejorable / Hobetzeko modukoa
22/01/2017;0,36;0,57;Muy buena / Oso ona;34;53;87;Buena / Ona;105;18;34;Muy buena / Oso ona;24;Muy buena / Oso ona;7;Muy buena / Oso ona;Buena / Ona
21/01/2017;0,44;0,52;Muy buena / Oso ona;78;58;88;Buena / Ona;177;8;13;Muy buena / Oso ona;31;Buena / Ona;13;Muy buena / Oso ona;Buena / Ona
20/01/2017;0,4;0,46;Muy buena / Oso ona;99;60;98;Buena / Ona;211;6;10;Muy buena / Oso ona;32;Buena / Ona;6;Muy buena / Oso ona;Buena / Ona
19/01/2017;0,26;0,56;Muy buena / Oso ona;35;49;73;Buena / Ona;103;14;24;Muy buena / Oso ona;21;Muy buena / Oso ona;1;Muy buena / Oso ona;Buena / Ona
18/01/2017;0,43;0,66;Muy buena / Oso ona;31;46;86;Buena / Ona;94;25;57;Muy buena / Oso ona;18;Muy buena / Oso ona;1;Muy buena / Oso ona;Buena / Ona
17/01/2017;0,23;0,33;Muy buena / Oso ona;17;36;78;Buena / Ona;62;45;66;Buena / Ona;11;Muy buena / Oso ona;1;Muy buena / Oso ona;Buena / Ona
16/01/2017;0,17;0,2;Muy buena / Oso ona;7;35;73;Buena / Ona;45;54;81;Buena / Ona;12;Muy buena / Oso ona;2;Muy buena / Oso ona;Buena / Ona
15/01/2017;0,15;0,18;Muy buena / Oso ona;2;30;57;Buena / Ona;33;59;65;Buena / Ona;11;Muy buena / Oso ona;2;Muy buena / Oso ona;Buena / Ona
14/01/2017;;;Sin datos / Daturik gabe;18;48;87;Buena / Ona;75;41;58;Muy buena / Oso ona;10;Muy buena / Oso ona;3;Muy buena / Oso ona;Buena / Ona
13/01/2017;;;Sin datos / Daturik gabe;15;42;88;Buena / Ona;64;50;80;Buena / Ona;14;Muy buena / Oso ona;3;Muy buena / Oso ona;Buena / Ona
12/01/2017;0,36;0,5;Muy buena / Oso ona;56;49;84;Buena / Ona;134;18;34;Muy buena / Oso ona;23;Muy buena / Oso ona;4;Muy buena / Oso ona;Buena / Ona
11/01/2017;;;Sin datos / Daturik gabe;23;53;87;Buena / Ona;87;30;68;Buena / Ona;10;Muy buena / Oso ona;2;Muy buena / Oso ona;Buena / Ona
10/01/2017;;;Sin datos / Daturik gabe;19;51;77;Buena / Ona;80;32;52;Muy buena / Oso ona;14;Muy buena / Oso ona;2;Muy buena / Oso ona;Buena / Ona
09/01/2017;0,37;;Sin datos / Daturik gabe;97;65;105;Mejorable / Hobetzeko modukoa;213;8;18;Muy buena / Oso ona;24;Muy buena / Oso ona;6;Muy buena / Oso ona;Mejorable / Hobetzeko modukoa
08/01/2017;0,35;0,48;Muy buena / Oso ona;74;62;90;Buena / Ona;175;7;13;Muy buena / Oso ona;27;Buena / Ona;11;Muy buena / Oso ona;Buena / Ona
07/01/2017;0,4;0,47;Muy buena / Oso ona;98;60;95;Buena / Ona;210;6;10;Muy buena / Oso ona;31;Buena / Ona;10;Muy buena / Oso ona;Buena / Ona
06/01/2017;0,37;0,43;Muy buena / Oso ona;59;50;74;Buena / Ona;140;11;24;Muy buena / Oso ona;28;Buena / Ona;8;Muy buena / Oso ona;Buena / Ona
05/01/2017;0,34;0,45;Muy buena / Oso ona;72;58;95;Buena / Ona;168;11;27;Muy buena / Oso ona;34;Buena / Ona;7;Muy buena / Oso ona;Buena / Ona
04/01/2017;0,46;0,64;Muy buena / Oso ona;134;52;81;Buena / Ona;257;5;8;Muy buena / Oso ona;39;Buena / Ona;14;Muy buena / Oso ona;Buena / Ona
03/01/2017;0,51;0,66;Muy buena / Oso ona;122;55;88;Buena / Ona;241;5;7;Muy buena / Oso ona;35;Buena / Ona;11;Muy buena / Oso ona;Buena / Ona
02/01/2017;0,33;;Sin datos / Daturik gabe;49;48;68;Buena / Ona;123;15;30;Muy buena / Oso ona;18;Muy buena / Oso ona;4;Muy buena / Oso ona;Buena / Ona
01/01/2017;0,26;0,37;Muy buena / Oso ona;40;42;61;Buena / Ona;103;8;15;Muy buena / Oso ona;17;Muy buena / Oso ona;5;Muy buena / Oso ona;Buena / Ona
