Date;NO (µg/m3);NO2 (µg/m3);NO2 max (µg/m3);NO2 - ICA;NOX (µg/m3);O3 (µg/m3);O3 8h max (µg/m3);O3 8h max - ICA;PM10 (µg/m3);PM10 - ICA;PM2,5 (µg/m3);PM2,5 - ICA;D.vien (grados);H (%);P (mBar);Precipitación (l/m2);R (w/m2);R.UVA (w/m2);Tº (ºC);V.vien (m/s);ICA Estación
28/10/2017;;;;Sin datos / Daturik gabe;3;68;81;Buena / Ona;12;Muy buena / Oso ona;8;Muy buena / Oso ona;264;84;1020;0;37,4;9;15,3;0,31;Buena / Ona
27/10/2017;;;;Sin datos / Daturik gabe;7;63;79;Buena / Ona;19;Muy buena / Oso ona;11;Muy buena / Oso ona;275;87;1021,6;0;38,8;9,8;16,1;0,58;Buena / Ona
26/10/2017;;;;Sin datos / Daturik gabe;9;70;85;Buena / Ona;20;Muy buena / Oso ona;10;Muy buena / Oso ona;213;63;1015,4;0;259,8;17,2;19,2;1,23;Buena / Ona
25/10/2017;;;;Sin datos / Daturik gabe;16;51;60;Muy buena / Oso ona;21;Muy buena / Oso ona;8;Muy buena / Oso ona;253;74;1011,4;0;268,7;16,9;16,8;0,51;Muy buena / Oso ona
24/10/2017;;;;Sin datos / Daturik gabe;14;51;57;Muy buena / Oso ona;16;Muy buena / Oso ona;6;Muy buena / Oso ona;213;71;1012,7;0;242;17,7;15,4;1,01;Muy buena / Oso ona
23/10/2017;;;;Sin datos / Daturik gabe;7;54;72;Buena / Ona;12;Muy buena / Oso ona;4;Muy buena / Oso ona;163;84;1016,4;0;276,8;17,5;13,3;0,82;Buena / Ona
22/10/2017;;;;Sin datos / Daturik gabe;3;61;72;Buena / Ona;8;Muy buena / Oso ona;2;Muy buena / Oso ona;206;91;1018,3;0,1;49,2;9,8;12,7;1,04;Buena / Ona
21/10/2017;;;;Sin datos / Daturik gabe;3;72;77;Buena / Ona;16;Muy buena / Oso ona;8;Muy buena / Oso ona;272;72;1013,5;0;79;12,3;16,8;2,4;Buena / Ona
20/10/2017;1;8;15;Muy buena / Oso ona;11;51;62;Buena / Ona;13;Muy buena / Oso ona;6;Muy buena / Oso ona;175;68;1005,4;0;228,4;19,5;18,8;1,48;Buena / Ona
19/10/2017;1;7;14;Muy buena / Oso ona;9;52;65;Buena / Ona;10;Muy buena / Oso ona;5;Muy buena / Oso ona;168;77;1001;0;223,8;18,2;16,2;1,3;Buena / Ona
18/10/2017;1;6;16;Muy buena / Oso ona;8;57;65;Buena / Ona;14;Muy buena / Oso ona;12;Muy buena / Oso ona;189;85;1000,1;0,1;17,8;4,5;15,6;1,12;Buena / Ona
17/10/2017;1;3;7;Muy buena / Oso ona;5;66;81;Buena / Ona;28;Buena / Ona;13;Muy buena / Oso ona;176;71;1005,2;0;136,9;17,3;20,3;2,84;Buena / Ona
16/10/2017;1;2;6;Muy buena / Oso ona;4;78;82;Buena / Ona;26;Buena / Ona;11;Muy buena / Oso ona;186;66;1010,4;0;233,1;20,6;22;3,19;Buena / Ona
15/10/2017;1;2;4;Muy buena / Oso ona;4;74;81;Buena / Ona;22;Muy buena / Oso ona;10;Muy buena / Oso ona;175;50;1009,4;0;230,8;23,4;25,7;6,56;Buena / Ona
14/10/2017;1;3;5;Muy buena / Oso ona;5;70;77;Buena / Ona;30;Buena / Ona;17;Buena / Ona;183;80;1012;0;265,3;24,6;20;1,26;Buena / Ona
13/10/2017;2;6;21;Muy buena / Oso ona;9;64;78;Buena / Ona;31;Buena / Ona;17;Buena / Ona;260;82;1013,4;0;248,6;24,2;17,8;0,56;Buena / Ona
12/10/2017;1;3;7;Muy buena / Oso ona;5;59;85;Buena / Ona;18;Muy buena / Oso ona;11;Muy buena / Oso ona;257;89;1014,1;0;276,1;24,2;16,1;0,3;Buena / Ona
11/10/2017;1;4;9;Muy buena / Oso ona;6;62;80;Buena / Ona;15;Muy buena / Oso ona;7;Muy buena / Oso ona;200;74;1010,3;0;237,6;20,9;17,8;1,76;Buena / Ona
10/10/2017;1;4;11;Muy buena / Oso ona;7;51;;Sin datos / Daturik gabe;12;Muy buena / Oso ona;8;Muy buena / Oso ona;216;92;1010,1;0;203,9;16,1;14,7;0,55;Muy buena / Oso ona
09/10/2017;1;2;8;Muy buena / Oso ona;5;56;73;Buena / Ona;10;Muy buena / Oso ona;4;Muy buena / Oso ona;200;83;1011,9;0;314,3;29,8;14,5;0,52;Buena / Ona
08/10/2017;1;2;4;Muy buena / Oso ona;4;63;85;Buena / Ona;11;Muy buena / Oso ona;5;Muy buena / Oso ona;201;80;1012,7;0;322,9;30,2;13,9;0,52;Buena / Ona
07/10/2017;1;2;6;Muy buena / Oso ona;4;58;81;Buena / Ona;10;Muy buena / Oso ona;4;Muy buena / Oso ona;180;79;1014,4;0;326,5;31,7;13,6;0,4;Buena / Ona
06/10/2017;1;1;4;Muy buena / Oso ona;3;61;80;Buena / Ona;10;Muy buena / Oso ona;3;Muy buena / Oso ona;319;87;1015,9;0;34,7;10,7;15,8;0,95;Buena / Ona
05/10/2017;1;4;11;Muy buena / Oso ona;6;53;82;Buena / Ona;14;Muy buena / Oso ona;5;Muy buena / Oso ona;333;92;1014,1;0;92,2;22,1;18,6;0,87;Buena / Ona
04/10/2017;1;3;6;Muy buena / Oso ona;5;30;42;Muy buena / Oso ona;11;Muy buena / Oso ona;6;Muy buena / Oso ona;327;94;1012,9;0;129,6;21,7;18,4;0,13;Muy buena / Oso ona
03/10/2017;2;4;9;Muy buena / Oso ona;7;20;31;Muy buena / Oso ona;7;Muy buena / Oso ona;4;Muy buena / Oso ona;360;99;1013,5;0;71,6;18,5;18,2;0,4;Muy buena / Oso ona
02/10/2017;1;3;6;Muy buena / Oso ona;5;45;59;Muy buena / Oso ona;6;Muy buena / Oso ona;7;Muy buena / Oso ona;249;97;1014,4;0;34,6;13;18,5;0,36;Muy buena / Oso ona
01/10/2017;1;2;6;Muy buena / Oso ona;4;46;58;Muy buena / Oso ona;9;Muy buena / Oso ona;5;Muy buena / Oso ona;246;91;1013;0;21,6;8,3;17,5;1,02;Muy buena / Oso ona
30/09/2017;1;0;3;Muy buena / Oso ona;2;63;74;Buena / Ona;7;Muy buena / Oso ona;2;Muy buena / Oso ona;2;96;1012,3;0,1;28,9;9,2;15,7;0,18;Buena / Ona
29/09/2017;1;5;11;Muy buena / Oso ona;7;71;101;Mejorable / Hobetzeko modukoa;20;Muy buena / Oso ona;13;Muy buena / Oso ona;246;84;1011;0;270,9;30,3;19;0,69;Mejorable / Hobetzeko modukoa
28/09/2017;1;8;17;Muy buena / Oso ona;10;73;94;Buena / Ona;18;Muy buena / Oso ona;12;Muy buena / Oso ona;237;77;1010,2;0;296,1;37;20;0,28;Buena / Ona
27/09/2017;2;5;12;Muy buena / Oso ona;8;58;74;Buena / Ona;13;Muy buena / Oso ona;6;Muy buena / Oso ona;172;83;1008,9;0;338,3;39,7;17,6;0,73;Buena / Ona
26/09/2017;1;3;12;Muy buena / Oso ona;5;49;64;Buena / Ona;10;Muy buena / Oso ona;5;Muy buena / Oso ona;166;88;1011,4;0;226,1;31,4;16,7;0,28;Buena / Ona
25/09/2017;1;1;7;Muy buena / Oso ona;3;59;84;Buena / Ona;8;Muy buena / Oso ona;5;Muy buena / Oso ona;251;89;1011,9;0,1;67;16;17,2;1,04;Buena / Ona
24/09/2017;1;2;5;Muy buena / Oso ona;4;76;91;Buena / Ona;16;Muy buena / Oso ona;10;Muy buena / Oso ona;307;85;1008,4;0;302;35,6;18,5;0,77;Buena / Ona
23/09/2017;1;3;7;Muy buena / Oso ona;5;62;88;Buena / Ona;14;Muy buena / Oso ona;8;Muy buena / Oso ona;189;81;1008;0;332,8;36,9;19,1;1,08;Buena / Ona
22/09/2017;1;1;7;Muy buena / Oso ona;3;62;70;Buena / Ona;8;Muy buena / Oso ona;3;Muy buena / Oso ona;268;94;1011,4;0,3;49,1;10,9;16,6;0,74;Buena / Ona
21/09/2017;1;6;20;Muy buena / Oso ona;9;60;85;Buena / Ona;14;Muy buena / Oso ona;8;Muy buena / Oso ona;261;81;1008;0;252,3;34,1;17,2;0,77;Buena / Ona
20/09/2017;1;3;7;Muy buena / Oso ona;5;61;81;Buena / Ona;9;Muy buena / Oso ona;4;Muy buena / Oso ona;253;80;1009,7;0;342,2;39,8;15;0,2;Buena / Ona
19/09/2017;1;1;8;Muy buena / Oso ona;4;60;83;Buena / Ona;6;Muy buena / Oso ona;3;Muy buena / Oso ona;291;82;1014,6;0;294,1;32,2;14,7;0,29;Buena / Ona
18/09/2017;1;5;10;Muy buena / Oso ona;7;47;65;Buena / Ona;5;Muy buena / Oso ona;3;Muy buena / Oso ona;220;95;1009,8;0,1;44,4;11,7;14,5;0,3;Buena / Ona
17/09/2017;1;2;10;Muy buena / Oso ona;4;60;73;Buena / Ona;8;Muy buena / Oso ona;3;Muy buena / Oso ona;240;77;1007,8;0;154;27,2;15,1;1;Buena / Ona
16/09/2017;1;4;8;Muy buena / Oso ona;6;54;65;Buena / Ona;5;Muy buena / Oso ona;2;Muy buena / Oso ona;202;90;1006,7;0,2;118,1;12,7;12;1,12;Buena / Ona
15/09/2017;1;5;12;Muy buena / Oso ona;7;49;61;Buena / Ona;7;Muy buena / Oso ona;3;Muy buena / Oso ona;205;89;1007,9;0,2;139,6;20,5;12,8;0,99;Buena / Ona
14/09/2017;1;1;4;Muy buena / Oso ona;4;59;71;Buena / Ona;10;Muy buena / Oso ona;4;Muy buena / Oso ona;269;80;1011,7;0,2;165,9;29,6;16,2;1,44;Buena / Ona
13/09/2017;1;3;8;Muy buena / Oso ona;6;42;54;Muy buena / Oso ona;10;Muy buena / Oso ona;4;Muy buena / Oso ona;250;80;1010,4;0;362,3;50,8;19,3;1,02;Muy buena / Oso ona
12/09/2017;2;2;8;Muy buena / Oso ona;5;57;71;Buena / Ona;8;Muy buena / Oso ona;3;Muy buena / Oso ona;224;82;1008,9;0;220,6;36,9;17,1;0,95;Buena / Ona
11/09/2017;1;0;2;Muy buena / Oso ona;2;61;71;Buena / Ona;11;Muy buena / Oso ona;5;Muy buena / Oso ona;277;86;1004,4;0,3;108,8;24,3;17,4;2,65;Buena / Ona
10/09/2017;1;1;6;Muy buena / Oso ona;3;64;72;Buena / Ona;12;Muy buena / Oso ona;3;Muy buena / Oso ona;274;77;1003,8;0;116,9;27,4;17,2;1,95;Buena / Ona
09/09/2017;1;0;3;Muy buena / Oso ona;2;66;69;Buena / Ona;8;Muy buena / Oso ona;3;Muy buena / Oso ona;275;81;1000,1;0,3;146,5;25;16,4;2,71;Buena / Ona
08/09/2017;1;4;10;Muy buena / Oso ona;7;55;76;Buena / Ona;12;Muy buena / Oso ona;7;Muy buena / Oso ona;154;77;1004,8;0;289,3;39,3;17,7;0,25;Buena / Ona
07/09/2017;1;3;12;Muy buena / Oso ona;6;50;66;Buena / Ona;14;Muy buena / Oso ona;7;Muy buena / Oso ona;261;77;1012,1;0;108,7;19,1;17,5;0,55;Buena / Ona
06/09/2017;1;1;5;Muy buena / Oso ona;3;59;65;Buena / Ona;12;Muy buena / Oso ona;5;Muy buena / Oso ona;326;84;1016;0;72,6;22,3;18,4;0,92;Buena / Ona
05/09/2017;1;3;10;Muy buena / Oso ona;5;47;65;Buena / Ona;7;Muy buena / Oso ona;4;Muy buena / Oso ona;323;86;1012,8;0;305,6;49,4;19,7;0,35;Buena / Ona
04/09/2017;1;2;9;Muy buena / Oso ona;4;39;53;Muy buena / Oso ona;5;Muy buena / Oso ona;4;Muy buena / Oso ona;256;85;1007,2;0;242,7;45,3;19,6;0,92;Muy buena / Oso ona
03/09/2017;1;2;6;Muy buena / Oso ona;4;53;78;Buena / Ona;10;Muy buena / Oso ona;6;Muy buena / Oso ona;214;78;1005,1;0;199,5;42,1;18,5;0,35;Buena / Ona
02/09/2017;1;1;7;Muy buena / Oso ona;3;63;77;Buena / Ona;8;Muy buena / Oso ona;4;Muy buena / Oso ona;300;77;1013,4;0;316,5;46,7;17,2;0,27;Buena / Ona
01/09/2017;1;2;9;Muy buena / Oso ona;4;55;71;Buena / Ona;13;Muy buena / Oso ona;5;Muy buena / Oso ona;254;82;1013,1;0;208,8;33,8;17;1,03;Buena / Ona
31/08/2017;1;2;8;Muy buena / Oso ona;4;54;73;Buena / Ona;6;Muy buena / Oso ona;2;Muy buena / Oso ona;296;86;1011,6;0;188,8;34,6;16,7;0,36;Buena / Ona
30/08/2017;1;3;7;Muy buena / Oso ona;5;51;63;Buena / Ona;11;Muy buena / Oso ona;;Sin datos / Daturik gabe;315;92;1005,2;0,2;125,3;21,4;18,9;0,64;Buena / Ona
29/08/2017;1;4;8;Muy buena / Oso ona;6;59;79;Buena / Ona;9;Muy buena / Oso ona;5;Muy buena / Oso ona;202;89;1003,8;0;304,8;46,4;19,8;0,05;Buena / Ona
28/08/2017;1;5;9;Muy buena / Oso ona;7;50;66;Buena / Ona;15;Muy buena / Oso ona;7;Muy buena / Oso ona;170;75;1004;0;67,5;21,4;22,2;2,17;Buena / Ona
27/08/2017;1;3;7;Muy buena / Oso ona;5;40;49;Muy buena / Oso ona;11;Muy buena / Oso ona;3;Muy buena / Oso ona;176;84;1003,9;0;56,3;15,4;21,3;1,45;Muy buena / Oso ona
26/08/2017;1;1;2;Muy buena / Oso ona;3;50;58;Muy buena / Oso ona;7;Muy buena / Oso ona;;Sin datos / Daturik gabe;352;88;1004,1;0;214,3;39;20,8;0,59;Muy buena / Oso ona
25/08/2017;1;1;2;Muy buena / Oso ona;3;51;61;Buena / Ona;7;Muy buena / Oso ona;3;Muy buena / Oso ona;347;86;1005,8;0;145,8;31,8;20,3;0,72;Buena / Ona
24/08/2017;1;1;7;Muy buena / Oso ona;3;50;58;Muy buena / Oso ona;12;Muy buena / Oso ona;5;Muy buena / Oso ona;337;88;1006,4;0;163,5;38,9;20,6;0,87;Muy buena / Oso ona
23/08/2017;1;1;4;Muy buena / Oso ona;3;56;68;Buena / Ona;17;Muy buena / Oso ona;8;Muy buena / Oso ona;104;83;1008;0;85,4;26,8;20,4;0,19;Buena / Ona
22/08/2017;1;3;13;Muy buena / Oso ona;5;79;104;Mejorable / Hobetzeko modukoa;22;Muy buena / Oso ona;10;Muy buena / Oso ona;283;68;1005,6;0;358,6;56,5;23,5;1,57;Mejorable / Hobetzeko modukoa
21/08/2017;1;4;9;Muy buena / Oso ona;6;84;116;Mejorable / Hobetzeko modukoa;14;Muy buena / Oso ona;6;Muy buena / Oso ona;356;65;1006,8;0;436,5;65,2;22,4;0,67;Mejorable / Hobetzeko modukoa
20/08/2017;1;1;5;Muy buena / Oso ona;3;55;65;Buena / Ona;11;Muy buena / Oso ona;4;Muy buena / Oso ona;133;77;1014,6;0;379,6;63,2;17,8;0,28;Buena / Ona
19/08/2017;1;0;1;Muy buena / Oso ona;2;62;69;Buena / Ona;10;Muy buena / Oso ona;4;Muy buena / Oso ona;21;78;1013,8;0;326,9;56,8;19,5;0,53;Buena / Ona
18/08/2017;1;2;6;Muy buena / Oso ona;4;55;71;Buena / Ona;8;Muy buena / Oso ona;;Sin datos / Daturik gabe;285;88;1010,8;0;134,6;30,1;19,8;0,28;Buena / Ona
17/08/2017;1;4;7;Muy buena / Oso ona;6;57;78;Buena / Ona;11;Muy buena / Oso ona;6;Muy buena / Oso ona;340;82;1010,2;0;427,3;63,7;20,1;0,72;Buena / Ona
16/08/2017;1;1;5;Muy buena / Oso ona;3;46;54;Muy buena / Oso ona;5;Muy buena / Oso ona;1;Muy buena / Oso ona;341;85;1011,8;0;306,6;53,4;20;0,75;Muy buena / Oso ona
15/08/2017;1;1;2;Muy buena / Oso ona;3;49;67;Buena / Ona;11;Muy buena / Oso ona;6;Muy buena / Oso ona;322;88;1009,5;0;53;16,6;19,9;0,9;Buena / Ona
14/08/2017;1;4;10;Muy buena / Oso ona;6;58;85;Buena / Ona;14;Muy buena / Oso ona;7;Muy buena / Oso ona;289;82;1003,7;0,1;339,1;53,1;21;0,55;Buena / Ona
13/08/2017;1;2;4;Muy buena / Oso ona;4;55;64;Buena / Ona;9;Muy buena / Oso ona;5;Muy buena / Oso ona;304;82;1009,6;0;339;56,1;18,8;0,07;Buena / Ona
12/08/2017;1;1;3;Muy buena / Oso ona;3;57;70;Buena / Ona;7;Muy buena / Oso ona;4;Muy buena / Oso ona;346;78;1013,5;0;447,4;64,9;17,3;0,25;Buena / Ona
11/08/2017;1;3;11;Muy buena / Oso ona;5;62;76;Buena / Ona;13;Muy buena / Oso ona;6;Muy buena / Oso ona;315;74;1015,2;0;339,4;49,3;17;0,84;Buena / Ona
10/08/2017;1;0;2;Muy buena / Oso ona;2;73;76;Buena / Ona;12;Muy buena / Oso ona;4;Muy buena / Oso ona;282;77;1015,8;0;100,7;23,8;17,1;2,07;Buena / Ona
09/08/2017;1;1;6;Muy buena / Oso ona;3;68;76;Buena / Ona;7;Muy buena / Oso ona;2;Muy buena / Oso ona;273;78;1011,7;0,1;212,8;36,3;16,4;1,88;Buena / Ona
08/08/2017;1;1;3;Muy buena / Oso ona;3;64;76;Buena / Ona;7;Muy buena / Oso ona;2;Muy buena / Oso ona;266;79;1009,1;0,1;176,4;31;17,3;1,59;Buena / Ona
07/08/2017;1;4;16;Muy buena / Oso ona;6;64;77;Buena / Ona;16;Muy buena / Oso ona;7;Muy buena / Oso ona;288;82;1005,2;0;214,9;43,7;19,7;1,65;Buena / Ona
06/08/2017;1;0;2;Muy buena / Oso ona;2;71;80;Buena / Ona;11;Muy buena / Oso ona;4;Muy buena / Oso ona;1;69;1012,1;0;380,6;69,7;19,8;2,07;Buena / Ona
05/08/2017;1;0;0;Muy buena / Oso ona;2;57;62;Buena / Ona;7;Muy buena / Oso ona;1;Muy buena / Oso ona;349;93;1011,2;0,2;43,6;17,9;18,9;2,31;Buena / Ona
04/08/2017;1;2;5;Muy buena / Oso ona;4;56;67;Buena / Ona;12;Muy buena / Oso ona;4;Muy buena / Oso ona;349;78;1007,8;0;419,1;74,6;23,2;0,64;Buena / Ona
03/08/2017;1;2;4;Muy buena / Oso ona;4;55;64;Buena / Ona;10;Muy buena / Oso ona;4;Muy buena / Oso ona;340;85;1008,6;0;418,6;80,6;20,8;1,11;Buena / Ona
02/08/2017;1;1;5;Muy buena / Oso ona;3;49;60;Muy buena / Oso ona;9;Muy buena / Oso ona;4;Muy buena / Oso ona;346;82;1008,3;0;418,2;72,1;20,3;0,86;Muy buena / Oso ona
01/08/2017;2;1;2;Muy buena / Oso ona;4;47;58;Muy buena / Oso ona;9;Muy buena / Oso ona;4;Muy buena / Oso ona;313;85;1006,7;0;139,9;42,5;19,5;0,07;Muy buena / Oso ona
31/07/2017;1;1;3;Muy buena / Oso ona;3;47;54;Muy buena / Oso ona;9;Muy buena / Oso ona;3;Muy buena / Oso ona;313;90;1003,6;0;35,5;13,2;18,6;0,81;Muy buena / Oso ona
30/07/2017;1;1;3;Muy buena / Oso ona;3;49;55;Muy buena / Oso ona;11;Muy buena / Oso ona;4;Muy buena / Oso ona;306;83;1005,2;0;44,3;18,6;20,2;0,77;Muy buena / Oso ona
29/07/2017;1;3;6;Muy buena / Oso ona;5;55;76;Buena / Ona;15;Muy buena / Oso ona;5;Muy buena / Oso ona;348;75;1005,2;0;444,3;76;21,7;0,55;Buena / Ona
28/07/2017;1;1;5;Muy buena / Oso ona;3;49;58;Muy buena / Oso ona;6;Muy buena / Oso ona;3;Muy buena / Oso ona;337;86;1008,1;0;241,5;57,7;20,1;0,42;Muy buena / Oso ona
27/07/2017;1;3;11;Muy buena / Oso ona;6;56;84;Buena / Ona;17;Muy buena / Oso ona;;Sin datos / Daturik gabe;337;88;1006,1;0;393;78,3;19,4;0,8;Buena / Ona
26/07/2017;1;4;10;Muy buena / Oso ona;6;63;84;Buena / Ona;14;Muy buena / Oso ona;8;Muy buena / Oso ona;357;82;1007,7;;380,8;78,2;18,3;0,51;Buena / Ona
25/07/2017;1;0;2;Muy buena / Oso ona;2;59;67;Buena / Ona;11;Muy buena / Oso ona;4;Muy buena / Oso ona;272;81;1011,3;;108,9;27,2;17,9;1,02;Buena / Ona
24/07/2017;1;0;2;Muy buena / Oso ona;2;46;52;Muy buena / Oso ona;7;Muy buena / Oso ona;1;Muy buena / Oso ona;286;89;1012,3;;137,6;42,2;18,4;2,52;Muy buena / Oso ona
23/07/2017;1;3;9;Muy buena / Oso ona;5;47;65;Buena / Ona;13;Muy buena / Oso ona;6;Muy buena / Oso ona;299;77;1011,1;;329,4;66,7;19,3;0,94;Buena / Ona
22/07/2017;1;2;6;Muy buena / Oso ona;4;47;63;Buena / Ona;11;Muy buena / Oso ona;5;Muy buena / Oso ona;294;81;1006,9;;206;45,6;18,2;0,71;Buena / Ona
21/07/2017;1;4;9;Muy buena / Oso ona;6;32;48;Muy buena / Oso ona;;Sin datos / Daturik gabe;4;Muy buena / Oso ona;233;92;1004,2;;76,3;30,5;16,5;0,37;Muy buena / Oso ona
20/07/2017;1;2;5;Muy buena / Oso ona;4;46;59;Muy buena / Oso ona;7;Muy buena / Oso ona;3;Muy buena / Oso ona;267;92;1004,2;0;75,4;34,4;16,9;0,76;Muy buena / Oso ona
19/07/2017;1;2;6;Muy buena / Oso ona;4;69;90;Buena / Ona;22;Muy buena / Oso ona;9;Muy buena / Oso ona;329;84;1004,2;0;213,3;34,4;20,4;0,57;Buena / Ona
18/07/2017;1;3;6;Muy buena / Oso ona;5;85;99;Buena / Ona;25;Muy buena / Oso ona;14;Muy buena / Oso ona;223;76;1004,2;0;324,3;34,4;23,1;0,89;Buena / Ona
17/07/2017;1;7;20;Muy buena / Oso ona;10;87;116;Mejorable / Hobetzeko modukoa;21;Muy buena / Oso ona;11;Muy buena / Oso ona;315;81;1004,8;0;321,9;30;22,6;0,36;Mejorable / Hobetzeko modukoa
16/07/2017;1;1;3;Muy buena / Oso ona;3;72;99;Buena / Ona;15;Muy buena / Oso ona;8;Muy buena / Oso ona;331;83;1010,5;0;440,3;79,9;20,1;0,6;Buena / Ona
15/07/2017;1;0;1;Muy buena / Oso ona;2;59;74;Buena / Ona;7;Muy buena / Oso ona;4;Muy buena / Oso ona;360;81;1013,3;0;229,3;50,5;19,2;1,04;Buena / Ona
14/07/2017;1;1;4;Muy buena / Oso ona;3;52;74;Buena / Ona;6;Muy buena / Oso ona;3;Muy buena / Oso ona;11;81;1013,6;0;269,2;67,2;19,4;1,36;Buena / Ona
13/07/2017;1;2;6;Muy buena / Oso ona;4;39;49;Muy buena / Oso ona;6;Muy buena / Oso ona;3;Muy buena / Oso ona;349;86;1012,8;0;99,3;41,2;18,9;1,58;Muy buena / Oso ona
12/07/2017;1;4;11;Muy buena / Oso ona;7;42;56;Muy buena / Oso ona;11;Muy buena / Oso ona;6;Muy buena / Oso ona;339;83;1011;0;130,2;44,7;19,2;0,8;Muy buena / Oso ona
11/07/2017;1;2;7;Muy buena / Oso ona;4;47;61;Buena / Ona;7;Muy buena / Oso ona;3;Muy buena / Oso ona;350;86;1007,2;0;379,4;77,6;18,6;0,91;Buena / Ona
10/07/2017;1;1;5;Muy buena / Oso ona;3;40;54;Muy buena / Oso ona;7;Muy buena / Oso ona;4;Muy buena / Oso ona;279;88;1006,8;0;206,7;55,4;18,5;1,02;Muy buena / Oso ona
09/07/2017;1;0;2;Muy buena / Oso ona;2;65;82;Buena / Ona;14;Muy buena / Oso ona;10;Muy buena / Oso ona;287;82;1005,5;0;364,3;78,3;19,4;1,96;Buena / Ona
08/07/2017;1;1;3;Muy buena / Oso ona;3;66;84;Buena / Ona;13;Muy buena / Oso ona;7;Muy buena / Oso ona;294;89;1007,4;0;198,9;55,3;19,3;1,65;Buena / Ona
07/07/2017;1;2;8;Muy buena / Oso ona;5;51;60;Muy buena / Oso ona;16;Muy buena / Oso ona;8;Muy buena / Oso ona;317;88;1007,9;0;294,9;69,6;19,9;1,18;Muy buena / Oso ona
06/07/2017;1;3;6;Muy buena / Oso ona;5;62;76;Buena / Ona;15;Muy buena / Oso ona;;Sin datos / Daturik gabe;341;84;1006;0;192,6;42,7;19,3;0,85;Buena / Ona
05/07/2017;1;2;6;Muy buena / Oso ona;4;77;100;Buena / Ona;19;Muy buena / Oso ona;9;Muy buena / Oso ona;257;68;1002,6;0;417,8;80,7;22,6;0,89;Buena / Ona
04/07/2017;1;3;6;Muy buena / Oso ona;5;62;108;Mejorable / Hobetzeko modukoa;12;Muy buena / Oso ona;4;Muy buena / Oso ona;343;79;1004,6;0;449,6;87;21,6;0,96;Mejorable / Hobetzeko modukoa
03/07/2017;1;1;6;Muy buena / Oso ona;4;30;45;Muy buena / Oso ona;6;Muy buena / Oso ona;2;Muy buena / Oso ona;34;87;1014,2;0;334,6;78,1;17,3;0,26;Muy buena / Oso ona
02/07/2017;1;2;6;Muy buena / Oso ona;4;48;64;Buena / Ona;10;Muy buena / Oso ona;6;Muy buena / Oso ona;339;87;1017,7;0;280,7;59,8;16,2;0,55;Buena / Ona
01/07/2017;1;0;0;Muy buena / Oso ona;2;61;71;Buena / Ona;11;Muy buena / Oso ona;3;Muy buena / Oso ona;282;81;1015,4;0,1;106,6;34,7;15,1;3,1;Buena / Ona
30/06/2017;1;1;8;Muy buena / Oso ona;3;65;72;Buena / Ona;12;Muy buena / Oso ona;4;Muy buena / Oso ona;261;79;1007;0,1;139,8;37,2;15,1;2,81;Buena / Ona
29/06/2017;1;0;2;Muy buena / Oso ona;2;65;70;Buena / Ona;12;Muy buena / Oso ona;4;Muy buena / Oso ona;267;65;1000,6;0;323,1;58,8;16,6;3,09;Buena / Ona
28/06/2017;1;3;9;Muy buena / Oso ona;5;52;68;Buena / Ona;12;Muy buena / Oso ona;5;Muy buena / Oso ona;260;77;996,3;0,1;307,8;56,8;18,3;2,69;Buena / Ona
27/06/2017;1;3;7;Muy buena / Oso ona;5;46;61;Buena / Ona;10;Muy buena / Oso ona;;Sin datos / Daturik gabe;250;84;999,3;0,1;135,3;27,5;18,7;0,74;Buena / Ona
26/06/2017;1;2;9;Muy buena / Oso ona;5;42;56;Muy buena / Oso ona;11;Muy buena / Oso ona;;Sin datos / Daturik gabe;256;84;1000,7;0;298,3;52,6;20,6;1,12;Muy buena / Oso ona
25/06/2017;1;0;2;Muy buena / Oso ona;2;44;58;Muy buena / Oso ona;10;Muy buena / Oso ona;;Sin datos / Daturik gabe;168;85;1007,3;0;181,8;55,6;19,4;0,14;Muy buena / Oso ona
24/06/2017;1;1;3;Muy buena / Oso ona;3;46;58;Muy buena / Oso ona;13;Muy buena / Oso ona;;Sin datos / Daturik gabe;293;89;1012,2;0;76,8;23,6;18,7;0,38;Muy buena / Oso ona
23/06/2017;1;2;6;Muy buena / Oso ona;4;47;71;Buena / Ona;18;Muy buena / Oso ona;;Sin datos / Daturik gabe;325;90;1013,4;0;85,2;37,1;18,9;0,43;Buena / Ona
22/06/2017;1;1;4;Muy buena / Oso ona;3;73;121;Mejorable / Hobetzeko modukoa;22;Muy buena / Oso ona;12;Muy buena / Oso ona;281;88;1008,9;0;64,9;27,5;19,7;2,14;Mejorable / Hobetzeko modukoa
21/06/2017;1;7;11;Muy buena / Oso ona;9;118;154;Mala / Txarra;23;Muy buena / Oso ona;;Sin datos / Daturik gabe;209;65;1004,3;0;404,7;84,9;25,9;0,02;Mala / Txarra
20/06/2017;1;5;10;Muy buena / Oso ona;7;102;120;Mejorable / Hobetzeko modukoa;19;Muy buena / Oso ona;15;Muy buena / Oso ona;357;64;1005,4;0;297,9;65,1;24,5;0,05;Mejorable / Hobetzeko modukoa
19/06/2017;1;4;11;Muy buena / Oso ona;6;107;127;Mejorable / Hobetzeko modukoa;18;Muy buena / Oso ona;11;Muy buena / Oso ona;178;56;1003,1;0;411,8;88,2;26,8;2,04;Mejorable / Hobetzeko modukoa
18/06/2017;1;2;4;Muy buena / Oso ona;4;94;115;Mejorable / Hobetzeko modukoa;16;Muy buena / Oso ona;9;Muy buena / Oso ona;325;74;1004,6;0;480,8;87,5;21,3;0,53;Mejorable / Hobetzeko modukoa
17/06/2017;1;1;4;Muy buena / Oso ona;3;70;97;Buena / Ona;17;Muy buena / Oso ona;7;Muy buena / Oso ona;327;85;1011;0;464,3;87,3;19;0,36;Buena / Ona
16/06/2017;1;1;5;Muy buena / Oso ona;3;52;59;Muy buena / Oso ona;13;Muy buena / Oso ona;8;Muy buena / Oso ona;30;89;1014,8;0;74,7;30,7;18,1;0,12;Muy buena / Oso ona
15/06/2017;1;1;2;Muy buena / Oso ona;3;65;71;Buena / Ona;10;Muy buena / Oso ona;5;Muy buena / Oso ona;283;92;1011,7;0;32,6;13,6;17,5;1,35;Buena / Ona
14/06/2017;1;2;8;Muy buena / Oso ona;4;62;74;Buena / Ona;19;Muy buena / Oso ona;11;Muy buena / Oso ona;314;89;1005,1;0;272,2;69,3;19,7;1,17;Buena / Ona
13/06/2017;1;2;7;Muy buena / Oso ona;4;56;66;Buena / Ona;14;Muy buena / Oso ona;6;Muy buena / Oso ona;311;87;1004,9;0;210,7;58,5;18,5;0,86;Buena / Ona
12/06/2017;1;1;3;Muy buena / Oso ona;3;50;59;Muy buena / Oso ona;12;Muy buena / Oso ona;6;Muy buena / Oso ona;360;88;1009,8;0;101,2;40,5;18;0,57;Muy buena / Oso ona
11/06/2017;1;2;6;Muy buena / Oso ona;4;51;65;Buena / Ona;18;Muy buena / Oso ona;;Sin datos / Daturik gabe;272;86;1009,6;0;323,5;79,5;19;1,31;Buena / Ona
10/06/2017;1;1;4;Muy buena / Oso ona;4;50;72;Buena / Ona;15;Muy buena / Oso ona;8;Muy buena / Oso ona;328;83;1008;0;387,7;88,4;19,4;0,76;Buena / Ona
09/06/2017;1;3;10;Muy buena / Oso ona;5;50;71;Buena / Ona;9;Muy buena / Oso ona;5;Muy buena / Oso ona;21;85;1007,5;0;248,7;59,6;17,1;0,46;Buena / Ona
08/06/2017;1;4;12;Muy buena / Oso ona;6;69;86;Buena / Ona;15;Muy buena / Oso ona;6;Muy buena / Oso ona;237;72;1003,6;0,1;332,8;68,5;19,1;0,86;Buena / Ona
07/06/2017;1;3;8;Muy buena / Oso ona;6;61;76;Buena / Ona;18;Muy buena / Oso ona;6;Muy buena / Oso ona;358;76;1011;0;447,2;69,8;16,2;0,2;Buena / Ona
06/06/2017;1;0;2;Muy buena / Oso ona;2;69;74;Buena / Ona;11;Muy buena / Oso ona;4;Muy buena / Oso ona;279;74;1009,1;0;190,5;46;15,8;2,44;Buena / Ona
05/06/2017;2;5;14;Muy buena / Oso ona;8;59;82;Buena / Ona;9;Muy buena / Oso ona;5;Muy buena / Oso ona;344;81;1005,7;0;467,7;71,6;16,6;0,38;Buena / Ona
04/06/2017;1;1;3;Muy buena / Oso ona;3;49;64;Buena / Ona;6;Muy buena / Oso ona;3;Muy buena / Oso ona;261;93;1010,9;0;35,2;10,7;13,2;0,82;Buena / Ona
03/06/2017;1;1;2;Muy buena / Oso ona;3;53;63;Buena / Ona;8;Muy buena / Oso ona;5;Muy buena / Oso ona;258;94;1010,1;0;37,7;12,8;14,8;0,86;Buena / Ona
02/06/2017;1;2;9;Muy buena / Oso ona;4;65;76;Buena / Ona;12;Muy buena / Oso ona;9;Muy buena / Oso ona;270;93;1008,4;0;61,8;19,3;17;1,21;Buena / Ona
01/06/2017;1;3;7;Muy buena / Oso ona;5;70;92;Buena / Ona;11;Muy buena / Oso ona;9;Muy buena / Oso ona;338;85;1008,2;0;414,3;74,3;18,5;0,78;Buena / Ona
31/05/2017;1;0;3;Muy buena / Oso ona;2;56;67;Buena / Ona;7;Muy buena / Oso ona;6;Muy buena / Oso ona;354;86;1009,7;0;403,9;70;17,8;1,19;Buena / Ona
30/05/2017;1;1;7;Muy buena / Oso ona;3;62;73;Buena / Ona;5;Muy buena / Oso ona;5;Muy buena / Oso ona;346;89;1009,4;0;205,6;38,9;16,5;0,79;Buena / Ona
29/05/2017;1;2;7;Muy buena / Oso ona;4;70;80;Buena / Ona;10;Muy buena / Oso ona;7;Muy buena / Oso ona;317;96;1005,9;0;65,4;20,3;16,3;0,89;Buena / Ona
28/05/2017;1;3;6;Muy buena / Oso ona;5;72;81;Buena / Ona;17;Muy buena / Oso ona;16;Muy buena / Oso ona;349;90;1003,4;0;116;29,6;17,7;0,46;Buena / Ona
27/05/2017;1;3;6;Muy buena / Oso ona;5;81;97;Buena / Ona;17;Muy buena / Oso ona;15;Muy buena / Oso ona;342;87;1003,6;0;264,8;58,9;18,6;0,85;Buena / Ona
26/05/2017;1;4;15;Muy buena / Oso ona;6;102;124;Mejorable / Hobetzeko modukoa;17;Muy buena / Oso ona;14;Muy buena / Oso ona;230;70;1002,3;0;354;66,9;20,5;0,65;Mejorable / Hobetzeko modukoa
25/05/2017;2;7;20;Muy buena / Oso ona;10;99;129;Mejorable / Hobetzeko modukoa;20;Muy buena / Oso ona;11;Muy buena / Oso ona;254;62;1002,5;0;449,4;79,1;23,8;0,47;Mejorable / Hobetzeko modukoa
24/05/2017;1;2;6;Muy buena / Oso ona;4;80;106;Mejorable / Hobetzeko modukoa;12;Muy buena / Oso ona;8;Muy buena / Oso ona;353;81;1009,1;0;408,6;69,1;18,4;1,2;Mejorable / Hobetzeko modukoa
23/05/2017;1;1;6;Muy buena / Oso ona;3;67;81;Buena / Ona;8;Muy buena / Oso ona;7;Muy buena / Oso ona;19;80;1013,6;0;337,1;67,1;15,5;0,65;Buena / Ona
22/05/2017;1;2;14;Muy buena / Oso ona;4;85;92;Buena / Ona;17;Muy buena / Oso ona;11;Muy buena / Oso ona;279;73;1007,8;0;403,2;68,5;17,8;2,62;Buena / Ona
21/05/2017;1;3;7;Muy buena / Oso ona;5;70;82;Buena / Ona;10;Muy buena / Oso ona;5;Muy buena / Oso ona;219;64;1005,1;0;260,1;53,9;19,3;0,58;Buena / Ona
20/05/2017;1;1;7;Muy buena / Oso ona;3;73;84;Buena / Ona;8;Muy buena / Oso ona;4;Muy buena / Oso ona;356;78;1014,2;0;334;58,5;13,7;0,5;Buena / Ona
19/05/2017;1;1;7;Muy buena / Oso ona;3;73;86;Buena / Ona;7;Muy buena / Oso ona;3;Muy buena / Oso ona;264;74;1011,8;0;266,7;47,4;12,4;1,82;Buena / Ona
18/05/2017;1;1;3;Muy buena / Oso ona;3;77;79;Buena / Ona;6;Muy buena / Oso ona;3;Muy buena / Oso ona;279;87;1008,5;0;106,6;20,4;12,3;2,19;Buena / Ona
17/05/2017;1;5;20;Muy buena / Oso ona;7;73;87;Buena / Ona;8;Muy buena / Oso ona;7;Muy buena / Oso ona;246;83;1008,6;0;56;20,9;16;0,7;Buena / Ona
16/05/2017;1;6;14;Muy buena / Oso ona;8;86;106;Mejorable / Hobetzeko modukoa;10;Muy buena / Oso ona;8;Muy buena / Oso ona;328;65;1013,6;0;305,3;58;18,9;0,51;Mejorable / Hobetzeko modukoa
15/05/2017;1;5;11;Muy buena / Oso ona;7;85;109;Mejorable / Hobetzeko modukoa;11;Muy buena / Oso ona;7;Muy buena / Oso ona;153;62;1015,2;0;323,9;62,8;18,8;0,19;Mejorable / Hobetzeko modukoa
14/05/2017;1;2;4;Muy buena / Oso ona;4;74;83;Buena / Ona;6;Muy buena / Oso ona;4;Muy buena / Oso ona;344;68;1012,8;0;433;60,5;17;0,75;Buena / Ona
13/05/2017;1;1;4;Muy buena / Oso ona;3;73;87;Buena / Ona;5;Muy buena / Oso ona;3;Muy buena / Oso ona;130;73;1004,7;0,1;348,2;54,7;15,2;0,26;Buena / Ona
12/05/2017;1;2;3;Muy buena / Oso ona;4;78;88;Buena / Ona;5;Muy buena / Oso ona;4;Muy buena / Oso ona;181;62;993,2;0,1;206,5;35,3;17,7;3,99;Buena / Ona
11/05/2017;1;2;4;Muy buena / Oso ona;4;86;;Sin datos / Daturik gabe;4;Muy buena / Oso ona;2;Muy buena / Oso ona;179;51;985,5;0;264,9;49,6;19;4,42;Muy buena / Oso ona
10/05/2017;1;6;13;Muy buena / Oso ona;8;81;102;Mejorable / Hobetzeko modukoa;15;Muy buena / Oso ona;9;Muy buena / Oso ona;226;78;989,9;0;380,3;58,9;16,6;0,42;Mejorable / Hobetzeko modukoa
09/05/2017;1;3;8;Muy buena / Oso ona;5;80;90;Buena / Ona;13;Muy buena / Oso ona;7;Muy buena / Oso ona;354;80;999,4;0;180,5;42,2;13,9;0,42;Buena / Ona
08/05/2017;1;2;5;Muy buena / Oso ona;4;81;84;Buena / Ona;6;Muy buena / Oso ona;4;Muy buena / Oso ona;20;78;1010,2;0;326,5;57,2;13,5;0,45;Buena / Ona
07/05/2017;1;1;2;Muy buena / Oso ona;3;76;86;Buena / Ona;8;Muy buena / Oso ona;3;Muy buena / Oso ona;359;68;1012,6;0;420,6;64,9;14;0,74;Buena / Ona
06/05/2017;1;1;4;Muy buena / Oso ona;3;78;91;Buena / Ona;6;Muy buena / Oso ona;3;Muy buena / Oso ona;187;64;1006,4;0;439,5;58,8;14,9;0,27;Buena / Ona
05/05/2017;1;4;15;Muy buena / Oso ona;6;82;99;Buena / Ona;15;Muy buena / Oso ona;7;Muy buena / Oso ona;209;74;995,8;0,1;125,2;35,5;17,2;1;Buena / Ona
04/05/2017;1;3;9;Muy buena / Oso ona;5;88;101;Mejorable / Hobetzeko modukoa;13;Muy buena / Oso ona;7;Muy buena / Oso ona;349;82;1001,3;0;235,2;45,8;13,8;0,94;Mejorable / Hobetzeko modukoa
03/05/2017;1;2;7;Muy buena / Oso ona;4;70;84;Buena / Ona;8;Muy buena / Oso ona;4;Muy buena / Oso ona;9;91;1006,7;0;299,7;43,7;13;0,8;Buena / Ona
02/05/2017;1;3;8;Muy buena / Oso ona;5;75;79;Buena / Ona;9;Muy buena / Oso ona;4;Muy buena / Oso ona;271;84;1010,3;0;83,9;22,7;13,1;1,28;Buena / Ona
01/05/2017;1;3;7;Muy buena / Oso ona;5;80;94;Buena / Ona;8;Muy buena / Oso ona;4;Muy buena / Oso ona;253;61;1009,3;0;302,5;43;11,7;1,43;Buena / Ona
30/04/2017;1;2;4;Muy buena / Oso ona;4;91;96;Buena / Ona;8;Muy buena / Oso ona;4;Muy buena / Oso ona;208;65;996,9;0,1;52,6;9,4;12,3;3,07;Buena / Ona
29/04/2017;1;4;8;Muy buena / Oso ona;6;78;91;Buena / Ona;9;Muy buena / Oso ona;4;Muy buena / Oso ona;167;60;998,6;0;382,6;43;14,8;2,73;Buena / Ona
28/04/2017;1;5;13;Muy buena / Oso ona;7;76;94;Buena / Ona;10;Muy buena / Oso ona;5;Muy buena / Oso ona;95;71;1009,2;0;310,1;38,3;8,6;0,43;Buena / Ona
27/04/2017;1;4;11;Muy buena / Oso ona;6;77;95;Buena / Ona;5;Muy buena / Oso ona;4;Muy buena / Oso ona;310;73;1009,6;0,1;336,3;32,1;7,4;0,58;Buena / Ona
26/04/2017;1;3;4;Muy buena / Oso ona;5;86;94;Buena / Ona;7;Muy buena / Oso ona;3;Muy buena / Oso ona;332;77;1005,5;0,1;80,8;15,7;8;2;Buena / Ona
25/04/2017;1;4;8;Muy buena / Oso ona;6;76;88;Buena / Ona;10;Muy buena / Oso ona;5;Muy buena / Oso ona;317;90;1000;0,1;33,5;8,6;11,6;1,26;Buena / Ona
24/04/2017;1;4;10;Muy buena / Oso ona;6;83;97;Buena / Ona;7;Muy buena / Oso ona;7;Muy buena / Oso ona;337;78;1004,1;0;370,5;48,5;13,3;0,85;Buena / Ona
23/04/2017;1;5;9;Muy buena / Oso ona;7;105;125;Mejorable / Hobetzeko modukoa;9;Muy buena / Oso ona;9;Muy buena / Oso ona;335;62;1008,1;0;419,1;49,3;14,2;0,6;Mejorable / Hobetzeko modukoa
22/04/2017;1;4;8;Muy buena / Oso ona;6;113;133;Mejorable / Hobetzeko modukoa;7;Muy buena / Oso ona;6;Muy buena / Oso ona;231;41;1010,7;0;419,4;53,5;16;0,09;Mejorable / Hobetzeko modukoa
21/04/2017;1;6;14;Muy buena / Oso ona;9;95;114;Mejorable / Hobetzeko modukoa;7;Muy buena / Oso ona;6;Muy buena / Oso ona;340;53;1014,3;0;419,6;50,4;13,3;0,63;Mejorable / Hobetzeko modukoa
20/04/2017;1;4;7;Muy buena / Oso ona;6;90;105;Mejorable / Hobetzeko modukoa;9;Muy buena / Oso ona;5;Muy buena / Oso ona;69;54;1016,1;0;422,1;43,3;11,7;1,37;Mejorable / Hobetzeko modukoa
19/04/2017;1;3;6;Muy buena / Oso ona;5;98;106;Mejorable / Hobetzeko modukoa;8;Muy buena / Oso ona;5;Muy buena / Oso ona;44;56;1014,8;0;415,9;35,7;12,4;2,32;Mejorable / Hobetzeko modukoa
18/04/2017;1;4;15;Muy buena / Oso ona;6;82;100;Buena / Ona;8;Muy buena / Oso ona;5;Muy buena / Oso ona;29;77;1012,4;0;281,4;46,5;12,9;0,88;Buena / Ona
17/04/2017;1;2;6;Muy buena / Oso ona;5;81;94;Buena / Ona;7;Muy buena / Oso ona;6;Muy buena / Oso ona;10;81;1011,2;0;399,9;50,7;13,3;0,72;Buena / Ona
16/04/2017;1;1;4;Muy buena / Oso ona;3;77;85;Buena / Ona;4;Muy buena / Oso ona;4;Muy buena / Oso ona;87;78;1014,7;0;242,7;42,1;12,9;0,53;Buena / Ona
15/04/2017;1;3;8;Muy buena / Oso ona;5;80;92;Buena / Ona;6;Muy buena / Oso ona;8;Muy buena / Oso ona;324;84;1013,9;0;135,9;24,3;12,8;0,85;Buena / Ona
14/04/2017;1;3;5;Muy buena / Oso ona;5;83;98;Buena / Ona;8;Muy buena / Oso ona;7;Muy buena / Oso ona;3;85;1010,8;0;74;22,2;12,2;0,58;Buena / Ona
13/04/2017;1;3;7;Muy buena / Oso ona;5;89;105;Mejorable / Hobetzeko modukoa;9;Muy buena / Oso ona;8;Muy buena / Oso ona;339;87;1009;0;382,5;47,7;12,2;0,57;Mejorable / Hobetzeko modukoa
12/04/2017;1;4;9;Muy buena / Oso ona;6;83;104;Mejorable / Hobetzeko modukoa;10;Muy buena / Oso ona;8;Muy buena / Oso ona;336;86;1011,5;0;395,3;50,5;12,1;0,64;Mejorable / Hobetzeko modukoa
11/04/2017;1;3;8;Muy buena / Oso ona;5;90;105;Mejorable / Hobetzeko modukoa;10;Muy buena / Oso ona;9;Muy buena / Oso ona;335;84;1015,7;0;259,3;44,1;12,7;0,95;Mejorable / Hobetzeko modukoa
10/04/2017;1;3;9;Muy buena / Oso ona;5;92;111;Mejorable / Hobetzeko modukoa;11;Muy buena / Oso ona;14;Muy buena / Oso ona;281;89;1015,2;0;207,6;34,2;12,4;1,49;Mejorable / Hobetzeko modukoa
09/04/2017;1;6;11;Muy buena / Oso ona;8;95;115;Mejorable / Hobetzeko modukoa;10;Muy buena / Oso ona;12;Muy buena / Oso ona;359;78;1010,7;0;331,6;47,5;13,9;0,59;Mejorable / Hobetzeko modukoa
08/04/2017;1;6;10;Muy buena / Oso ona;8;97;126;Mejorable / Hobetzeko modukoa;8;Muy buena / Oso ona;9;Muy buena / Oso ona;233;57;1007,3;0;383,6;55,2;17,3;0,37;Mejorable / Hobetzeko modukoa
07/04/2017;1;6;13;Muy buena / Oso ona;8;85;102;Mejorable / Hobetzeko modukoa;13;Muy buena / Oso ona;8;Muy buena / Oso ona;25;82;1011,1;0;376;45;11,6;0,66;Mejorable / Hobetzeko modukoa
06/04/2017;1;5;17;Muy buena / Oso ona;7;80;91;Buena / Ona;17;Muy buena / Oso ona;10;Muy buena / Oso ona;340;85;1015,3;0;296,7;40,2;12,3;1,51;Buena / Ona
05/04/2017;1;4;8;Muy buena / Oso ona;6;79;87;Buena / Ona;10;Muy buena / Oso ona;6;Muy buena / Oso ona;332;89;1016,7;0;84,7;19,5;11,7;2,24;Buena / Ona
04/04/2017;1;3;8;Muy buena / Oso ona;5;79;88;Buena / Ona;7;Muy buena / Oso ona;5;Muy buena / Oso ona;298;87;1017,4;0,1;150,9;24,8;11,4;1,22;Buena / Ona
03/04/2017;1;5;13;Muy buena / Oso ona;7;73;95;Buena / Ona;11;Muy buena / Oso ona;4;Muy buena / Oso ona;31;85;1015,2;0;330,5;40,1;10,9;0,34;Buena / Ona
02/04/2017;1;1;2;Muy buena / Oso ona;3;93;98;Buena / Ona;10;Muy buena / Oso ona;3;Muy buena / Oso ona;286;79;1014,1;0;203,3;29,4;11,1;2,39;Buena / Ona
01/04/2017;1;1;4;Muy buena / Oso ona;3;91;97;Buena / Ona;7;Muy buena / Oso ona;4;Muy buena / Oso ona;273;79;1010;0;147,8;20,9;11,4;4,14;Buena / Ona
31/03/2017;1;5;19;Muy buena / Oso ona;7;89;104;Mejorable / Hobetzeko modukoa;12;Muy buena / Oso ona;8;Muy buena / Oso ona;293;79;1007,7;0;144,9;24,3;13,6;0,46;Mejorable / Hobetzeko modukoa
30/03/2017;1;5;8;Muy buena / Oso ona;7;97;106;Mejorable / Hobetzeko modukoa;8;Muy buena / Oso ona;5;Muy buena / Oso ona;174;42;1008,2;0;216,2;34,2;21,3;3,92;Mejorable / Hobetzeko modukoa
29/03/2017;1;7;13;Muy buena / Oso ona;9;91;111;Mejorable / Hobetzeko modukoa;;Sin datos / Daturik gabe;4;Muy buena / Oso ona;147;50;1013,4;0;356,6;45;17;1,07;Mejorable / Hobetzeko modukoa
28/03/2017;1;6;12;Muy buena / Oso ona;8;86;101;Mejorable / Hobetzeko modukoa;;Sin datos / Daturik gabe;5;Muy buena / Oso ona;161;61;1014,3;0;354,8;36,9;14,3;0,81;Mejorable / Hobetzeko modukoa
27/03/2017;1;4;7;Muy buena / Oso ona;6;91;97;Buena / Ona;;Sin datos / Daturik gabe;3;Muy buena / Oso ona;165;53;1005,5;0;249,8;25,6;15,5;2,65;Buena / Ona
26/03/2017;1;3;5;Muy buena / Oso ona;4;81;89;Buena / Ona;;Sin datos / Daturik gabe;3;Muy buena / Oso ona;145;58;1002,7;0;141,6;17,8;13,3;1,8;Buena / Ona
25/03/2017;1;3;5;Muy buena / Oso ona;5;83;87;Buena / Ona;;Sin datos / Daturik gabe;2;Muy buena / Oso ona;211;91;1001,2;0,3;20,5;4,5;8;2,48;Buena / Ona
24/03/2017;1;4;8;Muy buena / Oso ona;6;78;96;Buena / Ona;;Sin datos / Daturik gabe;2;Muy buena / Oso ona;131;67;1005,1;0;220,2;20,7;8,5;0,55;Buena / Ona
23/03/2017;1;4;9;Muy buena / Oso ona;6;79;89;Buena / Ona;;Sin datos / Daturik gabe;3;Muy buena / Oso ona;173;62;999;0;317,7;23,5;7,9;2,66;Buena / Ona
22/03/2017;1;4;7;Muy buena / Oso ona;6;75;83;Buena / Ona;;Sin datos / Daturik gabe;3;Muy buena / Oso ona;192;83;1000;0;48,5;8,7;7,6;1,88;Buena / Ona
21/03/2017;1;6;9;Muy buena / Oso ona;8;74;95;Buena / Ona;;Sin datos / Daturik gabe;5;Muy buena / Oso ona;232;91;1007,7;0;27,1;6,9;9,2;0,74;Buena / Ona
20/03/2017;1;4;7;Muy buena / Oso ona;6;74;83;Buena / Ona;;Sin datos / Daturik gabe;8;Muy buena / Oso ona;204;80;1008;0;28,1;9,9;10,5;0,5;Buena / Ona
19/03/2017;1;3;6;Muy buena / Oso ona;5;74;88;Buena / Ona;;Sin datos / Daturik gabe;5;Muy buena / Oso ona;345;83;1011,5;0;265,8;32,6;9,6;0,52;Buena / Ona
18/03/2017;1;3;9;Muy buena / Oso ona;5;78;85;Buena / Ona;;Sin datos / Daturik gabe;6;Muy buena / Oso ona;8;78;1015,1;0;72,7;16,7;10,8;0,3;Buena / Ona
17/03/2017;1;5;9;Muy buena / Oso ona;7;84;93;Buena / Ona;24;Muy buena / Oso ona;12;Muy buena / Oso ona;283;82;1013,8;0;57,4;14,5;11,7;1,09;Buena / Ona
16/03/2017;8;12;26;Muy buena / Oso ona;24;70;92;Buena / Ona;;Sin datos / Daturik gabe;8;Muy buena / Oso ona;172;59;1009,8;0;331,1;34;16;1,14;Buena / Ona
15/03/2017;1;6;10;Muy buena / Oso ona;8;71;88;Buena / Ona;26;Buena / Ona;11;Muy buena / Oso ona;13;90;1017,7;0;275,5;29,8;11,3;0,39;Buena / Ona
14/03/2017;1;5;9;Muy buena / Oso ona;7;66;79;Buena / Ona;26;Buena / Ona;11;Muy buena / Oso ona;339;91;1022,7;0;110,6;19,6;11,6;1,63;Buena / Ona
13/03/2017;1;2;4;Muy buena / Oso ona;4;81;88;Buena / Ona;17;Muy buena / Oso ona;5;Muy buena / Oso ona;307;90;1018,3;0,1;7,5;2,3;10,4;2,19;Buena / Ona
12/03/2017;1;1;4;Muy buena / Oso ona;3;87;96;Buena / Ona;12;Muy buena / Oso ona;4;Muy buena / Oso ona;282;83;1010,5;0,3;39;8,6;11,1;4,5;Buena / Ona
11/03/2017;2;6;20;Muy buena / Oso ona;9;80;96;Buena / Ona;15;Muy buena / Oso ona;10;Muy buena / Oso ona;268;63;1007,1;0;161,9;21,5;15,3;2,31;Buena / Ona
10/03/2017;3;10;21;Muy buena / Oso ona;15;54;74;Buena / Ona;15;Muy buena / Oso ona;8;Muy buena / Oso ona;303;78;1010,7;0;319,9;34;13,5;0,51;Buena / Ona
09/03/2017;1;4;8;Muy buena / Oso ona;6;68;77;Buena / Ona;;Sin datos / Daturik gabe;8;Muy buena / Oso ona;42;86;1016,3;0;187,9;25,1;12;0,46;Buena / Ona
08/03/2017;1;2;6;Muy buena / Oso ona;4;68;75;Buena / Ona;;Sin datos / Daturik gabe;4;Muy buena / Oso ona;327;87;1018,1;0;146,5;23,5;12,9;0,31;Buena / Ona
07/03/2017;1;3;13;Muy buena / Oso ona;5;73;91;Buena / Ona;22;Muy buena / Oso ona;5;Muy buena / Oso ona;270;87;1016,3;0,1;36,1;11,3;12,1;2,7;Buena / Ona
06/03/2017;1;1;4;Muy buena / Oso ona;3;83;96;Buena / Ona;23;Muy buena / Oso ona;7;Muy buena / Oso ona;258;75;1011,6;0;71,7;12,6;13,5;3,23;Buena / Ona
05/03/2017;1;3;6;Muy buena / Oso ona;5;72;81;Buena / Ona;14;Muy buena / Oso ona;5;Muy buena / Oso ona;185;73;1003,2;0;67,4;14;12,4;2,75;Buena / Ona
04/03/2017;1;3;5;Muy buena / Oso ona;5;81;90;Buena / Ona;;Sin datos / Daturik gabe;3;Muy buena / Oso ona;225;68;994,7;0,1;177,8;12;8,5;2,14;Buena / Ona
03/03/2017;1;4;8;Muy buena / Oso ona;6;82;93;Buena / Ona;;Sin datos / Daturik gabe;6;Muy buena / Oso ona;217;68;991,1;0,3;77,7;12,2;12,9;2,24;Buena / Ona
02/03/2017;2;8;21;Muy buena / Oso ona;11;63;75;Buena / Ona;13;Muy buena / Oso ona;5;Muy buena / Oso ona;279;75;1005,7;0;188,9;21,7;12,5;0,33;Buena / Ona
01/03/2017;1;5;10;Muy buena / Oso ona;7;71;80;Buena / Ona;;Sin datos / Daturik gabe;3;Muy buena / Oso ona;176;67;1006,5;0;262,5;22,6;11,8;2,45;Buena / Ona
28/02/2017;1;3;8;Muy buena / Oso ona;5;79;92;Buena / Ona;12;Muy buena / Oso ona;4;Muy buena / Oso ona;231;77;1001,5;0,2;25,3;5;9,8;2,12;Buena / Ona
27/02/2017;1;3;8;Muy buena / Oso ona;5;74;89;Buena / Ona;12;Muy buena / Oso ona;6;Muy buena / Oso ona;203;67;1000,3;0;231,1;16,2;13,1;2,33;Buena / Ona
26/02/2017;1;3;6;Muy buena / Oso ona;5;73;89;Buena / Ona;;Sin datos / Daturik gabe;9;Muy buena / Oso ona;178;82;1009,4;0;211,6;19,8;11,4;0,1;Buena / Ona
25/02/2017;1;4;9;Muy buena / Oso ona;6;69;82;Buena / Ona;13;Muy buena / Oso ona;6;Muy buena / Oso ona;211;78;1010,2;0;267,1;20,2;9,1;0,29;Buena / Ona
24/02/2017;4;6;38;Muy buena / Oso ona;12;76;85;Buena / Ona;;Sin datos / Daturik gabe;5;Muy buena / Oso ona;348;83;1010,9;0,1;91,9;12;9,5;1,5;Buena / Ona
23/02/2017;1;9;19;Muy buena / Oso ona;12;44;65;Buena / Ona;19;Muy buena / Oso ona;13;Muy buena / Oso ona;247;90;1006,6;0;57,3;7,7;9,5;1,01;Buena / Ona
22/02/2017;1;6;12;Muy buena / Oso ona;8;60;76;Buena / Ona;19;Muy buena / Oso ona;11;Muy buena / Oso ona;207;93;1011,3;0;99,8;10,3;8,7;0,23;Buena / Ona
21/02/2017;1;6;19;Muy buena / Oso ona;8;64;80;Buena / Ona;9;Muy buena / Oso ona;6;Muy buena / Oso ona;182;86;1016,4;0;97,7;11,8;9,6;0,29;Buena / Ona
20/02/2017;2;7;22;Muy buena / Oso ona;10;69;86;Buena / Ona;;Sin datos / Daturik gabe;10;Muy buena / Oso ona;204;87;1018,3;0;139,6;13,7;10,1;0,14;Buena / Ona
19/02/2017;1;3;6;Muy buena / Oso ona;5;81;92;Buena / Ona;15;Muy buena / Oso ona;10;Muy buena / Oso ona;280;88;1017,4;0;41,4;6,2;10,9;0,57;Buena / Ona
18/02/2017;1;7;15;Muy buena / Oso ona;9;72;94;Buena / Ona;18;Muy buena / Oso ona;12;Muy buena / Oso ona;261;78;1011,8;0;188,8;11,6;11;1,06;Buena / Ona
17/02/2017;1;8;16;Muy buena / Oso ona;11;71;84;Buena / Ona;13;Muy buena / Oso ona;8;Muy buena / Oso ona;166;69;1016,1;0;244,3;12,7;11,9;0,67;Buena / Ona
16/02/2017;1;7;14;Muy buena / Oso ona;10;78;88;Buena / Ona;15;Muy buena / Oso ona;9;Muy buena / Oso ona;171;60;1019,3;0;220;10,8;14;1,35;Buena / Ona
15/02/2017;1;6;17;Muy buena / Oso ona;8;72;78;Buena / Ona;;Sin datos / Daturik gabe;6;Muy buena / Oso ona;175;54;1018,2;0;224,1;12,5;15,1;3,18;Buena / Ona
14/02/2017;1;4;8;Muy buena / Oso ona;6;71;80;Buena / Ona;;Sin datos / Daturik gabe;3;Muy buena / Oso ona;173;53;1009,2;0;217,2;11,2;14,2;4;Buena / Ona
13/02/2017;1;3;5;Muy buena / Oso ona;5;74;83;Buena / Ona;20;Muy buena / Oso ona;8;Muy buena / Oso ona;148;61;995,2;0,2;67;6,5;14,2;2,89;Buena / Ona
12/02/2017;1;5;9;Muy buena / Oso ona;7;59;80;Buena / Ona;27;Buena / Ona;12;Muy buena / Oso ona;123;72;994,4;0,4;31,7;4,9;11,5;1,9;Buena / Ona
11/02/2017;1;5;7;Muy buena / Oso ona;7;62;69;Buena / Ona;17;Muy buena / Oso ona;9;Muy buena / Oso ona;92;83;1004,1;2,2;25,7;3,3;8,2;0,58;Buena / Ona
10/02/2017;1;7;19;Muy buena / Oso ona;9;63;70;Buena / Ona;;Sin datos / Daturik gabe;5;Muy buena / Oso ona;158;54;1001;0;109,4;8;10,2;1,32;Buena / Ona
09/02/2017;1;7;9;Muy buena / Oso ona;9;61;73;Buena / Ona;;Sin datos / Daturik gabe;5;Muy buena / Oso ona;152;80;1007,8;0,2;208,9;11,2;7,8;1,25;Buena / Ona
08/02/2017;1;3;7;Muy buena / Oso ona;5;80;92;Buena / Ona;;Sin datos / Daturik gabe;4;Muy buena / Oso ona;291;77;1017,4;10,4;61,4;6,3;8,3;2,73;Buena / Ona
07/02/2017;1;3;9;Muy buena / Oso ona;4;72;90;Buena / Ona;;Sin datos / Daturik gabe;4;Muy buena / Oso ona;277;86;1012,5;15;26,2;3,5;10,5;2,87;Buena / Ona
06/02/2017;1;6;19;Muy buena / Oso ona;8;62;89;Buena / Ona;;Sin datos / Daturik gabe;3;Muy buena / Oso ona;202;87;1012,9;11,3;31,4;5,3;10,5;1,47;Buena / Ona
05/02/2017;1;1;3;Muy buena / Oso ona;2;88;91;Buena / Ona;;Sin datos / Daturik gabe;4;Muy buena / Oso ona;269;69;1003;13;66;5,1;10;5,47;Buena / Ona
04/02/2017;1;3;6;Muy buena / Oso ona;5;75;89;Buena / Ona;;Sin datos / Daturik gabe;3;Muy buena / Oso ona;210;83;996,3;25,7;18,3;3,8;11,5;1,96;Buena / Ona
03/02/2017;1;3;5;Muy buena / Oso ona;4;85;86;Buena / Ona;8;Muy buena / Oso ona;3;Muy buena / Oso ona;191;47;995,5;0;122,6;7,5;14,5;3,92;Buena / Ona
02/02/2017;1;3;5;Muy buena / Oso ona;5;79;87;Buena / Ona;;Sin datos / Daturik gabe;3;Muy buena / Oso ona;182;54;995,4;2,2;28,5;5,9;14,5;5,48;Buena / Ona
01/02/2017;1;5;8;Muy buena / Oso ona;7;65;70;Buena / Ona;;Sin datos / Daturik gabe;5;Muy buena / Oso ona;176;51;1001,5;0,8;161,7;10,5;16,2;3,92;Buena / Ona
31/01/2017;1;5;10;Muy buena / Oso ona;7;60;63;Buena / Ona;;Sin datos / Daturik gabe;4;Muy buena / Oso ona;172;51;1002,5;0;214,6;13,1;16,4;4,13;Buena / Ona
30/01/2017;1;7;15;Muy buena / Oso ona;10;49;58;Muy buena / Oso ona;;Sin datos / Daturik gabe;3;Muy buena / Oso ona;166;66;1006,4;0;50,1;8,7;15,3;3,26;Muy buena / Oso ona
29/01/2017;1;3;5;Muy buena / Oso ona;5;66;75;Buena / Ona;;Sin datos / Daturik gabe;2;Muy buena / Oso ona;171;61;1009;0;140,2;10,8;13,3;4,55;Buena / Ona
28/01/2017;1;4;9;Muy buena / Oso ona;6;75;85;Buena / Ona;10;Muy buena / Oso ona;4;Muy buena / Oso ona;217;70;1009,6;0;163,3;8,6;9,7;1,36;Buena / Ona
27/01/2017;1;6;9;Muy buena / Oso ona;8;73;74;Buena / Ona;;Sin datos / Daturik gabe;7;Muy buena / Oso ona;176;60;997,1;1,6;60;4,5;11,1;4,13;Buena / Ona
26/01/2017;1;8;11;Muy buena / Oso ona;10;67;75;Buena / Ona;15;Muy buena / Oso ona;10;Muy buena / Oso ona;170;60;1000,4;0;134,2;8,4;8,3;4,68;Buena / Ona
25/01/2017;1;8;22;Muy buena / Oso ona;11;61;79;Buena / Ona;14;Muy buena / Oso ona;9;Muy buena / Oso ona;145;74;1012,4;0;200,9;9,5;4,9;0,55;Buena / Ona
24/01/2017;1;8;17;Muy buena / Oso ona;10;68;82;Buena / Ona;;Sin datos / Daturik gabe;11;Muy buena / Oso ona;257;78;1016,4;0;161,6;7,1;6,6;0,42;Buena / Ona
23/01/2017;1;6;9;Muy buena / Oso ona;8;72;82;Buena / Ona;20;Muy buena / Oso ona;9;Muy buena / Oso ona;265;80;1013,2;0;58,5;5;8,4;1,19;Buena / Ona
22/01/2017;1;9;22;Muy buena / Oso ona;12;57;85;Buena / Ona;21;Muy buena / Oso ona;10;Muy buena / Oso ona;260;85;1011,3;0;91;5,4;7,6;1,29;Buena / Ona
21/01/2017;1;9;15;Muy buena / Oso ona;12;49;62;Buena / Ona;21;Muy buena / Oso ona;10;Muy buena / Oso ona;197;80;1011,1;0;173,8;6,5;5,4;0,63;Buena / Ona
20/01/2017;2;10;19;Muy buena / Oso ona;14;43;57;Muy buena / Oso ona;26;Buena / Ona;13;Muy buena / Oso ona;182;84;1013,6;0;165,5;5,6;;0,44;Buena / Ona
19/01/2017;1;9;20;Muy buena / Oso ona;11;43;53;Muy buena / Oso ona;30;Buena / Ona;10;Muy buena / Oso ona;158;78;1015,4;0;19,9;2,5;2,8;1,28;Buena / Ona
18/01/2017;1;6;10;Muy buena / Oso ona;8;53;73;Buena / Ona;20;Muy buena / Oso ona;6;Muy buena / Oso ona;358;71;1016,2;0;5,4;1,1;2,4;1,07;Buena / Ona
17/01/2017;1;3;6;Muy buena / Oso ona;4;71;74;Buena / Ona;;Sin datos / Daturik gabe;3;Muy buena / Oso ona;18;60;1017,4;1,6;151,4;6;5,8;3,51;Buena / Ona
16/01/2017;1;2;3;Muy buena / Oso ona;3;77;88;Buena / Ona;20;Muy buena / Oso ona;2;Muy buena / Oso ona;304;91;1015,8;29,7;18,1;3;10,6;3,24;Buena / Ona
15/01/2017;1;1;2;Muy buena / Oso ona;2;84;88;Buena / Ona;13;Muy buena / Oso ona;2;Muy buena / Oso ona;300;80;1018,9;9,1;12,7;2,1;9,7;3,44;Buena / Ona
14/01/2017;1;1;6;Muy buena / Oso ona;3;78;82;Buena / Ona;;Sin datos / Daturik gabe;2;Muy buena / Oso ona;294;76;1017,8;3;60,1;3,5;7,7;1,7;Buena / Ona
13/01/2017;1;1;3;Muy buena / Oso ona;3;83;87;Buena / Ona;;Sin datos / Daturik gabe;4;Muy buena / Oso ona;294;71;1013,4;8,7;58,5;4,3;8,4;4,13;Buena / Ona
12/01/2017;2;7;18;Muy buena / Oso ona;10;48;71;Buena / Ona;17;Muy buena / Oso ona;4;Muy buena / Oso ona;253;89;1010,8;10,5;47,2;5;11,3;1,74;Buena / Ona
11/01/2017;1;2;5;Muy buena / Oso ona;3;70;82;Buena / Ona;;Sin datos / Daturik gabe;1;Muy buena / Oso ona;290;96;1014;32,7;11,6;2,8;12,1;3,98;Buena / Ona
10/01/2017;0;5;11;Muy buena / Oso ona;5;74;82;Buena / Ona;15;Muy buena / Oso ona;3;Muy buena / Oso ona;289;90;1010,3;33,9;6;1,4;10,1;3,28;Buena / Ona
09/01/2017;0;7;16;Muy buena / Oso ona;8;53;65;Buena / Ona;16;Muy buena / Oso ona;5;Muy buena / Oso ona;163;79;1018,7;0,2;99,3;6,8;8,3;0,66;Buena / Ona
08/01/2017;0;7;11;Muy buena / Oso ona;8;56;66;Buena / Ona;16;Muy buena / Oso ona;7;Muy buena / Oso ona;186;75;1022,8;0;79,4;5,2;5,7;0,89;Buena / Ona
07/01/2017;0;6;10;Muy buena / Oso ona;7;54;64;Buena / Ona;16;Muy buena / Oso ona;7;Muy buena / Oso ona;195;80;1022,9;0;160,2;6,1;3,7;0,75;Buena / Ona
06/01/2017;0;6;9;Muy buena / Oso ona;7;56;65;Buena / Ona;;Sin datos / Daturik gabe;7;Muy buena / Oso ona;163;80;1022,3;0;131,9;5,9;4;0,93;Buena / Ona
05/01/2017;0;8;14;Muy buena / Oso ona;9;49;70;Buena / Ona;;Sin datos / Daturik gabe;6;Muy buena / Oso ona;165;79;1020,4;0;71,1;4,9;5,1;1,15;Buena / Ona
04/01/2017;1;12;23;Muy buena / Oso ona;13;36;46;Muy buena / Oso ona;22;Muy buena / Oso ona;11;Muy buena / Oso ona;190;90;1017,9;0;150,3;6,9;5,2;0,71;Muy buena / Oso ona
03/01/2017;1;12;17;Muy buena / Oso ona;14;33;45;Muy buena / Oso ona;33;Buena / Ona;17;Buena / Ona;65;88;1015,1;0;113,9;5,3;6,6;0,19;Buena / Ona
02/01/2017;0;10;16;Muy buena / Oso ona;10;42;48;Muy buena / Oso ona;;Sin datos / Daturik gabe;8;Muy buena / Oso ona;169;66;1009,8;0;84,5;5,2;7,2;2,92;Muy buena / Oso ona
01/01/2017;0;10;15;Muy buena / Oso ona;11;35;39;Muy buena / Oso ona;16;Muy buena / Oso ona;10;Muy buena / Oso ona;152;74;1013;0;143;6,2;5,2;2,33;Muy buena / Oso ona
