Date;NO (µg/m3);NO2 (µg/m3);NO2 max (µg/m3);NO2 - ICA;NOX (µg/m3);O3 (µg/m3);O3 8h max (µg/m3);O3 8h max - ICA;PM10 (µg/m3);PM10 - ICA;SH2 (µg/m3);SO2 (µg/m3);SO2 - ICA;D.vien (grados);H (%);P (mBar);Precipitación (l/m2);R (w/m2);Tº (ºC);V.vien (m/s);ICA Estación
28/10/2017;4;8;13;Muy buena / Oso ona;14;59;84;Buena / Ona;10;Muy buena / Oso ona;1;3;Muy buena / Oso ona;332;83;1027,3;0;31,7;16;0,48;Buena / Ona
27/10/2017;7;13;27;Muy buena / Oso ona;23;48;78;Buena / Ona;18;Muy buena / Oso ona;1;4;Muy buena / Oso ona;308;86;1028,9;0;69,9;16;0,57;Buena / Ona
26/10/2017;7;19;48;Muy buena / Oso ona;29;49;69;Buena / Ona;23;Muy buena / Oso ona;1;7;Muy buena / Oso ona;176;65;1022,7;0;234,5;19;0,29;Buena / Ona
25/10/2017;18;40;66;Buena / Ona;67;16;27;Muy buena / Oso ona;27;Buena / Ona;2;11;Muy buena / Oso ona;180;76;1018,6;0;240,9;16;0,41;Buena / Ona
24/10/2017;22;37;55;Buena / Ona;71;16;32;Muy buena / Oso ona;24;Muy buena / Oso ona;1;8;Muy buena / Oso ona;133;72;1019,6;0;222,8;16;0,98;Buena / Ona
23/10/2017;5;16;29;Muy buena / Oso ona;23;37;59;Muy buena / Oso ona;10;Muy buena / Oso ona;1;4;Muy buena / Oso ona;186;77;1023,6;0;260,5;14;0,67;Muy buena / Oso ona
22/10/2017;2;4;6;Muy buena / Oso ona;8;62;70;Buena / Ona;9;Muy buena / Oso ona;1;2;Muy buena / Oso ona;225;81;1025,8;0;42,7;14;1,54;Buena / Ona
21/10/2017;1;4;6;Muy buena / Oso ona;6;70;76;Buena / Ona;15;Muy buena / Oso ona;1;2;Muy buena / Oso ona;270;70;1020,9;0;62,2;17;2,33;Buena / Ona
20/10/2017;;;;Sin datos / Daturik gabe;13;51;56;Muy buena / Oso ona;10;Muy buena / Oso ona;1;3;Muy buena / Oso ona;210;61;1012,2;0;240,4;20;1,26;Muy buena / Oso ona
19/10/2017;3;7;20;Muy buena / Oso ona;10;51;60;Muy buena / Oso ona;6;Muy buena / Oso ona;1;2;Muy buena / Oso ona;193;69;1008;0;230,2;17;1,29;Muy buena / Oso ona
18/10/2017;3;9;19;Muy buena / Oso ona;13;43;53;Muy buena / Oso ona;11;Muy buena / Oso ona;1;2;Muy buena / Oso ona;205;85;1007,4;0;17,6;15;0,72;Muy buena / Oso ona
17/10/2017;1;9;20;Muy buena / Oso ona;11;59;76;Buena / Ona;28;Buena / Ona;1;2;Muy buena / Oso ona;180;72;1012,4;0;103,4;20;1,16;Buena / Ona
16/10/2017;2;9;16;Muy buena / Oso ona;9;68;75;Buena / Ona;29;Buena / Ona;1;2;Muy buena / Oso ona;205;71;1017,8;0;205,6;22;1,26;Buena / Ona
15/10/2017;;;;Sin datos / Daturik gabe;3;71;75;Buena / Ona;27;Buena / Ona;1;2;Muy buena / Oso ona;197;54;1016,4;0;121,8;25;4,13;Buena / Ona
14/10/2017;2;9;20;Muy buena / Oso ona;11;61;81;Buena / Ona;31;Buena / Ona;2;3;Muy buena / Oso ona;157;71;1018,7;0;254,4;22;0,88;Buena / Ona
13/10/2017;5;22;41;Muy buena / Oso ona;30;40;67;Buena / Ona;38;Buena / Ona;1;6;Muy buena / Oso ona;52;83;1020,6;0;192,7;18;0,43;Buena / Ona
12/10/2017;4;16;28;Muy buena / Oso ona;22;36;64;Buena / Ona;23;Muy buena / Oso ona;1;4;Muy buena / Oso ona;145;86;1021,1;0;253,9;16;0,45;Buena / Ona
11/10/2017;2;13;31;Muy buena / Oso ona;16;56;76;Buena / Ona;20;Muy buena / Oso ona;1;3;Muy buena / Oso ona;215;70;1017,5;0;215,1;18;0,71;Buena / Ona
10/10/2017;6;16;32;Muy buena / Oso ona;25;32;61;Buena / Ona;15;Muy buena / Oso ona;1;4;Muy buena / Oso ona;206;87;1017,4;0;259,4;15;0,91;Buena / Ona
09/10/2017;7;18;36;Muy buena / Oso ona;29;37;63;Buena / Ona;15;Muy buena / Oso ona;1;5;Muy buena / Oso ona;199;81;1019,2;0;298,6;14;0,62;Buena / Ona
08/10/2017;3;10;13;Muy buena / Oso ona;14;46;84;Buena / Ona;13;Muy buena / Oso ona;1;3;Muy buena / Oso ona;209;82;1019,9;0;306;14;0,92;Buena / Ona
07/10/2017;3;9;19;Muy buena / Oso ona;13;41;75;Buena / Ona;12;Muy buena / Oso ona;1;4;Muy buena / Oso ona;190;82;1021,5;0;306,8;14;0,75;Buena / Ona
06/10/2017;2;12;32;Muy buena / Oso ona;14;48;79;Buena / Ona;11;Muy buena / Oso ona;1;3;Muy buena / Oso ona;264;88;1023,2;0;33,1;17;0,83;Buena / Ona
05/10/2017;3;9;18;Muy buena / Oso ona;13;49;80;Buena / Ona;14;Muy buena / Oso ona;1;2;Muy buena / Oso ona;327;90;1021,4;0;27,9;19;0,69;Buena / Ona
04/10/2017;7;11;19;Muy buena / Oso ona;21;21;42;Muy buena / Oso ona;18;Muy buena / Oso ona;1;3;Muy buena / Oso ona;240;89;1019,8;0;253,2;19;0,33;Muy buena / Oso ona
03/10/2017;7;12;23;Muy buena / Oso ona;22;13;;Sin datos / Daturik gabe;11;Muy buena / Oso ona;;2;Muy buena / Oso ona;258;94;1020,5;0;48,2;19;0,19;Muy buena / Oso ona
02/10/2017;6;15;35;Muy buena / Oso ona;23;22;28;Muy buena / Oso ona;14;Muy buena / Oso ona;;2;Muy buena / Oso ona;205;92;1021,6;0;29;19;0,48;Muy buena / Oso ona
01/10/2017;1;5;13;Muy buena / Oso ona;7;38;48;Muy buena / Oso ona;9;Muy buena / Oso ona;;2;Muy buena / Oso ona;234;86;1020,3;0;35,1;19;1,15;Muy buena / Oso ona
30/09/2017;2;8;18;Muy buena / Oso ona;10;54;67;Buena / Ona;5;Muy buena / Oso ona;;3;Muy buena / Oso ona;259;93;1019,4;0,1;28,3;17;0,3;Buena / Ona
29/09/2017;6;17;52;Buena / Ona;26;41;84;Buena / Ona;22;Muy buena / Oso ona;1;6;Muy buena / Oso ona;297;85;1018,4;0;270;19;0,45;Buena / Ona
28/09/2017;3;18;37;Muy buena / Oso ona;22;53;80;Buena / Ona;21;Muy buena / Oso ona;1;6;Muy buena / Oso ona;168;75;1017,1;0;280,3;20;0,86;Buena / Ona
27/09/2017;2;13;30;Muy buena / Oso ona;17;51;75;Buena / Ona;12;Muy buena / Oso ona;;7;Muy buena / Oso ona;164;71;1015,8;0;323,3;19;0,43;Buena / Ona
26/09/2017;3;10;20;Muy buena / Oso ona;16;37;54;Muy buena / Oso ona;10;Muy buena / Oso ona;;5;Muy buena / Oso ona;214;84;1018,3;0;280,3;17;0,8;Muy buena / Oso ona
25/09/2017;2;7;14;Muy buena / Oso ona;10;50;75;Buena / Ona;10;Muy buena / Oso ona;;2;Muy buena / Oso ona;230;86;1019,2;0;86,4;17;1,31;Buena / Ona
24/09/2017;3;10;26;Muy buena / Oso ona;15;62;90;Buena / Ona;18;Muy buena / Oso ona;;7;Muy buena / Oso ona;303;81;1015,6;0;281;19;0,41;Buena / Ona
23/09/2017;1;9;21;Muy buena / Oso ona;11;60;89;Buena / Ona;15;Muy buena / Oso ona;;3;Muy buena / Oso ona;185;75;1014,9;0;322,5;20;1,53;Buena / Ona
22/09/2017;2;10;20;Muy buena / Oso ona;13;50;67;Buena / Ona;10;Muy buena / Oso ona;;3;Muy buena / Oso ona;348;89;1018,7;0;29,1;17;0,45;Buena / Ona
21/09/2017;6;13;29;Muy buena / Oso ona;22;44;78;Buena / Ona;15;Muy buena / Oso ona;1;3;Muy buena / Oso ona;283;85;1015,3;0,1;193,8;17;0,46;Buena / Ona
20/09/2017;13;23;38;Muy buena / Oso ona;38;30;57;Muy buena / Oso ona;13;Muy buena / Oso ona;1;6;Muy buena / Oso ona;143;78;1016,6;0;320,6;16;0,52;Muy buena / Oso ona
19/09/2017;;;;Sin datos / Daturik gabe;;47;;Sin datos / Daturik gabe;5;Muy buena / Oso ona;1;4;Muy buena / Oso ona;217;83;1021,8;0;260,4;15;0,7;Muy buena / Oso ona
18/09/2017;;;;Sin datos / Daturik gabe;9;44;60;Muy buena / Oso ona;6;Muy buena / Oso ona;1;3;Muy buena / Oso ona;212;93;1017;0,2;38,1;15;0,72;Muy buena / Oso ona
17/09/2017;;;;Sin datos / Daturik gabe;;59;73;Buena / Ona;6;Muy buena / Oso ona;1;3;Muy buena / Oso ona;235;71;1015;0;150,6;16;1,28;Buena / Ona
16/09/2017;;;;Sin datos / Daturik gabe;;57;67;Buena / Ona;4;Muy buena / Oso ona;1;3;Muy buena / Oso ona;216;82;1014,2;0,1;149,6;13;1,31;Buena / Ona
15/09/2017;;;;Sin datos / Daturik gabe;;49;61;Buena / Ona;6;Muy buena / Oso ona;1;3;Muy buena / Oso ona;229;84;1015,4;0,1;131,8;14;1,7;Buena / Ona
14/09/2017;;;;Sin datos / Daturik gabe;5;53;70;Buena / Ona;11;Muy buena / Oso ona;1;3;Muy buena / Oso ona;274;77;1019,1;0,1;148,7;17;1,57;Buena / Ona
13/09/2017;;;;Sin datos / Daturik gabe;;39;56;Muy buena / Oso ona;9;Muy buena / Oso ona;1;3;Muy buena / Oso ona;241;79;1017,6;0;327,8;20;0,81;Muy buena / Oso ona
12/09/2017;;;;Sin datos / Daturik gabe;5;54;68;Buena / Ona;8;Muy buena / Oso ona;1;3;Muy buena / Oso ona;230;83;1016,2;0;198,9;17;0,86;Buena / Ona
11/09/2017;;;;Sin datos / Daturik gabe;5;58;68;Buena / Ona;12;Muy buena / Oso ona;1;3;Muy buena / Oso ona;271;82;1011,9;0,1;115;18;2,4;Buena / Ona
10/09/2017;;;;Sin datos / Daturik gabe;;62;71;Buena / Ona;10;Muy buena / Oso ona;1;3;Muy buena / Oso ona;259;75;1011,3;0,1;172,9;18;1,76;Buena / Ona
09/09/2017;;;;Sin datos / Daturik gabe;;64;72;Buena / Ona;7;Muy buena / Oso ona;1;3;Muy buena / Oso ona;263;79;1007,9;0,2;150,5;17;2,65;Buena / Ona
08/09/2017;;;;Sin datos / Daturik gabe;;58;78;Buena / Ona;14;Muy buena / Oso ona;1;4;Muy buena / Oso ona;219;74;1012;0;277,8;18;1,5;Buena / Ona
07/09/2017;;;;Sin datos / Daturik gabe;6;46;69;Buena / Ona;10;Muy buena / Oso ona;1;3;Muy buena / Oso ona;228;76;1019,4;0;189,3;18;1;Buena / Ona
06/09/2017;;;;Sin datos / Daturik gabe;7;48;63;Buena / Ona;9;Muy buena / Oso ona;1;3;Muy buena / Oso ona;260;84;1023,3;0,1;64;19;0,67;Buena / Ona
05/09/2017;;;;Sin datos / Daturik gabe;18;38;63;Buena / Ona;11;Muy buena / Oso ona;2;5;Muy buena / Oso ona;251;84;1020,1;0;189;20;0,68;Buena / Ona
04/09/2017;;;;Sin datos / Daturik gabe;9;36;56;Muy buena / Oso ona;7;Muy buena / Oso ona;1;3;Muy buena / Oso ona;259;84;1014,4;0;154,5;20;0,71;Muy buena / Oso ona
03/09/2017;;;;Sin datos / Daturik gabe;8;47;71;Buena / Ona;9;Muy buena / Oso ona;1;5;Muy buena / Oso ona;228;75;1012,2;0;221,9;20;0,49;Buena / Ona
02/09/2017;;;;Sin datos / Daturik gabe;4;54;77;Buena / Ona;7;Muy buena / Oso ona;1;4;Muy buena / Oso ona;227;75;1020,6;0;351,1;18;0,45;Buena / Ona
01/09/2017;;;;Sin datos / Daturik gabe;4;58;75;Buena / Ona;7;Muy buena / Oso ona;1;3;Muy buena / Oso ona;251;78;1020,7;0;214,2;18;1,67;Buena / Ona
31/08/2017;0;4;12;Muy buena / Oso ona;4;56;76;Buena / Ona;6;Muy buena / Oso ona;1;4;Muy buena / Oso ona;218;81;1019;0;191,5;18;0,83;Buena / Ona
30/08/2017;0;6;21;Muy buena / Oso ona;7;53;68;Buena / Ona;11;Muy buena / Oso ona;1;3;Muy buena / Oso ona;297;89;1012,5;0,2;130,2;19;0,94;Buena / Ona
29/08/2017;2;9;37;Muy buena / Oso ona;12;57;89;Buena / Ona;13;Muy buena / Oso ona;1;3;Muy buena / Oso ona;261;84;1010,9;0,1;296;21;0,2;Buena / Ona
28/08/2017;0;3;17;Muy buena / Oso ona;4;55;71;Buena / Ona;12;Muy buena / Oso ona;1;3;Muy buena / Oso ona;196;73;1010,9;0,1;65,5;23;2,36;Buena / Ona
27/08/2017;0;4;21;Muy buena / Oso ona;4;45;60;Muy buena / Oso ona;13;Muy buena / Oso ona;1;3;Muy buena / Oso ona;191;74;1010,8;0,1;74,6;23;1,6;Muy buena / Oso ona
26/08/2017;1;7;15;Muy buena / Oso ona;8;42;61;Buena / Ona;11;Muy buena / Oso ona;1;3;Muy buena / Oso ona;132;84;1011;0;125,2;22;0,13;Buena / Ona
25/08/2017;1;9;23;Muy buena / Oso ona;10;42;58;Muy buena / Oso ona;9;Muy buena / Oso ona;1;3;Muy buena / Oso ona;328;84;1013;0;85,3;21;0,3;Muy buena / Oso ona
24/08/2017;1;6;22;Muy buena / Oso ona;6;47;58;Muy buena / Oso ona;11;Muy buena / Oso ona;1;3;Muy buena / Oso ona;314;86;1013,6;0;115,5;21;0,64;Muy buena / Oso ona
23/08/2017;1;7;20;Muy buena / Oso ona;8;44;58;Muy buena / Oso ona;18;Muy buena / Oso ona;1;4;Muy buena / Oso ona;14;81;1015,1;0;111,1;21;0,17;Muy buena / Oso ona
22/08/2017;1;12;34;Muy buena / Oso ona;13;59;;Sin datos / Daturik gabe;25;Muy buena / Oso ona;2;4;Muy buena / Oso ona;330;72;1012,9;0;301;23;0,61;Muy buena / Oso ona
21/08/2017;5;20;33;Muy buena / Oso ona;27;53;103;Mejorable / Hobetzeko modukoa;19;Muy buena / Oso ona;2;5;Muy buena / Oso ona;127;65;1013,2;0;415,3;23;0,47;Mejorable / Hobetzeko modukoa
20/08/2017;0;4;9;Muy buena / Oso ona;5;43;69;Buena / Ona;10;Muy buena / Oso ona;2;4;Muy buena / Oso ona;187;76;1021,5;0;417,9;18;0,18;Buena / Ona
19/08/2017;0;4;13;Muy buena / Oso ona;4;44;59;Muy buena / Oso ona;9;Muy buena / Oso ona;2;3;Muy buena / Oso ona;61;83;1020,9;0;186,8;19;0,23;Muy buena / Oso ona
18/08/2017;0;5;20;Muy buena / Oso ona;6;47;70;Buena / Ona;8;Muy buena / Oso ona;2;3;Muy buena / Oso ona;252;86;1017,9;0,2;118;21;0,61;Buena / Ona
17/08/2017;1;8;18;Muy buena / Oso ona;9;49;76;Buena / Ona;10;Muy buena / Oso ona;2;6;Muy buena / Oso ona;316;75;1017,4;0;409,3;21;0,45;Buena / Ona
16/08/2017;1;7;19;Muy buena / Oso ona;7;34;54;Muy buena / Oso ona;7;Muy buena / Oso ona;2;4;Muy buena / Oso ona;303;81;1018,9;0;324,9;20;0,6;Muy buena / Oso ona
15/08/2017;0;3;6;Muy buena / Oso ona;3;43;52;Muy buena / Oso ona;8;Muy buena / Oso ona;2;2;Muy buena / Oso ona;295;84;1016,7;0;45,4;20;0,56;Muy buena / Oso ona
14/08/2017;2;9;25;Muy buena / Oso ona;11;51;82;Buena / Ona;17;Muy buena / Oso ona;2;3;Muy buena / Oso ona;155;73;1010,6;0;326,4;23;0,72;Buena / Ona
13/08/2017;0;5;9;Muy buena / Oso ona;5;40;65;Buena / Ona;9;Muy buena / Oso ona;2;4;Muy buena / Oso ona;238;81;1016,7;0;272,8;18;0,46;Buena / Ona
12/08/2017;2;7;21;Muy buena / Oso ona;10;46;72;Buena / Ona;11;Muy buena / Oso ona;2;7;Muy buena / Oso ona;306;75;1020,6;0;423,9;18;0,15;Buena / Ona
11/08/2017;1;5;10;Muy buena / Oso ona;7;50;71;Buena / Ona;11;Muy buena / Oso ona;2;5;Muy buena / Oso ona;271;76;1022,6;0;346,5;17;0,58;Buena / Ona
10/08/2017;0;5;10;Muy buena / Oso ona;5;60;70;Buena / Ona;12;Muy buena / Oso ona;2;2;Muy buena / Oso ona;275;77;1023,6;0;89,8;17;1,81;Buena / Ona
09/08/2017;0;2;8;Muy buena / Oso ona;2;68;77;Buena / Ona;7;Muy buena / Oso ona;2;2;Muy buena / Oso ona;272;72;1019,3;0,1;258,1;17;1,86;Buena / Ona
08/08/2017;0;3;6;Muy buena / Oso ona;3;63;73;Buena / Ona;7;Muy buena / Oso ona;2;3;Muy buena / Oso ona;263;76;1016,6;0;105,9;18;1,63;Buena / Ona
07/08/2017;0;3;9;Muy buena / Oso ona;3;64;74;Buena / Ona;13;Muy buena / Oso ona;2;4;Muy buena / Oso ona;257;82;1012,8;0;92,7;20;1,78;Buena / Ona
06/08/2017;0;6;19;Muy buena / Oso ona;7;60;71;Buena / Ona;9;Muy buena / Oso ona;2;10;Muy buena / Oso ona;10;69;1019,4;0;267,6;20;1,17;Buena / Ona
05/08/2017;0;3;6;Muy buena / Oso ona;3;55;64;Buena / Ona;5;Muy buena / Oso ona;2;3;Muy buena / Oso ona;332;93;1018,7;0,3;45,4;19;1,31;Buena / Ona
04/08/2017;0;5;11;Muy buena / Oso ona;6;54;62;Buena / Ona;11;Muy buena / Oso ona;2;4;Muy buena / Oso ona;300;72;1014,8;0;413,7;24;0,56;Buena / Ona
03/08/2017;1;7;34;Muy buena / Oso ona;9;52;78;Buena / Ona;15;Muy buena / Oso ona;2;6;Muy buena / Oso ona;298;83;1015,8;0;379;21;0,32;Buena / Ona
02/08/2017;1;6;15;Muy buena / Oso ona;7;47;78;Buena / Ona;15;Muy buena / Oso ona;2;5;Muy buena / Oso ona;5;82;1015,5;0;343;20;0,49;Buena / Ona
01/08/2017;1;7;14;Muy buena / Oso ona;8;35;53;Muy buena / Oso ona;12;Muy buena / Oso ona;2;3;Muy buena / Oso ona;236;88;1013,9;0;79,8;19;0,38;Muy buena / Oso ona
31/07/2017;0;5;8;Muy buena / Oso ona;6;33;52;Muy buena / Oso ona;9;Muy buena / Oso ona;2;3;Muy buena / Oso ona;226;91;1010,8;0;40;18;0,65;Muy buena / Oso ona
30/07/2017;0;4;12;Muy buena / Oso ona;5;34;50;Muy buena / Oso ona;11;Muy buena / Oso ona;2;3;Muy buena / Oso ona;234;87;1012,4;0;34,4;19;0,79;Muy buena / Oso ona
29/07/2017;1;10;25;Muy buena / Oso ona;10;52;81;Buena / Ona;14;Muy buena / Oso ona;2;12;Muy buena / Oso ona;11;65;1012,1;0;425,2;23;0,27;Buena / Ona
28/07/2017;1;8;23;Muy buena / Oso ona;9;42;62;Buena / Ona;9;Muy buena / Oso ona;2;4;Muy buena / Oso ona;271;86;1015,2;0;153,4;20;0,49;Buena / Ona
27/07/2017;2;8;41;Muy buena / Oso ona;12;45;69;Buena / Ona;18;Muy buena / Oso ona;2;6;Muy buena / Oso ona;289;83;1013,4;0;384,9;20;0,71;Buena / Ona
26/07/2017;1;5;25;Muy buena / Oso ona;6;56;84;Buena / Ona;15;Muy buena / Oso ona;1;4;Muy buena / Oso ona;278;79;1014,9;0;386,8;19;0,33;Buena / Ona
25/07/2017;0;2;7;Muy buena / Oso ona;2;53;67;Buena / Ona;9;Muy buena / Oso ona;2;3;Muy buena / Oso ona;262;81;1018,8;0;116,1;18;1,29;Buena / Ona
24/07/2017;0;3;9;Muy buena / Oso ona;4;41;45;Muy buena / Oso ona;5;Muy buena / Oso ona;2;2;Muy buena / Oso ona;293;88;1019,9;0,2;87;19;1,8;Muy buena / Oso ona
23/07/2017;0;1;5;Muy buena / Oso ona;1;54;72;Buena / Ona;13;Muy buena / Oso ona;1;4;Muy buena / Oso ona;282;74;1018,4;0;297,6;20;0,56;Buena / Ona
22/07/2017;0;5;13;Muy buena / Oso ona;5;41;63;Buena / Ona;12;Muy buena / Oso ona;1;3;Muy buena / Oso ona;257;79;1014,1;0;192,5;19;0,61;Buena / Ona
21/07/2017;0;6;12;Muy buena / Oso ona;6;38;55;Muy buena / Oso ona;8;Muy buena / Oso ona;2;3;Muy buena / Oso ona;245;86;1011,5;0;92;17;0,79;Muy buena / Oso ona
20/07/2017;0;4;10;Muy buena / Oso ona;4;53;64;Buena / Ona;7;Muy buena / Oso ona;1;3;Muy buena / Oso ona;275;81;1014,8;0;67,7;18;1,2;Buena / Ona
19/07/2017;1;7;29;Muy buena / Oso ona;8;76;99;Buena / Ona;22;Muy buena / Oso ona;1;5;Muy buena / Oso ona;314;74;1010,5;0;208;21;0,53;Buena / Ona
18/07/2017;1;7;15;Muy buena / Oso ona;8;84;93;Buena / Ona;24;Muy buena / Oso ona;2;4;Muy buena / Oso ona;313;73;1006,9;0;246,3;23;0,57;Buena / Ona
17/07/2017;4;21;53;Buena / Ona;27;68;114;Mejorable / Hobetzeko modukoa;28;Buena / Ona;2;5;Muy buena / Oso ona;35;78;1010,1;0;331,9;23;0,13;Mejorable / Hobetzeko modukoa
16/07/2017;0;7;19;Muy buena / Oso ona;7;67;99;Buena / Ona;15;Muy buena / Oso ona;2;6;Muy buena / Oso ona;275;78;1017,7;0;441,9;21;0,55;Buena / Ona
15/07/2017;0;6;12;Muy buena / Oso ona;6;53;62;Buena / Ona;9;Muy buena / Oso ona;2;8;Muy buena / Oso ona;50;79;1020,5;0;140,4;20;0,54;Buena / Ona
14/07/2017;3;7;14;Muy buena / Oso ona;11;43;;Sin datos / Daturik gabe;6;Muy buena / Oso ona;2;5;Muy buena / Oso ona;56;79;1020,7;0;108,5;20;0,44;Muy buena / Oso ona
13/07/2017;4;7;14;Muy buena / Oso ona;14;36;53;Muy buena / Oso ona;7;Muy buena / Oso ona;2;3;Muy buena / Oso ona;300;86;1019,9;0;48,7;19;0,75;Muy buena / Oso ona
12/07/2017;5;8;33;Muy buena / Oso ona;15;34;47;Muy buena / Oso ona;10;Muy buena / Oso ona;2;3;Muy buena / Oso ona;259;83;1018,2;0;101,4;20;0,39;Muy buena / Oso ona
11/07/2017;6;11;26;Muy buena / Oso ona;20;39;64;Buena / Ona;11;Muy buena / Oso ona;2;5;Muy buena / Oso ona;325;82;1014,3;0;292,3;19;0,48;Buena / Ona
10/07/2017;5;5;10;Muy buena / Oso ona;12;41;55;Muy buena / Oso ona;8;Muy buena / Oso ona;2;2;Muy buena / Oso ona;312;86;1014;0;167,8;19;1,19;Muy buena / Oso ona
09/07/2017;4;5;8;Muy buena / Oso ona;11;55;73;Buena / Ona;14;Muy buena / Oso ona;2;2;Muy buena / Oso ona;333;85;1012,8;0;184,2;20;1,18;Buena / Ona
08/07/2017;3;5;9;Muy buena / Oso ona;10;66;82;Buena / Ona;14;Muy buena / Oso ona;2;3;Muy buena / Oso ona;331;89;1014,7;0;105,8;20;1,19;Buena / Ona
07/07/2017;5;10;22;Muy buena / Oso ona;18;48;63;Buena / Ona;14;Muy buena / Oso ona;2;4;Muy buena / Oso ona;352;85;1015,2;0;208,3;20;1,2;Buena / Ona
06/07/2017;6;12;26;Muy buena / Oso ona;21;45;67;Buena / Ona;19;Muy buena / Oso ona;2;3;Muy buena / Oso ona;317;82;1013;0;193,6;20;0,48;Buena / Ona
05/07/2017;4;9;26;Muy buena / Oso ona;15;68;76;Buena / Ona;24;Muy buena / Oso ona;3;4;Muy buena / Oso ona;348;68;1009,8;0;257,2;23;0,97;Buena / Ona
04/07/2017;11;21;34;Muy buena / Oso ona;37;47;96;Buena / Ona;21;Muy buena / Oso ona;3;4;Muy buena / Oso ona;78;74;1011,1;0;447,3;23;0,64;Buena / Ona
03/07/2017;7;9;19;Muy buena / Oso ona;19;25;40;Muy buena / Oso ona;8;Muy buena / Oso ona;2;3;Muy buena / Oso ona;233;80;1020,9;0;473,8;19;0,38;Muy buena / Oso ona
02/07/2017;2;5;11;Muy buena / Oso ona;8;46;69;Buena / Ona;;Sin datos / Daturik gabe;2;3;Muy buena / Oso ona;285;79;1024,9;0;348,6;17;0,54;Buena / Ona
01/07/2017;1;4;7;Muy buena / Oso ona;5;57;69;Buena / Ona;;Sin datos / Daturik gabe;2;2;Muy buena / Oso ona;277;78;1023,1;0;79,4;16;2,4;Buena / Ona
30/06/2017;2;4;7;Muy buena / Oso ona;7;66;73;Buena / Ona;8;Muy buena / Oso ona;2;2;Muy buena / Oso ona;248;75;1014,8;0,1;111,8;16;3,03;Buena / Ona
29/06/2017;;;;Sin datos / Daturik gabe;;;;Sin datos / Daturik gabe;10;Muy buena / Oso ona;1;2;Muy buena / Oso ona;271;56;1008;0;247,5;18;2,89;Muy buena / Oso ona
28/06/2017;1;4;8;Muy buena / Oso ona;6;56;71;Buena / Ona;11;Muy buena / Oso ona;1;2;Muy buena / Oso ona;276;71;1003,7;0;279,8;19;2,45;Buena / Ona
27/06/2017;3;11;27;Muy buena / Oso ona;15;36;61;Buena / Ona;12;Muy buena / Oso ona;1;3;Muy buena / Oso ona;257;84;1006,5;0,1;117,4;19;0,84;Buena / Ona
26/06/2017;;;;Sin datos / Daturik gabe;;;;Sin datos / Daturik gabe;10;Muy buena / Oso ona;1;2;Muy buena / Oso ona;280;83;1007,8;0;225,1;21;0,55;Muy buena / Oso ona
25/06/2017;;;;Sin datos / Daturik gabe;;;;Sin datos / Daturik gabe;11;Muy buena / Oso ona;2;3;Muy buena / Oso ona;184;82;1014,1;0;96,2;20;0,45;Muy buena / Oso ona
24/06/2017;0;5;10;Muy buena / Oso ona;6;46;61;Buena / Ona;12;Muy buena / Oso ona;2;2;Muy buena / Oso ona;315;84;1019,2;0;76,5;19;0,47;Buena / Ona
23/06/2017;0;9;33;Muy buena / Oso ona;10;52;65;Buena / Ona;22;Muy buena / Oso ona;2;3;Muy buena / Oso ona;304;81;1020,5;0;57,6;20;0,51;Buena / Ona
22/06/2017;1;11;21;Muy buena / Oso ona;13;65;116;Mejorable / Hobetzeko modukoa;21;Muy buena / Oso ona;2;2;Muy buena / Oso ona;327;87;1016,1;0;45;20;1,17;Mejorable / Hobetzeko modukoa
21/06/2017;1;17;31;Muy buena / Oso ona;18;111;155;Mala / Txarra;29;Buena / Ona;3;5;Muy buena / Oso ona;120;63;1011,1;0;418,2;27;0,08;Mala / Txarra
20/06/2017;2;21;39;Muy buena / Oso ona;24;96;131;Mejorable / Hobetzeko modukoa;25;Muy buena / Oso ona;3;5;Muy buena / Oso ona;53;58;1012,3;0;335;26;0,13;Mejorable / Hobetzeko modukoa
19/06/2017;1;11;24;Muy buena / Oso ona;12;92;116;Mejorable / Hobetzeko modukoa;21;Muy buena / Oso ona;2;3;Muy buena / Oso ona;193;65;1010,2;0;391;25;1,53;Mejorable / Hobetzeko modukoa
18/06/2017;2;14;34;Muy buena / Oso ona;17;72;114;Mejorable / Hobetzeko modukoa;23;Muy buena / Oso ona;2;4;Muy buena / Oso ona;21;76;1011,4;0;468,9;22;0,55;Mejorable / Hobetzeko modukoa
17/06/2017;1;8;20;Muy buena / Oso ona;10;59;92;Buena / Ona;17;Muy buena / Oso ona;2;3;Muy buena / Oso ona;253;81;1018;0;468,7;20;0,83;Buena / Ona
16/06/2017;2;12;28;Muy buena / Oso ona;15;43;56;Muy buena / Oso ona;17;Muy buena / Oso ona;2;4;Muy buena / Oso ona;231;87;1021,8;0;74,8;19;0,32;Muy buena / Oso ona
15/06/2017;1;9;21;Muy buena / Oso ona;10;59;72;Buena / Ona;12;Muy buena / Oso ona;2;2;Muy buena / Oso ona;295;90;1019;0;40,1;18;0,98;Buena / Ona
14/06/2017;2;12;30;Muy buena / Oso ona;15;52;74;Buena / Ona;25;Muy buena / Oso ona;3;3;Muy buena / Oso ona;314;90;1012,4;0,1;94,9;19;0,64;Buena / Ona
13/06/2017;5;15;42;Muy buena / Oso ona;22;39;68;Buena / Ona;21;Muy buena / Oso ona;3;6;Muy buena / Oso ona;312;83;1011,9;0;239,1;19;0,39;Buena / Ona
12/06/2017;2;13;33;Muy buena / Oso ona;15;40;52;Muy buena / Oso ona;12;Muy buena / Oso ona;3;4;Muy buena / Oso ona;203;89;1016,7;0;38,3;18;0,24;Muy buena / Oso ona
11/06/2017;0;7;14;Muy buena / Oso ona;8;49;69;Buena / Ona;20;Muy buena / Oso ona;2;3;Muy buena / Oso ona;318;88;1016,9;0;149,6;19;1,28;Buena / Ona
10/06/2017;2;7;19;Muy buena / Oso ona;11;45;66;Buena / Ona;17;Muy buena / Oso ona;1;3;Muy buena / Oso ona;302;86;1015,1;0;297,3;19;0,41;Buena / Ona
09/06/2017;3;10;25;Muy buena / Oso ona;15;38;56;Muy buena / Oso ona;14;Muy buena / Oso ona;1;4;Muy buena / Oso ona;264;83;1014,5;0;224;18;0,45;Muy buena / Oso ona
08/06/2017;1;11;26;Muy buena / Oso ona;13;60;80;Buena / Ona;21;Muy buena / Oso ona;1;4;Muy buena / Oso ona;169;73;1010,7;0;301,6;20;0,19;Buena / Ona
07/06/2017;2;13;24;Muy buena / Oso ona;16;49;74;Buena / Ona;20;Muy buena / Oso ona;2;6;Muy buena / Oso ona;253;72;1017,8;0;458,1;17;0,36;Buena / Ona
06/06/2017;1;7;17;Muy buena / Oso ona;8;63;69;Buena / Ona;15;Muy buena / Oso ona;1;2;Muy buena / Oso ona;289;76;1016,4;0;185;16;1,95;Buena / Ona
05/06/2017;3;7;21;Muy buena / Oso ona;12;56;85;Buena / Ona;10;Muy buena / Oso ona;1;2;Muy buena / Oso ona;219;75;1012,7;0;448,6;17;1,41;Buena / Ona
04/06/2017;4;6;12;Muy buena / Oso ona;12;48;67;Buena / Ona;7;Muy buena / Oso ona;1;2;Muy buena / Oso ona;232;92;1018,3;0,1;30,6;14;1,06;Buena / Ona
03/06/2017;3;5;7;Muy buena / Oso ona;9;49;65;Buena / Ona;11;Muy buena / Oso ona;1;2;Muy buena / Oso ona;237;91;1017,5;0,2;40,3;15;1,15;Buena / Ona
02/06/2017;3;11;20;Muy buena / Oso ona;15;60;76;Buena / Ona;15;Muy buena / Oso ona;1;2;Muy buena / Oso ona;289;92;1015,6;0;42,5;17;0,77;Buena / Ona
01/06/2017;7;13;42;Muy buena / Oso ona;25;52;83;Buena / Ona;17;Muy buena / Oso ona;1;4;Muy buena / Oso ona;20;83;1015,3;0;392,7;20;0,47;Buena / Ona
31/05/2017;3;10;29;Muy buena / Oso ona;15;43;59;Muy buena / Oso ona;13;Muy buena / Oso ona;2;3;Muy buena / Oso ona;266;83;1016,7;0;326,3;18;0,78;Muy buena / Oso ona
30/05/2017;2;12;26;Muy buena / Oso ona;14;59;79;Buena / Ona;7;Muy buena / Oso ona;2;3;Muy buena / Oso ona;297;86;1016,5;0;126,2;17;0,48;Buena / Ona
29/05/2017;1;12;25;Muy buena / Oso ona;14;68;82;Buena / Ona;8;Muy buena / Oso ona;2;2;Muy buena / Oso ona;315;94;1013;0,2;42,6;17;0,64;Buena / Ona
28/05/2017;2;10;22;Muy buena / Oso ona;13;62;83;Buena / Ona;20;Muy buena / Oso ona;8;3;Muy buena / Oso ona;6;89;1010,6;0;63,8;18;0,37;Buena / Ona
27/05/2017;2;13;24;Muy buena / Oso ona;16;71;90;Buena / Ona;20;Muy buena / Oso ona;2;4;Muy buena / Oso ona;201;83;1010,4;0;220,6;19;0,27;Buena / Ona
26/05/2017;2;10;31;Muy buena / Oso ona;12;97;119;Mejorable / Hobetzeko modukoa;16;Muy buena / Oso ona;2;3;Muy buena / Oso ona;205;71;1009,4;0;321,4;21;0,51;Mejorable / Hobetzeko modukoa
25/05/2017;2;16;31;Muy buena / Oso ona;19;90;123;Mejorable / Hobetzeko modukoa;22;Muy buena / Oso ona;4;3;Muy buena / Oso ona;168;62;1009,3;0;423,2;25;0,74;Mejorable / Hobetzeko modukoa
24/05/2017;3;15;37;Muy buena / Oso ona;18;58;87;Buena / Ona;18;Muy buena / Oso ona;3;3;Muy buena / Oso ona;218;78;1015,8;0;434,3;19;0,52;Buena / Ona
23/05/2017;2;9;26;Muy buena / Oso ona;12;56;75;Buena / Ona;15;Muy buena / Oso ona;2;5;Muy buena / Oso ona;273;79;1020,6;0;344,1;16;0,6;Buena / Ona
22/05/2017;3;11;28;Muy buena / Oso ona;15;77;92;Buena / Ona;25;Muy buena / Oso ona;2;3;Muy buena / Oso ona;338;71;1015,2;0;411,9;19;1,31;Buena / Ona
21/05/2017;3;8;24;Muy buena / Oso ona;12;67;93;Buena / Ona;9;Muy buena / Oso ona;2;2;Muy buena / Oso ona;166;54;1011,6;0;271,6;22;1,34;Buena / Ona
20/05/2017;3;6;12;Muy buena / Oso ona;10;61;77;Buena / Ona;7;Muy buena / Oso ona;2;3;Muy buena / Oso ona;146;71;1021,2;0;308,5;14;0,12;Buena / Ona
19/05/2017;2;6;10;Muy buena / Oso ona;10;68;84;Buena / Ona;9;Muy buena / Oso ona;2;2;Muy buena / Oso ona;274;68;1019,1;0;234,7;13;1,16;Buena / Ona
18/05/2017;2;7;19;Muy buena / Oso ona;10;76;81;Buena / Ona;5;Muy buena / Oso ona;2;2;Muy buena / Oso ona;291;80;1016,1;0,2;168,3;13;1,92;Buena / Ona
17/05/2017;2;17;45;Muy buena / Oso ona;20;56;87;Buena / Ona;12;Muy buena / Oso ona;2;6;Muy buena / Oso ona;278;85;1015,8;0;50,4;16;0,43;Buena / Ona
16/05/2017;3;16;43;Muy buena / Oso ona;21;70;107;Mejorable / Hobetzeko modukoa;15;Muy buena / Oso ona;2;7;Muy buena / Oso ona;20;69;1020,7;0;302,1;19;0,23;Mejorable / Hobetzeko modukoa
15/05/2017;1;14;23;Muy buena / Oso ona;16;67;91;Buena / Ona;11;Muy buena / Oso ona;2;6;Muy buena / Oso ona;48;63;1022,2;0;319,6;20;0,22;Buena / Ona
14/05/2017;2;9;20;Muy buena / Oso ona;11;56;84;Buena / Ona;9;Muy buena / Oso ona;2;6;Muy buena / Oso ona;253;70;1019,5;0;402,2;17;0,45;Buena / Ona
13/05/2017;2;7;14;Muy buena / Oso ona;10;69;93;Buena / Ona;7;Muy buena / Oso ona;2;7;Muy buena / Oso ona;258;71;1011,6;0;318,6;17;0,22;Buena / Ona
12/05/2017;1;5;16;Muy buena / Oso ona;7;78;87;Buena / Ona;6;Muy buena / Oso ona;2;4;Muy buena / Oso ona;207;63;1000,4;0,1;143,2;18;2,03;Buena / Ona
11/05/2017;1;3;14;Muy buena / Oso ona;5;90;92;Buena / Ona;4;Muy buena / Oso ona;2;4;Muy buena / Oso ona;206;55;992,4;0;196,7;19;2,57;Buena / Ona
10/05/2017;2;15;35;Muy buena / Oso ona;19;69;104;Mejorable / Hobetzeko modukoa;15;Muy buena / Oso ona;2;8;Muy buena / Oso ona;232;77;996,6;0;365,5;17;0,08;Mejorable / Hobetzeko modukoa
09/05/2017;3;19;38;Muy buena / Oso ona;23;59;85;Buena / Ona;16;Muy buena / Oso ona;2;8;Muy buena / Oso ona;245;80;1006,1;0;219,9;14;0,72;Buena / Ona
08/05/2017;3;13;38;Muy buena / Oso ona;18;54;82;Buena / Ona;9;Muy buena / Oso ona;2;6;Muy buena / Oso ona;250;75;1017;0;299,4;13;1,2;Buena / Ona
07/05/2017;1;8;13;Muy buena / Oso ona;10;64;83;Buena / Ona;8;Muy buena / Oso ona;2;7;Muy buena / Oso ona;254;67;1019,5;0;392,9;15;0,99;Buena / Ona
06/05/2017;2;6;9;Muy buena / Oso ona;9;73;93;Buena / Ona;7;Muy buena / Oso ona;2;7;Muy buena / Oso ona;291;63;1013,5;0;437,7;15;0,13;Buena / Ona
05/05/2017;2;11;36;Muy buena / Oso ona;15;74;96;Buena / Ona;15;Muy buena / Oso ona;2;5;Muy buena / Oso ona;192;72;1002,6;0,1;172,3;18;0,77;Buena / Ona
04/05/2017;4;18;37;Muy buena / Oso ona;24;60;85;Buena / Ona;16;Muy buena / Oso ona;2;7;Muy buena / Oso ona;232;78;1007,8;0;219,8;15;0,25;Buena / Ona
03/05/2017;3;10;29;Muy buena / Oso ona;15;56;81;Buena / Ona;10;Muy buena / Oso ona;2;5;Muy buena / Oso ona;247;86;1013,6;0;258,6;14;1,4;Buena / Ona
02/05/2017;2;9;16;Muy buena / Oso ona;12;69;82;Buena / Ona;10;Muy buena / Oso ona;2;4;Muy buena / Oso ona;265;78;1017,6;0;143,6;14;0,81;Buena / Ona
01/05/2017;3;7;23;Muy buena / Oso ona;11;78;93;Buena / Ona;12;Muy buena / Oso ona;2;5;Muy buena / Oso ona;254;59;1016,7;0;266,2;12;0,78;Buena / Ona
30/04/2017;3;5;7;Muy buena / Oso ona;8;93;99;Buena / Ona;7;Muy buena / Oso ona;1;3;Muy buena / Oso ona;223;63;1004,2;0,1;84,2;13;1,96;Buena / Ona
29/04/2017;2;7;18;Muy buena / Oso ona;11;76;94;Buena / Ona;7;Muy buena / Oso ona;2;3;Muy buena / Oso ona;173;55;1005,4;0;399,2;16;1,67;Buena / Ona
28/04/2017;4;13;52;Buena / Ona;20;68;93;Buena / Ona;8;Muy buena / Oso ona;2;12;Muy buena / Oso ona;191;71;1016,4;0;305,5;9;0,35;Buena / Ona
27/04/2017;3;10;32;Muy buena / Oso ona;14;71;97;Buena / Ona;6;Muy buena / Oso ona;2;7;Muy buena / Oso ona;245;74;1017,2;0;257,1;7;0,69;Buena / Ona
26/04/2017;2;11;30;Muy buena / Oso ona;15;76;91;Buena / Ona;6;Muy buena / Oso ona;2;7;Muy buena / Oso ona;307;80;1013,2;0;80,9;8;0,86;Buena / Ona
25/04/2017;2;15;26;Muy buena / Oso ona;18;65;78;Buena / Ona;11;Muy buena / Oso ona;2;6;Muy buena / Oso ona;286;87;1007,3;0;31,3;12;0,67;Buena / Ona
24/04/2017;;;;Sin datos / Daturik gabe;28;61;90;Buena / Ona;16;Muy buena / Oso ona;2;25;Muy buena / Oso ona;283;74;1011,2;0;334,9;13;0,73;Buena / Ona
23/04/2017;3;15;31;Muy buena / Oso ona;19;78;115;Mejorable / Hobetzeko modukoa;16;Muy buena / Oso ona;2;13;Muy buena / Oso ona;332;67;1015,2;0;402,1;14;0,3;Mejorable / Hobetzeko modukoa
22/04/2017;;;;Sin datos / Daturik gabe;10;105;125;Mejorable / Hobetzeko modukoa;17;Muy buena / Oso ona;2;6;Muy buena / Oso ona;206;44;1017,5;0;404,4;17;1,34;Mejorable / Hobetzeko modukoa
21/04/2017;7;25;61;Buena / Ona;33;74;110;Mejorable / Hobetzeko modukoa;20;Muy buena / Oso ona;2;7;Muy buena / Oso ona;222;55;1020,9;0;405,5;14;0,77;Mejorable / Hobetzeko modukoa
20/04/2017;;;;Sin datos / Daturik gabe;17;77;99;Buena / Ona;16;Muy buena / Oso ona;2;13;Muy buena / Oso ona;62;54;1023;0;410,1;11;0,8;Buena / Ona
19/04/2017;5;17;51;Buena / Ona;23;78;100;Buena / Ona;16;Muy buena / Oso ona;2;26;Muy buena / Oso ona;53;58;1022,2;0;400,9;12;1,13;Buena / Ona
18/04/2017;3;13;34;Muy buena / Oso ona;18;66;89;Buena / Ona;14;Muy buena / Oso ona;2;16;Muy buena / Oso ona;25;78;1019,7;0;155,1;12;0,35;Buena / Ona
17/04/2017;3;10;17;Muy buena / Oso ona;14;63;87;Buena / Ona;13;Muy buena / Oso ona;2;6;Muy buena / Oso ona;294;78;1018,3;0;376,5;13;0,19;Buena / Ona
16/04/2017;3;8;13;Muy buena / Oso ona;12;62;81;Buena / Ona;8;Muy buena / Oso ona;2;6;Muy buena / Oso ona;114;76;1021,7;0;341;13;0,28;Buena / Ona
15/04/2017;2;7;12;Muy buena / Oso ona;9;72;94;Buena / Ona;12;Muy buena / Oso ona;2;4;Muy buena / Oso ona;275;80;1021,2;0;110,3;13;0,74;Buena / Ona
14/04/2017;2;9;12;Muy buena / Oso ona;12;71;94;Buena / Ona;17;Muy buena / Oso ona;2;10;Muy buena / Oso ona;223;85;1018;0;42,2;13;1,19;Buena / Ona
13/04/2017;3;15;35;Muy buena / Oso ona;18;70;105;Mejorable / Hobetzeko modukoa;14;Muy buena / Oso ona;2;13;Muy buena / Oso ona;357;81;1016,2;0;354,6;13;0,32;Mejorable / Hobetzeko modukoa
12/04/2017;3;11;42;Muy buena / Oso ona;16;68;97;Buena / Ona;15;Muy buena / Oso ona;2;5;Muy buena / Oso ona;248;83;1018,7;0;367,9;12;1,02;Buena / Ona
11/04/2017;2;10;20;Muy buena / Oso ona;12;81;;Sin datos / Daturik gabe;17;Muy buena / Oso ona;2;4;Muy buena / Oso ona;275;80;1022,8;0;198,7;13;0,59;Muy buena / Oso ona
10/04/2017;;;;Sin datos / Daturik gabe;14;86;108;Mejorable / Hobetzeko modukoa;24;Muy buena / Oso ona;2;16;Muy buena / Oso ona;279;86;1022,7;0;45,8;13;1,07;Mejorable / Hobetzeko modukoa
09/04/2017;;;;Sin datos / Daturik gabe;17;76;108;Mejorable / Hobetzeko modukoa;21;Muy buena / Oso ona;2;10;Muy buena / Oso ona;353;76;1017,9;0;368,1;15;0,56;Mejorable / Hobetzeko modukoa
08/04/2017;;;;Sin datos / Daturik gabe;15;75;105;Mejorable / Hobetzeko modukoa;19;Muy buena / Oso ona;2;8;Muy buena / Oso ona;168;59;1014,2;0;367,2;17;0,93;Mejorable / Hobetzeko modukoa
07/04/2017;6;17;34;Muy buena / Oso ona;25;64;94;Buena / Ona;19;Muy buena / Oso ona;2;7;Muy buena / Oso ona;218;79;1018;0;359,9;12;0,39;Buena / Ona
06/04/2017;3;15;36;Muy buena / Oso ona;18;73;90;Buena / Ona;18;Muy buena / Oso ona;2;5;Muy buena / Oso ona;339;81;1022,7;0;282,8;13;1,03;Buena / Ona
05/04/2017;3;9;17;Muy buena / Oso ona;13;80;85;Buena / Ona;13;Muy buena / Oso ona;2;3;Muy buena / Oso ona;326;84;1024,3;0;79;12;2,11;Buena / Ona
04/04/2017;3;10;20;Muy buena / Oso ona;13;74;86;Buena / Ona;10;Muy buena / Oso ona;2;4;Muy buena / Oso ona;273;82;1025;0;103,4;12;1,13;Buena / Ona
03/04/2017;3;11;32;Muy buena / Oso ona;15;69;94;Buena / Ona;12;Muy buena / Oso ona;2;4;Muy buena / Oso ona;232;77;1022,3;0;343;12;0,97;Buena / Ona
02/04/2017;3;4;11;Muy buena / Oso ona;9;85;96;Buena / Ona;12;Muy buena / Oso ona;1;4;Muy buena / Oso ona;286;77;1021,7;0;150,6;11;1,85;Buena / Ona
01/04/2017;4;3;6;Muy buena / Oso ona;9;86;95;Buena / Ona;9;Muy buena / Oso ona;1;3;Muy buena / Oso ona;265;72;1017,7;0;186,8;12;2,89;Buena / Ona
31/03/2017;6;16;45;Muy buena / Oso ona;24;73;94;Buena / Ona;14;Muy buena / Oso ona;2;5;Muy buena / Oso ona;255;77;1014,7;0,1;177,1;14;0,98;Buena / Ona
30/03/2017;3;8;13;Muy buena / Oso ona;12;90;99;Buena / Ona;13;Muy buena / Oso ona;2;3;Muy buena / Oso ona;184;44;1015,3;0;172,3;21;1,23;Buena / Ona
29/03/2017;4;15;39;Muy buena / Oso ona;20;75;84;Buena / Ona;13;Muy buena / Oso ona;2;7;Muy buena / Oso ona;194;52;1020,2;0;338,4;18;1,14;Buena / Ona
28/03/2017;3;13;30;Muy buena / Oso ona;17;76;89;Buena / Ona;10;Muy buena / Oso ona;2;6;Muy buena / Oso ona;216;61;1021,1;0;311,9;15;1,11;Buena / Ona
27/03/2017;2;7;19;Muy buena / Oso ona;11;87;100;Buena / Ona;8;Muy buena / Oso ona;1;3;Muy buena / Oso ona;195;56;1012,4;0;258,3;15;1,58;Buena / Ona
26/03/2017;2;6;14;Muy buena / Oso ona;9;74;85;Buena / Ona;6;Muy buena / Oso ona;1;2;Muy buena / Oso ona;179;64;1009,5;0;147,4;13;1,34;Buena / Ona
25/03/2017;3;6;8;Muy buena / Oso ona;10;80;82;Buena / Ona;3;Muy buena / Oso ona;1;2;Muy buena / Oso ona;213;89;1008,9;0,3;11;8;1,42;Buena / Ona
24/03/2017;5;16;46;Muy buena / Oso ona;24;65;84;Buena / Ona;9;Muy buena / Oso ona;2;8;Muy buena / Oso ona;149;63;1012,4;0;255,7;9;0,52;Buena / Ona
23/03/2017;2;4;14;Muy buena / Oso ona;7;78;91;Buena / Ona;3;Muy buena / Oso ona;1;2;Muy buena / Oso ona;196;58;1006,2;0;356,2;8;2,22;Buena / Ona
22/03/2017;3;10;22;Muy buena / Oso ona;15;73;79;Buena / Ona;6;Muy buena / Oso ona;1;3;Muy buena / Oso ona;200;79;1007,3;0,1;35,5;8;1,02;Buena / Ona
21/03/2017;3;9;14;Muy buena / Oso ona;13;74;90;Buena / Ona;6;Muy buena / Oso ona;1;3;Muy buena / Oso ona;251;82;1015,1;0;33,3;10;1,15;Buena / Ona
20/03/2017;4;14;24;Muy buena / Oso ona;20;61;77;Buena / Ona;21;Muy buena / Oso ona;2;6;Muy buena / Oso ona;242;79;1015,3;0;24,7;11;0,85;Buena / Ona
19/03/2017;1;8;14;Muy buena / Oso ona;9;65;88;Buena / Ona;13;Muy buena / Oso ona;2;5;Muy buena / Oso ona;290;83;1018,8;0;159,2;10;0,37;Buena / Ona
18/03/2017;1;10;22;Muy buena / Oso ona;12;64;78;Buena / Ona;11;Muy buena / Oso ona;2;5;Muy buena / Oso ona;236;79;1022,2;0;74,5;11;0,45;Buena / Ona
17/03/2017;3;17;36;Muy buena / Oso ona;22;64;85;Buena / Ona;19;Muy buena / Oso ona;2;5;Muy buena / Oso ona;273;84;1021,3;0;82,4;12;0,82;Buena / Ona
16/03/2017;2;15;44;Muy buena / Oso ona;18;69;97;Buena / Ona;17;Muy buena / Oso ona;2;4;Muy buena / Oso ona;164;58;1016,7;0;320,1;17;1,17;Buena / Ona
15/03/2017;3;15;34;Muy buena / Oso ona;19;54;79;Buena / Ona;17;Muy buena / Oso ona;2;4;Muy buena / Oso ona;220;84;1024,7;0;242,8;12;0,6;Buena / Ona
14/03/2017;4;13;32;Muy buena / Oso ona;19;65;82;Buena / Ona;17;Muy buena / Oso ona;2;5;Muy buena / Oso ona;344;87;1030,2;0;43,4;12;1,42;Buena / Ona
13/03/2017;5;11;20;Muy buena / Oso ona;18;80;89;Buena / Ona;21;Muy buena / Oso ona;2;18;Muy buena / Oso ona;327;82;1026,3;0,2;13,5;11;3,61;Buena / Ona
12/03/2017;5;4;8;Muy buena / Oso ona;12;85;91;Buena / Ona;14;Muy buena / Oso ona;1;9;Muy buena / Oso ona;288;75;1018,5;0,1;37,4;12;3,58;Buena / Ona
11/03/2017;6;21;66;Buena / Ona;31;61;93;Buena / Ona;28;Buena / Ona;2;9;Muy buena / Oso ona;298;67;1014,5;0;140,2;15;1,34;Buena / Ona
10/03/2017;22;40;68;Buena / Ona;74;21;41;Muy buena / Oso ona;40;Buena / Ona;3;13;Muy buena / Oso ona;131;74;1017,3;0;292,4;14;0,35;Buena / Ona
09/03/2017;7;20;33;Muy buena / Oso ona;31;39;57;Muy buena / Oso ona;21;Muy buena / Oso ona;2;6;Muy buena / Oso ona;187;83;1023,2;0;257,1;13;0,34;Muy buena / Oso ona
08/03/2017;7;14;39;Muy buena / Oso ona;25;55;70;Buena / Ona;16;Muy buena / Oso ona;2;6;Muy buena / Oso ona;351;80;1025,2;0;193,1;14;0,42;Buena / Ona
07/03/2017;7;7;12;Muy buena / Oso ona;17;68;74;Buena / Ona;17;Muy buena / Oso ona;2;4;Muy buena / Oso ona;268;78;1023,8;0;44,7;13;1,91;Buena / Ona
06/03/2017;7;9;19;Muy buena / Oso ona;20;75;90;Buena / Ona;22;Muy buena / Oso ona;2;4;Muy buena / Oso ona;260;71;1019,1;0;21,1;14;2,31;Buena / Ona
05/03/2017;7;8;27;Muy buena / Oso ona;19;70;80;Buena / Ona;18;Muy buena / Oso ona;2;5;Muy buena / Oso ona;206;71;1010,4;0;66,4;13;1,63;Buena / Ona
04/03/2017;7;6;30;Muy buena / Oso ona;17;78;90;Buena / Ona;7;Muy buena / Oso ona;1;3;Muy buena / Oso ona;240;59;1002,2;0;201,1;9;1,9;Buena / Ona
03/03/2017;8;10;25;Muy buena / Oso ona;23;77;88;Buena / Ona;8;Muy buena / Oso ona;1;4;Muy buena / Oso ona;235;62;998,4;0;50;13;1,05;Buena / Ona
02/03/2017;20;23;61;Buena / Ona;54;47;69;Buena / Ona;15;Muy buena / Oso ona;2;9;Muy buena / Oso ona;184;69;1012,5;0;156;13;0,77;Buena / Ona
01/03/2017;7;9;27;Muy buena / Oso ona;20;65;76;Buena / Ona;6;Muy buena / Oso ona;1;4;Muy buena / Oso ona;199;68;1013,8;0;259,4;12;1,79;Buena / Ona
28/02/2017;9;6;12;Muy buena / Oso ona;21;76;88;Buena / Ona;9;Muy buena / Oso ona;1;3;Muy buena / Oso ona;234;77;1009;0,1;25,3;10;1,81;Buena / Ona
27/02/2017;8;8;17;Muy buena / Oso ona;20;72;85;Buena / Ona;13;Muy buena / Oso ona;2;4;Muy buena / Oso ona;217;63;1007,5;0;220;14;1,37;Buena / Ona
26/02/2017;7;13;19;Muy buena / Oso ona;23;55;78;Buena / Ona;15;Muy buena / Oso ona;2;8;Muy buena / Oso ona;190;76;1016,6;0;240,5;12;0,19;Buena / Ona
25/02/2017;10;25;41;Muy buena / Oso ona;41;42;63;Buena / Ona;18;Muy buena / Oso ona;2;7;Muy buena / Oso ona;120;75;1017,2;0;250,9;10;0,87;Buena / Ona
24/02/2017;9;16;33;Muy buena / Oso ona;29;68;82;Buena / Ona;11;Muy buena / Oso ona;2;6;Muy buena / Oso ona;341;86;1018,4;0,1;46,7;9;0,74;Buena / Ona
23/02/2017;11;23;37;Muy buena / Oso ona;39;39;56;Muy buena / Oso ona;29;Buena / Ona;2;12;Muy buena / Oso ona;250;83;1014;0;67,3;11;0,67;Buena / Ona
22/02/2017;14;25;44;Muy buena / Oso ona;46;37;58;Muy buena / Oso ona;20;Muy buena / Oso ona;2;9;Muy buena / Oso ona;112;88;1018,3;0;228,9;10;0,16;Muy buena / Oso ona
21/02/2017;13;27;63;Buena / Ona;47;40;57;Muy buena / Oso ona;14;Muy buena / Oso ona;2;8;Muy buena / Oso ona;145;81;1024,8;0;58,2;10;0,46;Buena / Ona
20/02/2017;7;15;31;Muy buena / Oso ona;26;56;86;Buena / Ona;14;Muy buena / Oso ona;2;4;Muy buena / Oso ona;260;80;1029,7;0;221,1;11;0,33;Buena / Ona
19/02/2017;7;12;19;Muy buena / Oso ona;23;69;95;Buena / Ona;12;Muy buena / Oso ona;1;4;Muy buena / Oso ona;305;85;1028,9;0;37,4;11;0,44;Buena / Ona
18/02/2017;8;19;38;Muy buena / Oso ona;31;53;92;Buena / Ona;16;Muy buena / Oso ona;2;5;Muy buena / Oso ona;300;81;1023,2;0;154,4;11;0,53;Buena / Ona
17/02/2017;10;26;45;Muy buena / Oso ona;41;44;64;Buena / Ona;19;Muy buena / Oso ona;2;6;Muy buena / Oso ona;166;71;1027,3;0;234,7;12;0,63;Buena / Ona
16/02/2017;6;14;36;Muy buena / Oso ona;23;61;71;Buena / Ona;15;Muy buena / Oso ona;2;4;Muy buena / Oso ona;192;62;1030,5;0;221,8;14;2,17;Buena / Ona
15/02/2017;5;7;18;Muy buena / Oso ona;14;68;72;Buena / Ona;9;Muy buena / Oso ona;1;3;Muy buena / Oso ona;183;52;1029,2;0;183,3;15;1,98;Buena / Ona
14/02/2017;4;5;7;Muy buena / Oso ona;11;73;82;Buena / Ona;5;Muy buena / Oso ona;1;3;Muy buena / Oso ona;191;52;1020;0;183,2;15;1,77;Buena / Ona
13/02/2017;5;9;27;Muy buena / Oso ona;16;68;83;Buena / Ona;18;Muy buena / Oso ona;1;3;Muy buena / Oso ona;141;61;1005,3;0;96,8;15;2,05;Buena / Ona
12/02/2017;4;7;16;Muy buena / Oso ona;14;58;82;Buena / Ona;20;Muy buena / Oso ona;1;4;Muy buena / Oso ona;140;74;1004,3;0,9;32;12;1,69;Buena / Ona
11/02/2017;5;18;31;Muy buena / Oso ona;26;35;49;Muy buena / Oso ona;16;Muy buena / Oso ona;2;5;Muy buena / Oso ona;111;87;1014,9;3,4;41,8;7;0,41;Muy buena / Oso ona
10/02/2017;5;10;28;Muy buena / Oso ona;18;63;77;Buena / Ona;10;Muy buena / Oso ona;1;4;Muy buena / Oso ona;171;50;1011,6;0;87,9;11;1,23;Buena / Ona
09/02/2017;6;10;46;Muy buena / Oso ona;19;62;77;Buena / Ona;5;Muy buena / Oso ona;1;4;Muy buena / Oso ona;171;62;1018,1;0,1;187,4;10;1,53;Buena / Ona
08/02/2017;3;7;16;Muy buena / Oso ona;11;79;92;Buena / Ona;11;Muy buena / Oso ona;1;3;Muy buena / Oso ona;280;76;1029,4;6,6;73,4;9;2,4;Buena / Ona
07/02/2017;3;8;18;Muy buena / Oso ona;13;69;84;Buena / Ona;9;Muy buena / Oso ona;1;4;Muy buena / Oso ona;264;81;1024,1;9,4;33,4;11;2,33;Buena / Ona
06/02/2017;21;24;61;Buena / Ona;56;41;87;Buena / Ona;14;Muy buena / Oso ona;1;5;Muy buena / Oso ona;195;86;1024,1;8,3;44,3;11;1,46;Buena / Ona
05/02/2017;2;3;6;Muy buena / Oso ona;6;88;90;Buena / Ona;11;Muy buena / Oso ona;1;3;Muy buena / Oso ona;263;68;1014,8;13,1;50,5;10;4,91;Buena / Ona
04/02/2017;3;7;22;Muy buena / Oso ona;12;66;89;Buena / Ona;9;Muy buena / Oso ona;1;3;Muy buena / Oso ona;236;83;1006,9;14,7;16,5;12;1,12;Buena / Ona
03/02/2017;5;4;14;Muy buena / Oso ona;12;86;89;Buena / Ona;7;Muy buena / Oso ona;1;3;Muy buena / Oso ona;209;45;1005,8;0;144;15;2,59;Buena / Ona
02/02/2017;6;5;25;Muy buena / Oso ona;14;80;84;Buena / Ona;6;Muy buena / Oso ona;1;4;Muy buena / Oso ona;199;52;1006,1;0,2;35;15;3,05;Buena / Ona
01/02/2017;3;5;11;Muy buena / Oso ona;10;67;73;Buena / Ona;5;Muy buena / Oso ona;1;3;Muy buena / Oso ona;201;50;1012,1;0,2;174,1;16;2,3;Buena / Ona
31/01/2017;4;5;18;Muy buena / Oso ona;11;62;71;Buena / Ona;6;Muy buena / Oso ona;1;3;Muy buena / Oso ona;193;50;1013,1;0;187,1;17;2,37;Buena / Ona
30/01/2017;4;5;25;Muy buena / Oso ona;11;56;66;Buena / Ona;3;Muy buena / Oso ona;1;4;Muy buena / Oso ona;195;61;1016,9;0;47,8;17;3;Buena / Ona
29/01/2017;4;3;9;Muy buena / Oso ona;9;67;75;Buena / Ona;4;Muy buena / Oso ona;1;4;Muy buena / Oso ona;195;60;1019,8;0;74,3;14;3,19;Buena / Ona
28/01/2017;4;8;23;Muy buena / Oso ona;15;66;80;Buena / Ona;8;Muy buena / Oso ona;1;4;Muy buena / Oso ona;220;64;1020,8;0;158,8;10;1,14;Buena / Ona
27/01/2017;4;7;11;Muy buena / Oso ona;14;72;72;Buena / Ona;8;Muy buena / Oso ona;1;3;Muy buena / Oso ona;189;58;1007,9;0;35;11;2,27;Buena / Ona
26/01/2017;5;12;29;Muy buena / Oso ona;20;59;73;Buena / Ona;15;Muy buena / Oso ona;1;5;Muy buena / Oso ona;187;59;1010,8;0;108,1;9;3,46;Buena / Ona
25/01/2017;7;22;30;Muy buena / Oso ona;32;37;60;Muy buena / Oso ona;10;Muy buena / Oso ona;1;6;Muy buena / Oso ona;169;78;1023,6;0;186,1;4;1,01;Muy buena / Oso ona
24/01/2017;8;20;38;Muy buena / Oso ona;32;42;66;Buena / Ona;14;Muy buena / Oso ona;2;4;Muy buena / Oso ona;218;82;1028;0;115,1;6;0,16;Buena / Ona
23/01/2017;5;15;32;Muy buena / Oso ona;23;59;71;Buena / Ona;11;Muy buena / Oso ona;1;5;Muy buena / Oso ona;277;80;1024,8;0;50,6;9;0,88;Buena / Ona
22/01/2017;5;14;25;Muy buena / Oso ona;21;41;62;Buena / Ona;13;Muy buena / Oso ona;2;5;Muy buena / Oso ona;213;86;1022,8;0;64,1;7;0,88;Buena / Ona
21/01/2017;11;30;46;Muy buena / Oso ona;47;23;44;Muy buena / Oso ona;21;Muy buena / Oso ona;2;11;Muy buena / Oso ona;182;83;1022,3;0;136,7;6;0,57;Muy buena / Oso ona
20/01/2017;15;29;45;Muy buena / Oso ona;51;18;31;Muy buena / Oso ona;19;Muy buena / Oso ona;2;7;Muy buena / Oso ona;178;82;1024,8;0;156,7;;0,8;Muy buena / Oso ona
19/01/2017;6;27;49;Muy buena / Oso ona;36;22;35;Muy buena / Oso ona;15;Muy buena / Oso ona;2;6;Muy buena / Oso ona;146;78;1026,7;0;12,9;4;0,91;Muy buena / Oso ona
18/01/2017;3;17;26;Muy buena / Oso ona;22;48;63;Buena / Ona;15;Muy buena / Oso ona;2;10;Muy buena / Oso ona;8;65;1027,7;0;5;4;1,73;Buena / Ona
17/01/2017;3;15;32;Muy buena / Oso ona;20;59;65;Buena / Ona;7;Muy buena / Oso ona;2;21;Muy buena / Oso ona;41;61;1028,9;3,6;97,9;7;2,25;Buena / Ona
16/01/2017;3;7;14;Muy buena / Oso ona;12;78;88;Buena / Ona;10;Muy buena / Oso ona;2;9;Muy buena / Oso ona;317;88;1027,1;24,6;12,3;11;3,94;Buena / Ona
15/01/2017;1;5;9;Muy buena / Oso ona;7;82;86;Buena / Ona;8;Muy buena / Oso ona;2;6;Muy buena / Oso ona;302;81;1031;18,5;18,7;10;2,79;Buena / Ona
14/01/2017;2;5;9;Muy buena / Oso ona;8;75;81;Buena / Ona;6;Muy buena / Oso ona;1;5;Muy buena / Oso ona;273;81;1029,8;13,3;49,1;7;2,19;Buena / Ona
13/01/2017;4;6;11;Muy buena / Oso ona;12;78;84;Buena / Ona;;Sin datos / Daturik gabe;1;4;Muy buena / Oso ona;277;75;1025,3;19,7;46,9;8;3,16;Buena / Ona
12/01/2017;6;10;20;Muy buena / Oso ona;19;42;62;Buena / Ona;6;Muy buena / Oso ona;1;4;Muy buena / Oso ona;250;84;1022,2;6,5;40,6;12;1,46;Buena / Ona
11/01/2017;3;10;22;Muy buena / Oso ona;14;61;81;Buena / Ona;3;Muy buena / Oso ona;1;4;Muy buena / Oso ona;290;91;1025,6;5,7;12,8;13;2,44;Buena / Ona
10/01/2017;3;9;13;Muy buena / Oso ona;13;70;78;Buena / Ona;8;Muy buena / Oso ona;1;5;Muy buena / Oso ona;295;91;1022,2;51,9;5,3;10;2,61;Buena / Ona
09/01/2017;9;29;51;Buena / Ona;43;29;35;Muy buena / Oso ona;12;Muy buena / Oso ona;1;7;Muy buena / Oso ona;171;75;1030;0,1;164,5;9;0,99;Buena / Ona
08/01/2017;4;25;42;Muy buena / Oso ona;31;34;55;Muy buena / Oso ona;17;Muy buena / Oso ona;2;8;Muy buena / Oso ona;155;65;1034,4;0;122,1;6;0,74;Muy buena / Oso ona
07/01/2017;6;25;36;Muy buena / Oso ona;34;27;47;Muy buena / Oso ona;18;Muy buena / Oso ona;2;9;Muy buena / Oso ona;180;75;1034,6;0;155,6;;0,93;Muy buena / Oso ona
06/01/2017;3;16;26;Muy buena / Oso ona;20;35;55;Muy buena / Oso ona;11;Muy buena / Oso ona;1;5;Muy buena / Oso ona;189;80;1033,9;0;159,6;4;1,02;Muy buena / Oso ona
05/01/2017;5;19;27;Muy buena / Oso ona;26;31;55;Muy buena / Oso ona;11;Muy buena / Oso ona;1;6;Muy buena / Oso ona;171;80;1031,9;0;158,5;5;1,24;Muy buena / Oso ona
04/01/2017;12;23;38;Muy buena / Oso ona;41;15;32;Muy buena / Oso ona;18;Muy buena / Oso ona;2;14;Muy buena / Oso ona;208;89;1029,3;0;122,6;5;0,98;Muy buena / Oso ona
03/01/2017;10;23;35;Muy buena / Oso ona;38;15;28;Muy buena / Oso ona;20;Muy buena / Oso ona;2;8;Muy buena / Oso ona;202;84;1026,1;0;128,9;6;0,81;Muy buena / Oso ona
02/01/2017;6;16;52;Buena / Ona;25;39;55;Muy buena / Oso ona;14;Muy buena / Oso ona;1;4;Muy buena / Oso ona;191;63;1020,5;0;71,5;8;2,91;Buena / Ona
01/01/2017;1;8;29;Muy buena / Oso ona;10;36;49;Muy buena / Oso ona;8;Muy buena / Oso ona;1;4;Muy buena / Oso ona;196;66;1024,2;0;134,4;6;3,26;Muy buena / Oso ona
