Date;NO (µg/m3);NO2 (µg/m3);NO2 max (µg/m3);NO2 - ICA;NOX (µg/m3);O3 (µg/m3);O3 8h max (µg/m3);O3 8h max - ICA;PM10 (µg/m3);PM10 - ICA;SO2 (µg/m3);SO2 - ICA;D.vien (grados);H (%);P (mBar);Precipitación (l/m2);R (w/m2);Tº (ºC);V.vien (m/s);ICA Estación
28/10/2017;;;;Sin datos / Daturik gabe;24;40;72;Buena / Ona;15;Muy buena / Oso ona;4;Muy buena / Oso ona;232;87;1017,7;0;53,9;14,5;0,14;Buena / Ona
27/10/2017;;;;Sin datos / Daturik gabe;37;40;72;Buena / Ona;19;Muy buena / Oso ona;4;Muy buena / Oso ona;311;88;1019,3;0;26,8;15,2;0,5;Buena / Ona
26/10/2017;;;;Sin datos / Daturik gabe;21;53;70;Buena / Ona;20;Muy buena / Oso ona;4;Muy buena / Oso ona;254;64;1013,4;0;244,6;19,4;0,82;Buena / Ona
25/10/2017;;;;Sin datos / Daturik gabe;52;25;43;Muy buena / Oso ona;21;Muy buena / Oso ona;4;Muy buena / Oso ona;197;70;1009,5;0;256,9;17,9;0,37;Muy buena / Oso ona
24/10/2017;12;37;61;Buena / Ona;49;13;23;Muy buena / Oso ona;16;Muy buena / Oso ona;4;Muy buena / Oso ona;167;71;1010,8;0;226,8;15,9;0,85;Buena / Ona
23/10/2017;;;;Sin datos / Daturik gabe;28;26;43;Muy buena / Oso ona;12;Muy buena / Oso ona;4;Muy buena / Oso ona;158;83;1014,6;0;232,5;13,7;0,79;Muy buena / Oso ona
22/10/2017;;;;Sin datos / Daturik gabe;10;51;63;Buena / Ona;7;Muy buena / Oso ona;4;Muy buena / Oso ona;255;90;1016,2;0;59,1;12,9;1,18;Buena / Ona
21/10/2017;;;;Sin datos / Daturik gabe;8;61;67;Buena / Ona;12;Muy buena / Oso ona;3;Muy buena / Oso ona;277;80;1011,5;0,1;35,7;16,1;1,78;Buena / Ona
20/10/2017;;;;Sin datos / Daturik gabe;32;30;42;Muy buena / Oso ona;12;Muy buena / Oso ona;4;Muy buena / Oso ona;164;68;1003,7;0;196,9;18,6;0,82;Muy buena / Oso ona
19/10/2017;;;;Sin datos / Daturik gabe;22;38;65;Buena / Ona;10;Muy buena / Oso ona;4;Muy buena / Oso ona;215;83;999,1;0;243,9;15,5;0,41;Buena / Ona
18/10/2017;;;;Sin datos / Daturik gabe;34;31;59;Muy buena / Oso ona;19;Muy buena / Oso ona;4;Muy buena / Oso ona;263;94;998;0,2;18,8;15,9;0,48;Muy buena / Oso ona
17/10/2017;;;;Sin datos / Daturik gabe;10;61;75;Buena / Ona;24;Muy buena / Oso ona;3;Muy buena / Oso ona;165;62;1003,5;0;144,6;21,5;2,14;Buena / Ona
16/10/2017;;;;Sin datos / Daturik gabe;11;62;81;Buena / Ona;25;Muy buena / Oso ona;3;Muy buena / Oso ona;180;66;1008,8;0;243,4;22,3;1,92;Buena / Ona
15/10/2017;;;;Sin datos / Daturik gabe;5;73;79;Buena / Ona;21;Muy buena / Oso ona;3;Muy buena / Oso ona;170;53;1008,4;0;229,9;24,9;2,15;Buena / Ona
14/10/2017;;;;Sin datos / Daturik gabe;16;58;66;Buena / Ona;27;Buena / Ona;3;Muy buena / Oso ona;147;73;1010,2;0;251,9;21,7;0,55;Buena / Ona
13/10/2017;;;;Sin datos / Daturik gabe;33;49;71;Buena / Ona;29;Buena / Ona;4;Muy buena / Oso ona;67;78;1011,3;0;236;19,1;0,02;Buena / Ona
12/10/2017;;;;Sin datos / Daturik gabe;16;38;70;Buena / Ona;22;Muy buena / Oso ona;4;Muy buena / Oso ona;210;86;1012,1;0;254,6;16,8;0,18;Buena / Ona
11/10/2017;;;;Sin datos / Daturik gabe;16;46;68;Buena / Ona;18;Muy buena / Oso ona;3;Muy buena / Oso ona;233;72;1008,5;0;242,6;18,7;0,81;Buena / Ona
10/10/2017;;;;Sin datos / Daturik gabe;27;22;43;Muy buena / Oso ona;12;Muy buena / Oso ona;3;Muy buena / Oso ona;180;88;1008,4;0;226,6;15,5;0,56;Muy buena / Oso ona
09/10/2017;;;;Sin datos / Daturik gabe;28;32;64;Buena / Ona;7;Muy buena / Oso ona;4;Muy buena / Oso ona;195;81;1009,9;0;305,2;14,9;0,17;Buena / Ona
08/10/2017;;;;Sin datos / Daturik gabe;17;38;76;Buena / Ona;5;Muy buena / Oso ona;3;Muy buena / Oso ona;150;80;1010,6;0;328,5;13,5;0,11;Buena / Ona
07/10/2017;;;;Sin datos / Daturik gabe;19;33;71;Buena / Ona;6;Muy buena / Oso ona;3;Muy buena / Oso ona;153;82;1012,3;0;310,3;13,2;0,22;Buena / Ona
06/10/2017;;;;Sin datos / Daturik gabe;;;;Sin datos / Daturik gabe;;Sin datos / Daturik gabe;;Sin datos / Daturik gabe;;;;;;;;Sin datos / Daturik gabe
05/10/2017;;;;Sin datos / Daturik gabe;;;;Sin datos / Daturik gabe;;Sin datos / Daturik gabe;;Sin datos / Daturik gabe;;;;;;;;Sin datos / Daturik gabe
04/10/2017;14;20;42;Muy buena / Oso ona;42;13;24;Muy buena / Oso ona;15;Muy buena / Oso ona;3;Muy buena / Oso ona;233;92;1010,7;0;210,5;18,7;0,18;Muy buena / Oso ona
03/10/2017;13;15;28;Muy buena / Oso ona;34;12;23;Muy buena / Oso ona;8;Muy buena / Oso ona;3;Muy buena / Oso ona;319;97;1011,3;0;80,7;18,2;0,28;Muy buena / Oso ona
02/10/2017;4;19;47;Muy buena / Oso ona;26;31;45;Muy buena / Oso ona;6;Muy buena / Oso ona;3;Muy buena / Oso ona;265;98;1012,4;0,1;25,2;18,1;0,6;Muy buena / Oso ona
01/10/2017;5;17;34;Muy buena / Oso ona;24;26;38;Muy buena / Oso ona;9;Muy buena / Oso ona;3;Muy buena / Oso ona;247;95;1011;0,2;17,7;16,3;0,85;Muy buena / Oso ona
30/09/2017;2;19;43;Muy buena / Oso ona;23;37;63;Buena / Ona;10;Muy buena / Oso ona;3;Muy buena / Oso ona;147;92;1010;0,1;45;15,7;0,41;Buena / Ona
29/09/2017;10;29;65;Buena / Ona;45;52;90;Buena / Ona;27;Buena / Ona;3;Muy buena / Oso ona;273;84;1009;0;265,1;19,2;0,27;Buena / Ona
28/09/2017;18;36;77;Buena / Ona;63;37;72;Buena / Ona;23;Muy buena / Oso ona;3;Muy buena / Oso ona;163;70;1008,2;0;300;21,8;0,68;Buena / Ona
27/09/2017;6;25;50;Muy buena / Oso ona;35;38;72;Buena / Ona;15;Muy buena / Oso ona;3;Muy buena / Oso ona;185;77;1006,9;0;327,9;18,5;0,43;Buena / Ona
26/09/2017;7;23;44;Muy buena / Oso ona;34;29;59;Muy buena / Oso ona;9;Muy buena / Oso ona;3;Muy buena / Oso ona;167;84;1009,3;0;281,8;17;0,08;Muy buena / Oso ona
25/09/2017;3;17;44;Muy buena / Oso ona;22;46;74;Buena / Ona;13;Muy buena / Oso ona;3;Muy buena / Oso ona;285;89;1009,7;0,1;135,8;17,4;0,81;Buena / Ona
24/09/2017;3;15;25;Muy buena / Oso ona;19;52;76;Buena / Ona;15;Muy buena / Oso ona;3;Muy buena / Oso ona;299;86;1006,3;0;285,5;19;0,4;Buena / Ona
23/09/2017;5;21;44;Muy buena / Oso ona;28;46;83;Buena / Ona;17;Muy buena / Oso ona;3;Muy buena / Oso ona;178;74;1006,1;0;309,3;20;0,61;Buena / Ona
22/09/2017;7;25;42;Muy buena / Oso ona;36;35;66;Buena / Ona;13;Muy buena / Oso ona;3;Muy buena / Oso ona;167;88;1009,2;0;106,2;16,7;0,18;Buena / Ona
21/09/2017;8;23;45;Muy buena / Oso ona;35;44;80;Buena / Ona;14;Muy buena / Oso ona;3;Muy buena / Oso ona;246;79;1005,9;0;245,1;16,5;0,38;Buena / Ona
20/09/2017;5;24;40;Muy buena / Oso ona;32;30;53;Muy buena / Oso ona;10;Muy buena / Oso ona;3;Muy buena / Oso ona;148;75;1007,8;0;335;15,4;0,74;Muy buena / Oso ona
19/09/2017;13;27;45;Muy buena / Oso ona;46;33;76;Buena / Ona;7;Muy buena / Oso ona;3;Muy buena / Oso ona;261;79;1012,5;0;230;15,1;0,27;Buena / Ona
18/09/2017;6;19;42;Muy buena / Oso ona;28;37;62;Buena / Ona;7;Muy buena / Oso ona;3;Muy buena / Oso ona;273;89;1007,6;0,1;80,5;15,1;0,3;Buena / Ona
17/09/2017;8;21;52;Buena / Ona;32;41;68;Buena / Ona;9;Muy buena / Oso ona;6;Muy buena / Oso ona;264;75;1005,6;0;137,9;15,1;1,11;Buena / Ona
16/09/2017;3;17;39;Muy buena / Oso ona;22;42;66;Buena / Ona;6;Muy buena / Oso ona;3;Muy buena / Oso ona;254;78;1004,3;0;197;13,1;1,08;Buena / Ona
15/09/2017;5;17;32;Muy buena / Oso ona;25;37;61;Buena / Ona;8;Muy buena / Oso ona;3;Muy buena / Oso ona;266;83;1005,3;0,1;241,9;14;1,37;Buena / Ona
14/09/2017;3;14;30;Muy buena / Oso ona;18;40;61;Buena / Ona;12;Muy buena / Oso ona;3;Muy buena / Oso ona;283;79;1009,4;0,1;166,4;16,5;1,02;Buena / Ona
13/09/2017;5;13;30;Muy buena / Oso ona;21;29;53;Muy buena / Oso ona;10;Muy buena / Oso ona;3;Muy buena / Oso ona;251;79;1008,5;0;355,3;19,6;0,38;Muy buena / Oso ona
12/09/2017;2;15;34;Muy buena / Oso ona;19;45;65;Buena / Ona;9;Muy buena / Oso ona;3;Muy buena / Oso ona;257;82;1006,8;0;220,7;17;1,04;Buena / Ona
11/09/2017;1;7;19;Muy buena / Oso ona;9;55;65;Buena / Ona;13;Muy buena / Oso ona;3;Muy buena / Oso ona;286;89;1002,3;0,4;78,2;17,1;1,68;Buena / Ona
10/09/2017;;;;Sin datos / Daturik gabe;13;53;67;Buena / Ona;13;Muy buena / Oso ona;3;Muy buena / Oso ona;293;78;1001,4;0,1;128,6;16,9;1,87;Buena / Ona
09/09/2017;1;8;14;Muy buena / Oso ona;9;57;58;Muy buena / Oso ona;11;Muy buena / Oso ona;3;Muy buena / Oso ona;279;87;997,7;0,4;128,6;15,9;1,72;Muy buena / Oso ona
08/09/2017;6;18;44;Muy buena / Oso ona;28;34;66;Buena / Ona;15;Muy buena / Oso ona;3;Muy buena / Oso ona;236;75;1002,7;0;264,9;17,2;0,35;Buena / Ona
07/09/2017;7;17;40;Muy buena / Oso ona;27;35;64;Buena / Ona;16;Muy buena / Oso ona;3;Muy buena / Oso ona;257;75;1009,8;0;131,3;17,9;0,28;Buena / Ona
06/09/2017;1;7;13;Muy buena / Oso ona;9;53;62;Buena / Ona;12;Muy buena / Oso ona;3;Muy buena / Oso ona;320;80;1013,6;0,1;105,6;19;0,58;Buena / Ona
05/09/2017;5;13;23;Muy buena / Oso ona;21;29;54;Muy buena / Oso ona;8;Muy buena / Oso ona;3;Muy buena / Oso ona;285;83;1010,7;0;273,3;19,9;0,28;Muy buena / Oso ona
04/09/2017;;;;Sin datos / Daturik gabe;;22;47;Muy buena / Oso ona;12;Muy buena / Oso ona;3;Muy buena / Oso ona;252;86;1005,2;0;196,7;19,6;0,46;Muy buena / Oso ona
03/09/2017;;;;Sin datos / Daturik gabe;;41;78;Buena / Ona;12;Muy buena / Oso ona;3;Muy buena / Oso ona;208;70;1003,1;0;209,1;18,8;0,3;Buena / Ona
02/09/2017;1;11;31;Muy buena / Oso ona;13;53;71;Buena / Ona;9;Muy buena / Oso ona;3;Muy buena / Oso ona;288;75;1011,2;0;151,5;17,3;0,69;Buena / Ona
01/09/2017;4;13;35;Muy buena / Oso ona;18;46;68;Buena / Ona;9;Muy buena / Oso ona;3;Muy buena / Oso ona;290;83;1010,7;0,2;151,4;16,5;0,89;Buena / Ona
31/08/2017;2;15;38;Muy buena / Oso ona;19;45;71;Buena / Ona;10;Muy buena / Oso ona;3;Muy buena / Oso ona;270;84;1009,3;0;152,3;17,1;0,43;Buena / Ona
30/08/2017;3;10;34;Muy buena / Oso ona;15;49;65;Buena / Ona;15;Muy buena / Oso ona;3;Muy buena / Oso ona;302;89;1002,7;0,4;188,6;19,8;0,66;Buena / Ona
29/08/2017;6;18;35;Muy buena / Oso ona;28;39;65;Buena / Ona;11;Muy buena / Oso ona;3;Muy buena / Oso ona;298;88;1001,6;0,1;272,1;20,5;0,3;Buena / Ona
28/08/2017;8;27;54;Buena / Ona;38;29;50;Muy buena / Oso ona;17;Muy buena / Oso ona;4;Muy buena / Oso ona;188;74;1002;0,2;131,7;23;0,58;Buena / Ona
27/08/2017;3;15;36;Muy buena / Oso ona;20;34;49;Muy buena / Oso ona;16;Muy buena / Oso ona;3;Muy buena / Oso ona;152;79;1001,9;0;82,3;22,9;0,48;Muy buena / Oso ona
26/08/2017;2;10;25;Muy buena / Oso ona;12;45;63;Buena / Ona;13;Muy buena / Oso ona;3;Muy buena / Oso ona;311;86;1001,9;0;174,2;21,2;0,25;Buena / Ona
25/08/2017;3;10;27;Muy buena / Oso ona;15;38;56;Muy buena / Oso ona;15;Muy buena / Oso ona;3;Muy buena / Oso ona;299;89;1003,7;0;86,9;20,4;0,41;Muy buena / Oso ona
24/08/2017;2;8;25;Muy buena / Oso ona;11;48;60;Muy buena / Oso ona;17;Muy buena / Oso ona;3;Muy buena / Oso ona;310;83;1004,1;0;154;21,5;0,55;Muy buena / Oso ona
23/08/2017;2;11;32;Muy buena / Oso ona;14;47;72;Buena / Ona;19;Muy buena / Oso ona;3;Muy buena / Oso ona;318;81;1005,7;0;116,1;20,8;0,3;Buena / Ona
22/08/2017;1;11;43;Muy buena / Oso ona;14;72;88;Buena / Ona;26;Buena / Ona;3;Muy buena / Oso ona;304;67;1003,6;0;296,1;24,6;0,79;Buena / Ona
21/08/2017;3;18;31;Muy buena / Oso ona;23;50;85;Buena / Ona;17;Muy buena / Oso ona;3;Muy buena / Oso ona;129;66;1004,8;0;416,9;22,8;0,71;Buena / Ona
20/08/2017;1;11;24;Muy buena / Oso ona;13;49;71;Buena / Ona;14;Muy buena / Oso ona;3;Muy buena / Oso ona;45;69;1012,5;0;413,9;19;0,34;Buena / Ona
19/08/2017;1;10;30;Muy buena / Oso ona;12;51;61;Buena / Ona;15;Muy buena / Oso ona;3;Muy buena / Oso ona;33;75;1011,4;0;374,1;19,7;0,49;Buena / Ona
18/08/2017;4;16;29;Muy buena / Oso ona;23;34;58;Muy buena / Oso ona;10;Muy buena / Oso ona;3;Muy buena / Oso ona;240;88;1008,5;0;61,6;19,7;0,3;Muy buena / Oso ona
17/08/2017;3;11;35;Muy buena / Oso ona;16;38;65;Buena / Ona;11;Muy buena / Oso ona;3;Muy buena / Oso ona;192;78;1008,1;0;417,8;20,3;0,07;Buena / Ona
16/08/2017;3;15;28;Muy buena / Oso ona;19;29;46;Muy buena / Oso ona;9;Muy buena / Oso ona;3;Muy buena / Oso ona;235;87;1009,6;0;177,3;19,6;0,08;Muy buena / Oso ona
15/08/2017;1;6;23;Muy buena / Oso ona;8;47;64;Buena / Ona;10;Muy buena / Oso ona;3;Muy buena / Oso ona;312;88;1007,3;0;52,9;20,2;0,61;Buena / Ona
14/08/2017;5;14;40;Muy buena / Oso ona;21;50;88;Buena / Ona;19;Muy buena / Oso ona;3;Muy buena / Oso ona;186;70;1001,6;0;360,2;24;0,36;Buena / Ona
13/08/2017;3;14;33;Muy buena / Oso ona;18;39;65;Buena / Ona;12;Muy buena / Oso ona;3;Muy buena / Oso ona;340;78;1007,4;0;412,4;19,6;0,4;Buena / Ona
12/08/2017;2;11;27;Muy buena / Oso ona;14;47;75;Buena / Ona;11;Muy buena / Oso ona;3;Muy buena / Oso ona;39;77;1011,3;0;426;17,6;0,18;Buena / Ona
11/08/2017;4;13;42;Muy buena / Oso ona;19;52;77;Buena / Ona;11;Muy buena / Oso ona;3;Muy buena / Oso ona;295;70;1012,9;0;344,6;17,5;0,92;Buena / Ona
10/08/2017;1;6;19;Muy buena / Oso ona;8;66;72;Buena / Ona;12;Muy buena / Oso ona;3;Muy buena / Oso ona;292;83;1013,2;0,3;77,2;16,5;1,65;Buena / Ona
09/08/2017;1;10;22;Muy buena / Oso ona;12;57;74;Buena / Ona;9;Muy buena / Oso ona;3;Muy buena / Oso ona;284;79;1009,3;0,1;172,2;16,4;1,38;Buena / Ona
08/08/2017;2;12;36;Muy buena / Oso ona;15;54;74;Buena / Ona;9;Muy buena / Oso ona;3;Muy buena / Oso ona;272;82;1006,8;0,1;142,5;17;0,96;Buena / Ona
07/08/2017;3;14;38;Muy buena / Oso ona;18;55;76;Buena / Ona;16;Muy buena / Oso ona;3;Muy buena / Oso ona;286;81;1002,7;0;131,2;19,8;0,89;Buena / Ona
06/08/2017;2;9;39;Muy buena / Oso ona;12;55;67;Buena / Ona;10;Muy buena / Oso ona;3;Muy buena / Oso ona;348;70;1009,7;0;284,6;19,7;0,37;Buena / Ona
05/08/2017;3;11;31;Muy buena / Oso ona;15;43;60;Muy buena / Oso ona;8;Muy buena / Oso ona;3;Muy buena / Oso ona;350;85;1008,6;0;51,1;19,7;0,71;Muy buena / Oso ona
04/08/2017;3;13;30;Muy buena / Oso ona;18;35;49;Muy buena / Oso ona;14;Muy buena / Oso ona;3;Muy buena / Oso ona;35;73;1005,8;0;424,8;24,1;0,17;Muy buena / Oso ona
03/08/2017;4;14;37;Muy buena / Oso ona;21;42;67;Buena / Ona;14;Muy buena / Oso ona;3;Muy buena / Oso ona;355;79;1006,4;0;353,8;22,2;0,4;Buena / Ona
02/08/2017;5;13;28;Muy buena / Oso ona;21;37;53;Muy buena / Oso ona;10;Muy buena / Oso ona;3;Muy buena / Oso ona;307;78;1006,1;0;330,8;21;0,36;Muy buena / Oso ona
01/08/2017;4;16;36;Muy buena / Oso ona;21;38;56;Muy buena / Oso ona;10;Muy buena / Oso ona;3;Muy buena / Oso ona;316;80;1004,4;0;109,8;20;0,19;Muy buena / Oso ona
31/07/2017;2;10;20;Muy buena / Oso ona;14;44;59;Muy buena / Oso ona;11;Muy buena / Oso ona;3;Muy buena / Oso ona;334;80;1001;0;97,7;20,1;0,38;Muy buena / Oso ona
30/07/2017;3;17;38;Muy buena / Oso ona;21;36;53;Muy buena / Oso ona;12;Muy buena / Oso ona;3;Muy buena / Oso ona;318;80;1002,8;0;66,5;20,3;0,19;Muy buena / Oso ona
29/07/2017;4;16;38;Muy buena / Oso ona;21;41;71;Buena / Ona;17;Muy buena / Oso ona;3;Muy buena / Oso ona;270;78;1003,1;0;409,4;22;0,18;Buena / Ona
28/07/2017;2;10;24;Muy buena / Oso ona;14;44;65;Buena / Ona;8;Muy buena / Oso ona;3;Muy buena / Oso ona;341;85;1005,9;0;198,9;20,5;0,38;Buena / Ona
27/07/2017;6;15;29;Muy buena / Oso ona;24;46;82;Buena / Ona;15;Muy buena / Oso ona;3;Muy buena / Oso ona;297;79;1004;0;383,1;20,5;0,26;Buena / Ona
26/07/2017;9;19;37;Muy buena / Oso ona;33;40;64;Buena / Ona;14;Muy buena / Oso ona;3;Muy buena / Oso ona;274;77;1005,5;0;339,3;19,1;0,55;Buena / Ona
25/07/2017;1;6;20;Muy buena / Oso ona;8;62;67;Buena / Ona;10;Muy buena / Oso ona;3;Muy buena / Oso ona;307;79;1008,8;0;116;18,5;1,35;Buena / Ona
24/07/2017;1;7;14;Muy buena / Oso ona;9;43;52;Muy buena / Oso ona;6;Muy buena / Oso ona;3;Muy buena / Oso ona;297;90;1009,9;0,2;86,6;18,3;1,63;Muy buena / Oso ona
23/07/2017;2;10;27;Muy buena / Oso ona;14;43;64;Buena / Ona;12;Muy buena / Oso ona;3;Muy buena / Oso ona;292;76;1009;0;395,4;19,5;0,62;Buena / Ona
22/07/2017;3;12;22;Muy buena / Oso ona;17;37;63;Buena / Ona;12;Muy buena / Oso ona;3;Muy buena / Oso ona;276;77;1004,7;0;230,5;18,9;0,23;Buena / Ona
21/07/2017;4;17;33;Muy buena / Oso ona;24;29;54;Muy buena / Oso ona;12;Muy buena / Oso ona;3;Muy buena / Oso ona;242;82;1001,9;0;79,6;17,8;0,26;Muy buena / Oso ona
20/07/2017;2;15;27;Muy buena / Oso ona;18;36;60;Muy buena / Oso ona;9;Muy buena / Oso ona;3;Muy buena / Oso ona;268;93;1005,2;0,1;60,5;16,9;0,75;Muy buena / Oso ona
19/07/2017;1;10;21;Muy buena / Oso ona;12;71;80;Buena / Ona;19;Muy buena / Oso ona;3;Muy buena / Oso ona;313;83;1001,2;0;121;20,9;0,67;Buena / Ona
18/07/2017;1;10;26;Muy buena / Oso ona;12;83;89;Buena / Ona;24;Muy buena / Oso ona;3;Muy buena / Oso ona;177;62;997,8;0;330,4;26,1;0,73;Buena / Ona
17/07/2017;8;30;53;Buena / Ona;42;52;91;Buena / Ona;25;Muy buena / Oso ona;3;Muy buena / Oso ona;109;73;1001;0;322,4;25,5;0,56;Buena / Ona
16/07/2017;3;15;41;Muy buena / Oso ona;20;49;82;Buena / Ona;16;Muy buena / Oso ona;3;Muy buena / Oso ona;304;81;1008,3;0;439,1;20,9;0,47;Buena / Ona
15/07/2017;1;9;25;Muy buena / Oso ona;11;49;69;Buena / Ona;10;Muy buena / Oso ona;3;Muy buena / Oso ona;353;80;1011;0;267,3;19,5;0,58;Buena / Ona
14/07/2017;5;11;29;Muy buena / Oso ona;19;42;67;Buena / Ona;7;Muy buena / Oso ona;3;Muy buena / Oso ona;344;83;1011,2;0;194,6;19,2;0,63;Buena / Ona
13/07/2017;3;9;31;Muy buena / Oso ona;13;39;46;Muy buena / Oso ona;6;Muy buena / Oso ona;3;Muy buena / Oso ona;325;84;1010,5;0;116,2;19,5;0,65;Muy buena / Oso ona
12/07/2017;9;13;31;Muy buena / Oso ona;26;29;44;Muy buena / Oso ona;15;Muy buena / Oso ona;3;Muy buena / Oso ona;324;85;1008,9;0;218,1;19,5;0,29;Muy buena / Oso ona
11/07/2017;3;13;27;Muy buena / Oso ona;18;32;48;Muy buena / Oso ona;9;Muy buena / Oso ona;3;Muy buena / Oso ona;325;84;1005;0;321,7;19,3;0,43;Muy buena / Oso ona
10/07/2017;3;12;27;Muy buena / Oso ona;17;29;39;Muy buena / Oso ona;8;Muy buena / Oso ona;3;Muy buena / Oso ona;276;91;1004,6;0;96,3;18,3;0,78;Muy buena / Oso ona
09/07/2017;1;6;14;Muy buena / Oso ona;8;51;60;Muy buena / Oso ona;18;Muy buena / Oso ona;3;Muy buena / Oso ona;302;87;1003,5;0,1;311,4;19,2;1,08;Muy buena / Oso ona
08/07/2017;1;6;15;Muy buena / Oso ona;7;62;73;Buena / Ona;11;Muy buena / Oso ona;3;Muy buena / Oso ona;309;95;1005,3;0;39,9;18,6;1,02;Buena / Ona
07/07/2017;4;11;33;Muy buena / Oso ona;17;40;54;Muy buena / Oso ona;16;Muy buena / Oso ona;3;Muy buena / Oso ona;299;84;1005,6;0;283,8;20,6;0,76;Muy buena / Oso ona
06/07/2017;2;14;34;Muy buena / Oso ona;17;43;61;Buena / Ona;16;Muy buena / Oso ona;3;Muy buena / Oso ona;15;84;1004;0;174,7;20;0,2;Buena / Ona
05/07/2017;1;9;50;Muy buena / Oso ona;11;73;89;Buena / Ona;18;Muy buena / Oso ona;3;Muy buena / Oso ona;296;62;1000,8;0;362,8;23,4;0,49;Buena / Ona
04/07/2017;5;20;49;Muy buena / Oso ona;28;39;;Sin datos / Daturik gabe;14;Muy buena / Oso ona;3;Muy buena / Oso ona;119;72;1002,7;0;440,9;23,5;0,25;Muy buena / Oso ona
03/07/2017;7;13;28;Muy buena / Oso ona;24;16;36;Muy buena / Oso ona;8;Muy buena / Oso ona;3;Muy buena / Oso ona;330;84;1012,1;0;356,1;17,5;0,35;Muy buena / Oso ona
02/07/2017;2;11;27;Muy buena / Oso ona;15;38;59;Muy buena / Oso ona;10;Muy buena / Oso ona;3;Muy buena / Oso ona;297;84;1015,6;0;257,3;16,3;0,74;Muy buena / Oso ona
01/07/2017;0;6;10;Muy buena / Oso ona;7;54;60;Muy buena / Oso ona;10;Muy buena / Oso ona;3;Muy buena / Oso ona;285;88;1013;0,2;39,7;14,3;1,94;Muy buena / Oso ona
30/06/2017;4;16;35;Muy buena / Oso ona;22;42;59;Muy buena / Oso ona;10;Muy buena / Oso ona;3;Muy buena / Oso ona;271;80;1004,7;0,1;98,4;14,9;1,84;Muy buena / Oso ona
29/06/2017;1;10;24;Muy buena / Oso ona;11;55;63;Buena / Ona;11;Muy buena / Oso ona;3;Muy buena / Oso ona;286;65;998,6;0;187,3;16,7;2,08;Buena / Ona
28/06/2017;6;12;30;Muy buena / Oso ona;22;42;62;Buena / Ona;12;Muy buena / Oso ona;3;Muy buena / Oso ona;287;76;994,4;0,1;184,5;18,6;1,73;Buena / Ona
27/06/2017;4;12;22;Muy buena / Oso ona;18;33;56;Muy buena / Oso ona;12;Muy buena / Oso ona;3;Muy buena / Oso ona;282;86;997,1;0;126,8;19,4;0,77;Muy buena / Oso ona
26/06/2017;4;13;23;Muy buena / Oso ona;19;29;46;Muy buena / Oso ona;12;Muy buena / Oso ona;3;Muy buena / Oso ona;264;87;998,6;0;181,9;20,8;0,62;Muy buena / Oso ona
25/06/2017;2;11;21;Muy buena / Oso ona;14;30;50;Muy buena / Oso ona;13;Muy buena / Oso ona;3;Muy buena / Oso ona;115;82;1005,1;0;137,3;20;0,12;Muy buena / Oso ona
24/06/2017;2;10;23;Muy buena / Oso ona;13;45;61;Buena / Ona;21;Muy buena / Oso ona;3;Muy buena / Oso ona;352;74;1009,8;0;225,6;20,8;0,44;Buena / Ona
23/06/2017;1;11;25;Muy buena / Oso ona;13;46;61;Buena / Ona;20;Muy buena / Oso ona;3;Muy buena / Oso ona;292;85;1011,2;0;74;19,7;0,59;Buena / Ona
22/06/2017;0;8;14;Muy buena / Oso ona;8;73;88;Buena / Ona;23;Muy buena / Oso ona;3;Muy buena / Oso ona;307;92;1006,8;0;26,7;20,1;1,06;Buena / Ona
21/06/2017;2;21;36;Muy buena / Oso ona;23;83;134;Mejorable / Hobetzeko modukoa;24;Muy buena / Oso ona;3;Muy buena / Oso ona;153;63;1002,3;0;392,9;27,6;0,19;Mejorable / Hobetzeko modukoa
20/06/2017;2;19;52;Buena / Ona;22;90;129;Mejorable / Hobetzeko modukoa;22;Muy buena / Oso ona;3;Muy buena / Oso ona;225;56;1003,4;0;351,1;27;0,36;Mejorable / Hobetzeko modukoa
19/06/2017;1;15;32;Muy buena / Oso ona;17;90;124;Mejorable / Hobetzeko modukoa;19;Muy buena / Oso ona;3;Muy buena / Oso ona;192;52;1001,4;0;363,9;28;0,58;Mejorable / Hobetzeko modukoa
18/06/2017;2;16;30;Muy buena / Oso ona;19;63;99;Buena / Ona;18;Muy buena / Oso ona;3;Muy buena / Oso ona;291;79;1002,5;0;456,2;21,5;0,27;Buena / Ona
17/06/2017;3;14;23;Muy buena / Oso ona;19;50;82;Buena / Ona;20;Muy buena / Oso ona;3;Muy buena / Oso ona;306;83;1008,8;0;401,9;19,7;0,23;Buena / Ona
16/06/2017;2;13;36;Muy buena / Oso ona;17;50;57;Muy buena / Oso ona;15;Muy buena / Oso ona;3;Muy buena / Oso ona;341;91;1012,5;0;89,3;18,3;0,46;Muy buena / Oso ona
15/06/2017;2;11;17;Muy buena / Oso ona;15;62;68;Buena / Ona;13;Muy buena / Oso ona;3;Muy buena / Oso ona;297;98;1009,5;0;24,4;17,4;0,92;Buena / Ona
14/06/2017;2;12;24;Muy buena / Oso ona;15;57;70;Buena / Ona;17;Muy buena / Oso ona;3;Muy buena / Oso ona;303;87;1003;0;234,4;20,6;0,38;Buena / Ona
13/06/2017;3;13;31;Muy buena / Oso ona;18;48;61;Buena / Ona;20;Muy buena / Oso ona;3;Muy buena / Oso ona;294;85;1002,7;0;247;19,4;0,41;Buena / Ona
12/06/2017;3;10;22;Muy buena / Oso ona;15;39;56;Muy buena / Oso ona;13;Muy buena / Oso ona;3;Muy buena / Oso ona;340;87;1007,4;0,1;132,5;18,7;0,55;Muy buena / Oso ona
11/06/2017;2;8;14;Muy buena / Oso ona;11;49;63;Buena / Ona;14;Muy buena / Oso ona;3;Muy buena / Oso ona;298;87;1007,4;0;228,5;19,1;0,85;Buena / Ona
10/06/2017;4;13;24;Muy buena / Oso ona;18;45;73;Buena / Ona;16;Muy buena / Oso ona;2;Muy buena / Oso ona;312;82;1005,8;0;377,7;20,3;0,57;Buena / Ona
09/06/2017;3;14;33;Muy buena / Oso ona;18;46;55;Muy buena / Oso ona;12;Muy buena / Oso ona;2;Muy buena / Oso ona;319;84;1005,3;0;160,3;17,9;0,57;Muy buena / Oso ona
08/06/2017;4;18;47;Muy buena / Oso ona;24;57;87;Buena / Ona;17;Muy buena / Oso ona;2;Muy buena / Oso ona;178;68;1001,6;0,1;332,7;21,6;0,78;Buena / Ona
07/06/2017;6;21;33;Muy buena / Oso ona;29;41;66;Buena / Ona;17;Muy buena / Oso ona;3;Muy buena / Oso ona;251;74;1009;0;412,5;16,8;0,2;Buena / Ona
06/06/2017;2;11;22;Muy buena / Oso ona;13;59;66;Buena / Ona;13;Muy buena / Oso ona;2;Muy buena / Oso ona;293;75;1006,7;0;137,3;16;1,44;Buena / Ona
05/06/2017;5;21;43;Muy buena / Oso ona;29;46;62;Buena / Ona;8;Muy buena / Oso ona;3;Muy buena / Oso ona;146;81;1003,4;0,4;298,2;16,9;0,46;Buena / Ona
04/06/2017;2;12;20;Muy buena / Oso ona;15;47;62;Buena / Ona;7;Muy buena / Oso ona;2;Muy buena / Oso ona;281;95;1008,3;0,1;32,4;13,3;0,51;Buena / Ona
03/06/2017;2;11;26;Muy buena / Oso ona;14;54;67;Buena / Ona;9;Muy buena / Oso ona;3;Muy buena / Oso ona;284;96;1007,6;0,3;26,6;15;0,89;Buena / Ona
02/06/2017;2;13;38;Muy buena / Oso ona;17;60;69;Buena / Ona;13;Muy buena / Oso ona;3;Muy buena / Oso ona;298;93;1006;0;67,2;17,8;0,7;Buena / Ona
01/06/2017;5;18;34;Muy buena / Oso ona;25;48;82;Buena / Ona;14;Muy buena / Oso ona;3;Muy buena / Oso ona;325;86;1005,9;0;391,3;19,3;0,52;Buena / Ona
31/05/2017;4;13;27;Muy buena / Oso ona;18;39;53;Muy buena / Oso ona;10;Muy buena / Oso ona;3;Muy buena / Oso ona;321;85;1007,5;0;372;18,3;0,57;Muy buena / Oso ona
30/05/2017;2;9;16;Muy buena / Oso ona;11;58;77;Buena / Ona;6;Muy buena / Oso ona;2;Muy buena / Oso ona;331;94;1007,1;0;85,9;16,5;0,72;Buena / Ona
29/05/2017;3;16;53;Buena / Ona;21;59;76;Buena / Ona;11;Muy buena / Oso ona;3;Muy buena / Oso ona;314;94;1003,5;0,1;94;17,1;0,63;Buena / Ona
28/05/2017;2;13;24;Muy buena / Oso ona;16;67;72;Buena / Ona;17;Muy buena / Oso ona;3;Muy buena / Oso ona;94;75;1001,2;0;162,4;21;0,19;Buena / Ona
27/05/2017;2;22;66;Buena / Ona;26;58;90;Buena / Ona;25;Muy buena / Oso ona;3;Muy buena / Oso ona;332;83;1001,5;0;327,5;20,2;0,15;Buena / Ona
26/05/2017;4;20;67;Buena / Ona;26;87;119;Mejorable / Hobetzeko modukoa;20;Muy buena / Oso ona;3;Muy buena / Oso ona;293;68;1000,2;0,1;364;21,6;0,41;Mejorable / Hobetzeko modukoa
25/05/2017;11;26;66;Buena / Ona;42;73;;Sin datos / Daturik gabe;20;Muy buena / Oso ona;3;Muy buena / Oso ona;209;60;1000,4;0;413;24,8;0,13;Buena / Ona
24/05/2017;5;19;44;Muy buena / Oso ona;27;55;;Sin datos / Daturik gabe;19;Muy buena / Oso ona;3;Muy buena / Oso ona;334;81;1006,9;0;430,3;18,4;0,25;Muy buena / Oso ona
23/05/2017;3;14;40;Muy buena / Oso ona;18;57;79;Buena / Ona;12;Muy buena / Oso ona;2;Muy buena / Oso ona;330;75;1011,4;0;349,8;16,2;0,5;Buena / Ona
22/05/2017;3;12;57;Buena / Ona;18;77;89;Buena / Ona;22;Muy buena / Oso ona;3;Muy buena / Oso ona;300;75;1005,9;0;196;17,7;0,97;Buena / Ona
21/05/2017;4;17;38;Muy buena / Oso ona;24;59;87;Buena / Ona;12;Muy buena / Oso ona;3;Muy buena / Oso ona;157;54;1003,4;0;258,6;21,1;1,18;Buena / Ona
20/05/2017;3;15;31;Muy buena / Oso ona;19;54;71;Buena / Ona;9;Muy buena / Oso ona;3;Muy buena / Oso ona;283;74;1012,2;0;321,5;13,8;0,48;Buena / Ona
19/05/2017;4;15;43;Muy buena / Oso ona;21;57;79;Buena / Ona;16;Muy buena / Oso ona;2;Muy buena / Oso ona;277;76;1009,8;0;207;12,4;1,32;Buena / Ona
18/05/2017;3;13;23;Muy buena / Oso ona;17;64;74;Buena / Ona;8;Muy buena / Oso ona;2;Muy buena / Oso ona;289;92;1006,1;0,3;43,7;12,3;1,57;Buena / Ona
17/05/2017;6;21;49;Muy buena / Oso ona;30;54;82;Buena / Ona;17;Muy buena / Oso ona;2;Muy buena / Oso ona;274;85;1006,4;0;69,3;16,3;0,36;Buena / Ona
16/05/2017;7;22;49;Muy buena / Oso ona;32;64;98;Buena / Ona;18;Muy buena / Oso ona;3;Muy buena / Oso ona;307;68;1011,4;0;277,4;19,6;0,29;Buena / Ona
15/05/2017;5;21;36;Muy buena / Oso ona;28;62;96;Buena / Ona;14;Muy buena / Oso ona;3;Muy buena / Oso ona;139;59;1013,2;0;340;20,2;0,23;Buena / Ona
14/05/2017;3;15;28;Muy buena / Oso ona;19;54;76;Buena / Ona;10;Muy buena / Oso ona;3;Muy buena / Oso ona;288;63;1010,7;0;434;18,2;0,23;Buena / Ona
13/05/2017;3;13;25;Muy buena / Oso ona;18;56;80;Buena / Ona;9;Muy buena / Oso ona;2;Muy buena / Oso ona;229;73;1002,7;0;309,9;15,7;0,03;Buena / Ona
12/05/2017;2;9;17;Muy buena / Oso ona;12;73;85;Buena / Ona;6;Muy buena / Oso ona;2;Muy buena / Oso ona;216;56;991,5;0;205,6;18,8;1,57;Buena / Ona
11/05/2017;2;10;19;Muy buena / Oso ona;13;73;78;Buena / Ona;7;Muy buena / Oso ona;2;Muy buena / Oso ona;209;56;984;0;189,4;18,6;1,7;Buena / Ona
10/05/2017;3;21;32;Muy buena / Oso ona;25;57;78;Buena / Ona;12;Muy buena / Oso ona;2;Muy buena / Oso ona;167;73;987,5;0,1;260;18,2;1,03;Buena / Ona
09/05/2017;7;25;58;Buena / Ona;35;40;76;Buena / Ona;16;Muy buena / Oso ona;2;Muy buena / Oso ona;292;82;997,1;0;209,7;13,9;0,21;Buena / Ona
08/05/2017;4;18;34;Muy buena / Oso ona;24;47;71;Buena / Ona;10;Muy buena / Oso ona;3;Muy buena / Oso ona;315;79;1008,1;0;343,7;12,7;0,24;Buena / Ona
07/05/2017;2;12;21;Muy buena / Oso ona;16;57;77;Buena / Ona;8;Muy buena / Oso ona;3;Muy buena / Oso ona;24;61;1010,4;0;416,6;14,3;0,15;Buena / Ona
06/05/2017;2;12;35;Muy buena / Oso ona;15;67;86;Buena / Ona;9;Muy buena / Oso ona;3;Muy buena / Oso ona;281;63;1004,3;0;437,8;15,2;0,42;Buena / Ona
05/05/2017;2;16;29;Muy buena / Oso ona;20;68;87;Buena / Ona;15;Muy buena / Oso ona;2;Muy buena / Oso ona;167;69;993,8;0,1;132,1;18,3;1,01;Buena / Ona
04/05/2017;6;19;32;Muy buena / Oso ona;28;51;85;Buena / Ona;17;Muy buena / Oso ona;3;Muy buena / Oso ona;309;84;999;0;235;13,9;0,24;Buena / Ona
03/05/2017;5;17;30;Muy buena / Oso ona;25;45;75;Buena / Ona;12;Muy buena / Oso ona;3;Muy buena / Oso ona;1;83;1004,4;0;352;13,7;0,52;Buena / Ona
02/05/2017;3;15;41;Muy buena / Oso ona;19;60;73;Buena / Ona;10;Muy buena / Oso ona;3;Muy buena / Oso ona;285;86;1008,1;0,1;70,8;13;1,1;Buena / Ona
01/05/2017;2;12;30;Muy buena / Oso ona;15;67;85;Buena / Ona;12;Muy buena / Oso ona;3;Muy buena / Oso ona;264;66;1007,4;0;265,2;11,1;1,02;Buena / Ona
30/04/2017;2;10;20;Muy buena / Oso ona;13;77;86;Buena / Ona;8;Muy buena / Oso ona;2;Muy buena / Oso ona;215;72;995,2;0,1;54,8;12,1;1,45;Buena / Ona
29/04/2017;4;12;38;Muy buena / Oso ona;18;67;92;Buena / Ona;11;Muy buena / Oso ona;3;Muy buena / Oso ona;157;57;997,2;0;360;14,3;3,06;Buena / Ona
28/04/2017;3;18;36;Muy buena / Oso ona;22;60;88;Buena / Ona;11;Muy buena / Oso ona;3;Muy buena / Oso ona;48;67;1006,8;0;404,1;9,4;0,21;Buena / Ona
27/04/2017;3;14;40;Muy buena / Oso ona;18;73;94;Buena / Ona;10;Muy buena / Oso ona;3;Muy buena / Oso ona;341;61;1006,9;0;375,5;9,1;0,8;Buena / Ona
26/04/2017;2;11;31;Muy buena / Oso ona;13;75;91;Buena / Ona;10;Muy buena / Oso ona;2;Muy buena / Oso ona;354;72;1002,5;0,1;156,8;8,8;1,13;Buena / Ona
25/04/2017;4;22;49;Muy buena / Oso ona;28;52;69;Buena / Ona;15;Muy buena / Oso ona;2;Muy buena / Oso ona;294;86;997,6;0,1;46,1;12;0,43;Buena / Ona
24/04/2017;6;21;50;Muy buena / Oso ona;30;59;87;Buena / Ona;15;Muy buena / Oso ona;3;Muy buena / Oso ona;314;72;1001,9;0;369,3;13,8;0,34;Buena / Ona
23/04/2017;2;20;41;Muy buena / Oso ona;23;74;111;Mejorable / Hobetzeko modukoa;16;Muy buena / Oso ona;3;Muy buena / Oso ona;273;63;1006;0;409,7;14,4;0,29;Mejorable / Hobetzeko modukoa
22/04/2017;4;18;59;Buena / Ona;23;100;122;Mejorable / Hobetzeko modukoa;17;Muy buena / Oso ona;4;Muy buena / Oso ona;262;36;1008,7;0;410,7;17,8;0,31;Mejorable / Hobetzeko modukoa
21/04/2017;9;31;66;Buena / Ona;45;59;103;Mejorable / Hobetzeko modukoa;20;Muy buena / Oso ona;3;Muy buena / Oso ona;126;47;1012,3;0;406,4;14,1;0,17;Mejorable / Hobetzeko modukoa
20/04/2017;3;18;43;Muy buena / Oso ona;23;67;90;Buena / Ona;11;Muy buena / Oso ona;3;Muy buena / Oso ona;64;40;1013,4;0;415,9;11,5;0,69;Buena / Ona
19/04/2017;2;11;28;Muy buena / Oso ona;14;81;97;Buena / Ona;12;Muy buena / Oso ona;2;Muy buena / Oso ona;39;41;1012,1;0;411,7;11,9;1,23;Buena / Ona
18/04/2017;4;15;49;Muy buena / Oso ona;21;66;91;Buena / Ona;17;Muy buena / Oso ona;2;Muy buena / Oso ona;358;72;1009,8;0;298,7;13,6;0,67;Buena / Ona
17/04/2017;4;16;44;Muy buena / Oso ona;22;49;83;Buena / Ona;17;Muy buena / Oso ona;3;Muy buena / Oso ona;326;83;1008,9;0;375,9;12,6;0,46;Buena / Ona
16/04/2017;3;15;40;Muy buena / Oso ona;19;51;79;Buena / Ona;10;Muy buena / Oso ona;2;Muy buena / Oso ona;66;79;1012,7;0;204,5;12,3;0,26;Buena / Ona
15/04/2017;2;14;26;Muy buena / Oso ona;17;60;84;Buena / Ona;14;Muy buena / Oso ona;2;Muy buena / Oso ona;288;82;1011,7;0;78,1;13;0,43;Buena / Ona
14/04/2017;2;13;38;Muy buena / Oso ona;17;71;92;Buena / Ona;21;Muy buena / Oso ona;2;Muy buena / Oso ona;275;81;1008,5;0;142,7;12,9;0,56;Buena / Ona
13/04/2017;4;16;36;Muy buena / Oso ona;22;65;102;Mejorable / Hobetzeko modukoa;21;Muy buena / Oso ona;3;Muy buena / Oso ona;319;80;1006,8;0;374,1;12,8;0,35;Mejorable / Hobetzeko modukoa
12/04/2017;6;21;42;Muy buena / Oso ona;30;59;98;Buena / Ona;21;Muy buena / Oso ona;2;Muy buena / Oso ona;337;78;1009,3;0;394,6;13,3;0,5;Buena / Ona
11/04/2017;2;10;25;Muy buena / Oso ona;12;84;97;Buena / Ona;19;Muy buena / Oso ona;2;Muy buena / Oso ona;307;82;1013,5;0;191,1;13,1;1,1;Buena / Ona
10/04/2017;2;15;39;Muy buena / Oso ona;18;82;98;Buena / Ona;22;Muy buena / Oso ona;2;Muy buena / Oso ona;287;91;1013,1;0;46,5;12,5;0,78;Buena / Ona
09/04/2017;4;24;72;Buena / Ona;30;74;104;Mejorable / Hobetzeko modukoa;20;Muy buena / Oso ona;3;Muy buena / Oso ona;343;78;1008,6;0;330,2;15,4;0,77;Mejorable / Hobetzeko modukoa
08/04/2017;5;29;67;Buena / Ona;36;64;107;Mejorable / Hobetzeko modukoa;17;Muy buena / Oso ona;3;Muy buena / Oso ona;164;49;1005,3;0;379,8;19,4;0,48;Mejorable / Hobetzeko modukoa
07/04/2017;7;28;50;Muy buena / Oso ona;39;53;94;Buena / Ona;24;Muy buena / Oso ona;3;Muy buena / Oso ona;292;81;1009;0;355,9;11,7;0,3;Buena / Ona
06/04/2017;13;17;54;Buena / Ona;37;65;89;Buena / Ona;31;Buena / Ona;2;Muy buena / Oso ona;326;83;1012,8;0;311,4;12,3;0,9;Buena / Ona
05/04/2017;2;8;14;Muy buena / Oso ona;11;79;86;Buena / Ona;16;Muy buena / Oso ona;2;Muy buena / Oso ona;321;87;1014;0;135,6;12;2,02;Buena / Ona
04/04/2017;3;8;21;Muy buena / Oso ona;12;77;84;Buena / Ona;10;Muy buena / Oso ona;2;Muy buena / Oso ona;308;88;1015,1;0,1;151,3;12;1,85;Buena / Ona
03/04/2017;6;21;45;Muy buena / Oso ona;31;50;82;Buena / Ona;13;Muy buena / Oso ona;3;Muy buena / Oso ona;357;86;1013,1;0;357,1;11,1;0,48;Buena / Ona
02/04/2017;3;10;40;Muy buena / Oso ona;14;82;93;Buena / Ona;9;Muy buena / Oso ona;2;Muy buena / Oso ona;304;82;1011,7;0;148;11;2,45;Buena / Ona
01/04/2017;3;10;18;Muy buena / Oso ona;14;79;93;Buena / Ona;10;Muy buena / Oso ona;2;Muy buena / Oso ona;281;85;1007,9;0,1;64,8;10,7;2,95;Buena / Ona
31/03/2017;8;24;79;Buena / Ona;37;69;102;Mejorable / Hobetzeko modukoa;15;Muy buena / Oso ona;3;Muy buena / Oso ona;284;74;1005,6;0,1;159,9;15,1;0,34;Mejorable / Hobetzeko modukoa
30/03/2017;3;12;40;Muy buena / Oso ona;17;90;103;Mejorable / Hobetzeko modukoa;10;Muy buena / Oso ona;3;Muy buena / Oso ona;173;39;1006,9;0;246,4;21,2;2,49;Mejorable / Hobetzeko modukoa
29/03/2017;6;27;58;Buena / Ona;36;59;91;Buena / Ona;15;Muy buena / Oso ona;4;Muy buena / Oso ona;139;53;1011,7;0;342,7;16,8;0,42;Buena / Ona
28/03/2017;4;23;44;Muy buena / Oso ona;29;66;90;Buena / Ona;10;Muy buena / Oso ona;4;Muy buena / Oso ona;223;59;1012,5;0;335,7;14,7;0,61;Buena / Ona
27/03/2017;3;9;14;Muy buena / Oso ona;12;89;97;Buena / Ona;6;Muy buena / Oso ona;3;Muy buena / Oso ona;165;48;1004,2;0;145,1;15,5;3,83;Buena / Ona
26/03/2017;2;10;36;Muy buena / Oso ona;13;82;91;Buena / Ona;5;Muy buena / Oso ona;2;Muy buena / Oso ona;155;48;1001,2;0;214,3;15;3,74;Buena / Ona
25/03/2017;3;18;39;Muy buena / Oso ona;22;66;79;Buena / Ona;5;Muy buena / Oso ona;2;Muy buena / Oso ona;197;89;999,2;0,3;13,7;7,9;1,47;Buena / Ona
24/03/2017;4;25;64;Buena / Ona;31;58;84;Buena / Ona;10;Muy buena / Oso ona;3;Muy buena / Oso ona;141;65;1003,1;0;209,7;9,3;0,44;Buena / Ona
23/03/2017;5;26;59;Buena / Ona;34;58;77;Buena / Ona;9;Muy buena / Oso ona;4;Muy buena / Oso ona;187;63;997,2;0;232,5;8,1;1,03;Buena / Ona
22/03/2017;4;24;62;Buena / Ona;30;54;72;Buena / Ona;7;Muy buena / Oso ona;2;Muy buena / Oso ona;234;82;998;0,1;53,6;8,3;1,17;Buena / Ona
21/03/2017;5;22;54;Buena / Ona;29;56;87;Buena / Ona;10;Muy buena / Oso ona;5;Muy buena / Oso ona;270;88;1005,4;0,2;31,5;9,4;1,11;Buena / Ona
20/03/2017;3;19;46;Muy buena / Oso ona;24;57;82;Buena / Ona;14;Muy buena / Oso ona;4;Muy buena / Oso ona;262;80;1005,8;0;32,4;10,5;0,46;Buena / Ona
19/03/2017;4;13;27;Muy buena / Oso ona;18;57;88;Buena / Ona;14;Muy buena / Oso ona;3;Muy buena / Oso ona;308;80;1009,4;0;271,1;9,6;0,25;Buena / Ona
18/03/2017;3;15;53;Buena / Ona;19;64;79;Buena / Ona;15;Muy buena / Oso ona;3;Muy buena / Oso ona;8;74;1013;0;69,4;10,9;0,33;Buena / Ona
17/03/2017;3;12;60;Buena / Ona;17;77;86;Buena / Ona;22;Muy buena / Oso ona;3;Muy buena / Oso ona;300;81;1011,7;0;98,5;12,3;1,4;Buena / Ona
16/03/2017;9;23;65;Buena / Ona;37;60;95;Buena / Ona;19;Muy buena / Oso ona;3;Muy buena / Oso ona;173;47;1008,2;0;324,1;17,9;2,02;Buena / Ona
15/03/2017;5;22;55;Buena / Ona;29;54;83;Buena / Ona;31;Buena / Ona;3;Muy buena / Oso ona;305;90;1015,6;0;235,2;11,7;0,53;Buena / Ona
14/03/2017;6;17;46;Muy buena / Oso ona;26;51;69;Buena / Ona;26;Buena / Ona;3;Muy buena / Oso ona;313;93;1020,5;0;80,2;11,3;0,74;Buena / Ona
13/03/2017;2;5;11;Muy buena / Oso ona;8;71;83;Buena / Ona;16;Muy buena / Oso ona;2;Muy buena / Oso ona;347;95;1015,4;0,3;8;10,2;2,81;Buena / Ona
12/03/2017;2;5;17;Muy buena / Oso ona;8;82;89;Buena / Ona;13;Muy buena / Oso ona;2;Muy buena / Oso ona;296;88;1007,9;0,3;28,3;11;4,05;Buena / Ona
11/03/2017;5;17;44;Muy buena / Oso ona;26;62;88;Buena / Ona;16;Muy buena / Oso ona;4;Muy buena / Oso ona;281;61;1005,1;0;168,8;15,2;1,33;Buena / Ona
10/03/2017;14;32;61;Buena / Ona;54;19;40;Muy buena / Oso ona;22;Muy buena / Oso ona;4;Muy buena / Oso ona;171;73;1008,8;0;314,5;14;0,53;Buena / Ona
09/03/2017;6;17;47;Muy buena / Oso ona;25;42;64;Buena / Ona;16;Muy buena / Oso ona;3;Muy buena / Oso ona;302;85;1014,3;0;280,9;12;0,2;Buena / Ona
08/03/2017;4;11;35;Muy buena / Oso ona;17;57;69;Buena / Ona;7;Muy buena / Oso ona;3;Muy buena / Oso ona;340;85;1016,1;0;210,7;13,1;0,71;Buena / Ona
07/03/2017;4;11;50;Muy buena / Oso ona;17;60;86;Buena / Ona;20;Muy buena / Oso ona;3;Muy buena / Oso ona;283;90;1014,3;0,1;16,4;11,5;2,58;Buena / Ona
06/03/2017;;;;Sin datos / Daturik gabe;;;;Sin datos / Daturik gabe;20;Muy buena / Oso ona;2;Muy buena / Oso ona;281;77;1009,3;0,1;30,8;13;2,78;Muy buena / Oso ona
05/03/2017;;;;Sin datos / Daturik gabe;;;;Sin datos / Daturik gabe;13;Muy buena / Oso ona;5;Muy buena / Oso ona;236;72;1001,5;0;58,8;12,1;1,44;Muy buena / Oso ona
04/03/2017;;;;Sin datos / Daturik gabe;;;;Sin datos / Daturik gabe;9;Muy buena / Oso ona;4;Muy buena / Oso ona;262;69;992,7;0;137,9;8,5;2,22;Muy buena / Oso ona
03/03/2017;;;;Sin datos / Daturik gabe;;;;Sin datos / Daturik gabe;9;Muy buena / Oso ona;2;Muy buena / Oso ona;191;59;988,9;0,2;101,3;14,9;2,9;Muy buena / Oso ona
02/03/2017;9;34;84;Buena / Ona;47;36;50;Muy buena / Oso ona;15;Muy buena / Oso ona;4;Muy buena / Oso ona;169;66;1003,7;0;194,7;13,6;0,48;Buena / Ona
01/03/2017;10;34;69;Buena / Ona;48;39;59;Muy buena / Oso ona;9;Muy buena / Oso ona;8;Muy buena / Oso ona;219;62;1004,8;0;250,3;12,6;1,91;Buena / Ona
28/02/2017;4;24;62;Buena / Ona;29;56;77;Buena / Ona;12;Muy buena / Oso ona;2;Muy buena / Oso ona;264;77;999,4;0,1;25,9;9,9;2,34;Buena / Ona
27/02/2017;1;15;31;Muy buena / Oso ona;18;59;75;Buena / Ona;14;Muy buena / Oso ona;3;Muy buena / Oso ona;218;63;998,6;0;236,2;13,6;2,07;Buena / Ona
26/02/2017;2;29;70;Buena / Ona;33;41;77;Buena / Ona;21;Muy buena / Oso ona;3;Muy buena / Oso ona;170;76;1007,5;0;224,1;10,7;0,17;Buena / Ona
25/02/2017;4;30;68;Buena / Ona;36;39;66;Buena / Ona;16;Muy buena / Oso ona;3;Muy buena / Oso ona;198;72;1008,2;0;259,3;9,4;0,48;Buena / Ona
24/02/2017;3;28;70;Buena / Ona;32;49;65;Buena / Ona;13;Muy buena / Oso ona;2;Muy buena / Oso ona;39;88;1008,5;0,1;82,6;9;0,41;Buena / Ona
23/02/2017;2;21;51;Buena / Ona;24;33;54;Muy buena / Oso ona;27;Buena / Ona;2;Muy buena / Oso ona;276;91;1004,5;0;33,2;9,9;0,86;Buena / Ona
22/02/2017;;;;Sin datos / Daturik gabe;;19;44;Muy buena / Oso ona;26;Buena / Ona;;Sin datos / Daturik gabe;264;90;1009,2;0;212,3;8,4;0,48;Buena / Ona
21/02/2017;;;;Sin datos / Daturik gabe;;;;Sin datos / Daturik gabe;14;Muy buena / Oso ona;;Sin datos / Daturik gabe;185;83;1014,4;0;192,7;8,8;0,16;Muy buena / Oso ona
20/02/2017;;;;Sin datos / Daturik gabe;;46;72;Buena / Ona;17;Muy buena / Oso ona;;Sin datos / Daturik gabe;278;86;1016,2;0;57,8;10,3;0,5;Buena / Ona
19/02/2017;1;23;59;Buena / Ona;25;56;76;Buena / Ona;21;Muy buena / Oso ona;3;Muy buena / Oso ona;291;89;1015,2;0;40,1;11;0,9;Buena / Ona
18/02/2017;3;25;46;Muy buena / Oso ona;29;44;69;Buena / Ona;25;Muy buena / Oso ona;4;Muy buena / Oso ona;237;80;1009,8;0;167,5;10,5;0,72;Buena / Ona
17/02/2017;9;39;77;Buena / Ona;52;34;59;Muy buena / Oso ona;22;Muy buena / Oso ona;4;Muy buena / Oso ona;223;68;1014,2;0;234,4;12,1;0,36;Buena / Ona
16/02/2017;4;36;89;Buena / Ona;43;46;67;Buena / Ona;20;Muy buena / Oso ona;6;Muy buena / Oso ona;170;58;1017,5;0;182,1;14,1;0,6;Buena / Ona
15/02/2017;2;25;88;Buena / Ona;28;55;72;Buena / Ona;10;Muy buena / Oso ona;3;Muy buena / Oso ona;186;52;1016,7;0;222,9;15,5;2,22;Buena / Ona
14/02/2017;3;19;46;Muy buena / Oso ona;25;50;67;Buena / Ona;6;Muy buena / Oso ona;2;Muy buena / Oso ona;173;58;1008,9;0;185,9;13,5;2,55;Buena / Ona
13/02/2017;0;15;46;Muy buena / Oso ona;15;64;85;Buena / Ona;20;Muy buena / Oso ona;2;Muy buena / Oso ona;146;57;996,1;1,7;47,6;14,6;4,51;Buena / Ona
12/02/2017;3;15;36;Muy buena / Oso ona;18;50;82;Buena / Ona;35;Buena / Ona;2;Muy buena / Oso ona;;;;;;;;Buena / Ona
11/02/2017;6;31;60;Buena / Ona;41;30;43;Muy buena / Oso ona;22;Muy buena / Oso ona;3;Muy buena / Oso ona;;;;;;;;Buena / Ona
10/02/2017;5;33;88;Buena / Ona;41;50;65;Buena / Ona;11;Muy buena / Oso ona;3;Muy buena / Oso ona;;;;;;;;Buena / Ona
09/02/2017;4;37;69;Buena / Ona;43;36;70;Buena / Ona;10;Muy buena / Oso ona;3;Muy buena / Oso ona;126;72;1008,2;0,3;221,7;7,8;1,11;Buena / Ona
08/02/2017;0;6;19;Muy buena / Oso ona;6;79;87;Buena / Ona;11;Muy buena / Oso ona;2;Muy buena / Oso ona;320;73;1016,6;4,2;74,4;8,8;3,43;Buena / Ona
07/02/2017;1;11;31;Muy buena / Oso ona;12;60;80;Buena / Ona;10;Muy buena / Oso ona;2;Muy buena / Oso ona;286;90;1012,2;14,1;18,2;10,5;2,59;Buena / Ona
06/02/2017;7;41;78;Buena / Ona;52;34;86;Buena / Ona;12;Muy buena / Oso ona;2;Muy buena / Oso ona;240;92;1013,1;18,8;16,4;9,4;0,86;Buena / Ona
05/02/2017;0;4;9;Muy buena / Oso ona;4;82;87;Buena / Ona;;Sin datos / Daturik gabe;2;Muy buena / Oso ona;287;71;1002,5;15,8;32,2;9,7;5,11;Buena / Ona
04/02/2017;1;19;53;Buena / Ona;21;57;77;Buena / Ona;;Sin datos / Daturik gabe;2;Muy buena / Oso ona;243;85;996,6;24,3;14,1;11,4;1,59;Buena / Ona
03/02/2017;0;9;39;Muy buena / Oso ona;10;75;79;Buena / Ona;12;Muy buena / Oso ona;2;Muy buena / Oso ona;203;48;996,7;0;122,6;14;2,9;Buena / Ona
02/02/2017;0;10;19;Muy buena / Oso ona;10;66;74;Buena / Ona;6;Muy buena / Oso ona;2;Muy buena / Oso ona;189;56;996,7;2,5;50,1;14;3,18;Buena / Ona
01/02/2017;1;16;32;Muy buena / Oso ona;17;53;59;Muy buena / Oso ona;9;Muy buena / Oso ona;3;Muy buena / Oso ona;209;49;1002,1;0;81,1;16,5;2,27;Muy buena / Oso ona
31/01/2017;2;14;62;Buena / Ona;17;47;53;Muy buena / Oso ona;8;Muy buena / Oso ona;2;Muy buena / Oso ona;195;51;1002,9;0;194,3;16,8;2,42;Buena / Ona
30/01/2017;2;17;59;Buena / Ona;20;42;53;Muy buena / Oso ona;7;Muy buena / Oso ona;3;Muy buena / Oso ona;187;61;1007,2;0;45,5;15,4;2,08;Buena / Ona
29/01/2017;0;10;26;Muy buena / Oso ona;10;55;69;Buena / Ona;7;Muy buena / Oso ona;2;Muy buena / Oso ona;195;61;1009,7;0;144,1;12,4;2,28;Buena / Ona
28/01/2017;2;20;57;Buena / Ona;23;53;71;Buena / Ona;12;Muy buena / Oso ona;3;Muy buena / Oso ona;243;73;1009,8;3;154,2;9,6;1,4;Buena / Ona
27/01/2017;1;16;44;Muy buena / Oso ona;17;66;79;Buena / Ona;12;Muy buena / Oso ona;3;Muy buena / Oso ona;173;57;997,6;1;39,3;11,8;3,61;Buena / Ona
26/01/2017;1;23;50;Muy buena / Oso ona;26;54;71;Buena / Ona;18;Muy buena / Oso ona;3;Muy buena / Oso ona;177;55;1001,5;0;153,3;8,1;3,26;Buena / Ona
25/01/2017;13;36;61;Buena / Ona;56;30;64;Buena / Ona;22;Muy buena / Oso ona;3;Muy buena / Oso ona;136;76;1012,5;0;182,8;3,4;0,35;Buena / Ona
24/01/2017;22;41;85;Buena / Ona;74;37;61;Buena / Ona;24;Muy buena / Oso ona;3;Muy buena / Oso ona;274;78;1016,2;0;125,1;6,8;0,62;Buena / Ona
23/01/2017;21;34;70;Buena / Ona;67;35;62;Buena / Ona;18;Muy buena / Oso ona;3;Muy buena / Oso ona;261;81;1012,9;0;71;6,9;1,02;Buena / Ona
22/01/2017;11;43;75;Buena / Ona;59;21;38;Muy buena / Oso ona;20;Muy buena / Oso ona;3;Muy buena / Oso ona;189;80;1010,9;0;29,4;5,5;0,52;Buena / Ona
21/01/2017;10;43;81;Buena / Ona;58;17;;Sin datos / Daturik gabe;21;Muy buena / Oso ona;3;Muy buena / Oso ona;199;75;1011;0;177;4,7;0,54;Buena / Ona
20/01/2017;19;41;73;Buena / Ona;69;12;33;Muy buena / Oso ona;27;Buena / Ona;3;Muy buena / Oso ona;180;82;1013,5;0;135;;0,56;Buena / Ona
19/01/2017;13;38;66;Buena / Ona;59;22;34;Muy buena / Oso ona;19;Muy buena / Oso ona;3;Muy buena / Oso ona;128;73;1015,6;0;48,9;2;0,92;Buena / Ona
18/01/2017;9;38;61;Buena / Ona;52;18;45;Muy buena / Oso ona;18;Muy buena / Oso ona;3;Muy buena / Oso ona;112;73;1016,3;0;6,9;;1,24;Buena / Ona
17/01/2017;3;19;50;Muy buena / Oso ona;23;42;50;Muy buena / Oso ona;8;Muy buena / Oso ona;2;Muy buena / Oso ona;62;70;1017;0,3;175,5;3,2;1,64;Muy buena / Oso ona
16/01/2017;0;8;22;Muy buena / Oso ona;8;61;82;Buena / Ona;9;Muy buena / Oso ona;2;Muy buena / Oso ona;336;95;1014,9;25,2;12,9;9,7;3,01;Buena / Ona
15/01/2017;0;6;22;Muy buena / Oso ona;6;72;80;Buena / Ona;8;Muy buena / Oso ona;2;Muy buena / Oso ona;325;88;1018;29,4;8,1;8,3;2,62;Buena / Ona
14/01/2017;1;14;34;Muy buena / Oso ona;16;60;73;Buena / Ona;7;Muy buena / Oso ona;2;Muy buena / Oso ona;310;84;1017,2;10,5;61,5;6,3;0,81;Buena / Ona
13/01/2017;0;5;15;Muy buena / Oso ona;5;76;82;Buena / Ona;11;Muy buena / Oso ona;2;Muy buena / Oso ona;314;76;1012,8;12,4;39,5;7,9;3,85;Buena / Ona
12/01/2017;7;22;56;Buena / Ona;33;34;60;Muy buena / Oso ona;12;Muy buena / Oso ona;2;Muy buena / Oso ona;272;90;1010,7;6;59,8;11,5;1,43;Buena / Ona
11/01/2017;0;5;10;Muy buena / Oso ona;6;61;72;Buena / Ona;4;Muy buena / Oso ona;2;Muy buena / Oso ona;307;100;1013,7;30,5;7,8;11,4;2,97;Buena / Ona
10/01/2017;1;13;37;Muy buena / Oso ona;14;57;70;Buena / Ona;10;Muy buena / Oso ona;2;Muy buena / Oso ona;311;92;1009,7;29,9;5,1;9,4;2,52;Buena / Ona
09/01/2017;12;42;75;Buena / Ona;61;18;34;Muy buena / Oso ona;17;Muy buena / Oso ona;3;Muy buena / Oso ona;199;84;1018,8;0;83,3;7,2;0,5;Buena / Ona
08/01/2017;5;36;61;Buena / Ona;44;22;34;Muy buena / Oso ona;21;Muy buena / Oso ona;3;Muy buena / Oso ona;167;73;1022,9;0;64,2;5,2;0,7;Buena / Ona
07/01/2017;6;35;61;Buena / Ona;44;21;44;Muy buena / Oso ona;20;Muy buena / Oso ona;3;Muy buena / Oso ona;166;74;1023;0;160,9;;0,65;Buena / Ona
06/01/2017;5;34;49;Muy buena / Oso ona;42;21;39;Muy buena / Oso ona;17;Muy buena / Oso ona;3;Muy buena / Oso ona;201;80;1022,2;0;164;;0,38;Muy buena / Oso ona
05/01/2017;17;47;70;Buena / Ona;73;16;32;Muy buena / Oso ona;19;Muy buena / Oso ona;3;Muy buena / Oso ona;148;75;1020,6;0;81;4,2;0,7;Buena / Ona
04/01/2017;26;41;80;Buena / Ona;81;9;22;Muy buena / Oso ona;24;Muy buena / Oso ona;3;Muy buena / Oso ona;182;88;1018;0;144,3;3,9;0,26;Buena / Ona
03/01/2017;24;36;55;Buena / Ona;73;10;16;Muy buena / Oso ona;26;Buena / Ona;3;Muy buena / Oso ona;197;84;1015,1;0;134,4;4,2;0,24;Buena / Ona
02/01/2017;9;31;70;Buena / Ona;45;26;43;Muy buena / Oso ona;15;Muy buena / Oso ona;3;Muy buena / Oso ona;202;60;1010,4;0;77,7;6,6;1,05;Buena / Ona
01/01/2017;1;14;26;Muy buena / Oso ona;17;36;44;Muy buena / Oso ona;18;Muy buena / Oso ona;2;Muy buena / Oso ona;184;71;1013,1;0;158,1;5,4;1,05;Muy buena / Oso ona
