Date;Benceno (µg/m3);CO (mg/m3);CO 8h max (mg/m3);CO 8h max - ICA;Etilbenceno (µg/m3);NO (µg/m3);NO2 (µg/m3);NO2 max (µg/m3);NO2 - ICA;NOX (µg/m3);O3 (µg/m3);O3 8h max (µg/m3);O3 8h max - ICA;Ortoxileno (µg/m3);PM10 (µg/m3);PM10 - ICA;PM2,5 (µg/m3);PM2,5 - ICA;SO2 (µg/m3);SO2 - ICA;Tolueno (µg/m3);ICA Estación
28/10/2017;0,55;0,23;0,29;Muy buena / Oso ona;0,38;4;21;44;Muy buena / Oso ona;27;33;55;Muy buena / Oso ona;1,26;19;Muy buena / Oso ona;10;Muy buena / Oso ona;5;Muy buena / Oso ona;1,45;Muy buena / Oso ona
27/10/2017;0,92;0,27;0,37;Muy buena / Oso ona;0,66;31;28;61;Buena / Ona;75;21;42;Muy buena / Oso ona;2,37;45;Buena / Ona;18;Buena / Ona;6;Muy buena / Oso ona;3,38;Buena / Ona
26/10/2017;0,63;0,31;0,43;Muy buena / Oso ona;0,89;33;33;70;Buena / Ona;83;22;64;Buena / Ona;2,55;36;Buena / Ona;15;Muy buena / Oso ona;6;Muy buena / Oso ona;2,9;Buena / Ona
25/10/2017;1,27;0,42;;Sin datos / Daturik gabe;0,81;36;35;80;Buena / Ona;90;12;;Sin datos / Daturik gabe;2,87;41;Buena / Ona;15;Muy buena / Oso ona;6;Muy buena / Oso ona;4,05;Buena / Ona
24/10/2017;0,87;0,31;0,4;Muy buena / Oso ona;0,52;24;37;77;Buena / Ona;73;14;38;Muy buena / Oso ona;2,3;38;Buena / Ona;14;Muy buena / Oso ona;7;Muy buena / Oso ona;3,52;Buena / Ona
23/10/2017;56,8;;;Sin datos / Daturik gabe;;11;19;32;Muy buena / Oso ona;36;22;52;Muy buena / Oso ona;;19;Muy buena / Oso ona;7;Muy buena / Oso ona;5;Muy buena / Oso ona;;Muy buena / Oso ona
22/10/2017;162,6;0,16;0,21;Muy buena / Oso ona;;3;13;18;Muy buena / Oso ona;16;38;54;Muy buena / Oso ona;;17;Muy buena / Oso ona;4;Muy buena / Oso ona;5;Muy buena / Oso ona;;Muy buena / Oso ona
21/10/2017;118,41;0,21;0,24;Muy buena / Oso ona;;3;13;23;Muy buena / Oso ona;17;52;62;Buena / Ona;;29;Buena / Ona;7;Muy buena / Oso ona;5;Muy buena / Oso ona;;Buena / Ona
20/10/2017;0,35;0,26;;Sin datos / Daturik gabe;0,21;21;28;52;Buena / Ona;60;17;46;Muy buena / Oso ona;0,76;30;Buena / Ona;12;Muy buena / Oso ona;5;Muy buena / Oso ona;1,17;Buena / Ona
19/10/2017;0,22;0,23;0,3;Muy buena / Oso ona;0,18;6;18;36;Muy buena / Oso ona;28;29;53;Muy buena / Oso ona;0,15;17;Muy buena / Oso ona;7;Muy buena / Oso ona;4;Muy buena / Oso ona;0,21;Muy buena / Oso ona
18/10/2017;4,59;0,31;0,68;Muy buena / Oso ona;5,82;17;29;59;Buena / Ona;55;19;31;Muy buena / Oso ona;6,97;34;Buena / Ona;16;Muy buena / Oso ona;4;Muy buena / Oso ona;7,31;Buena / Ona
17/10/2017;0,64;0,33;0,63;Muy buena / Oso ona;0,27;3;20;32;Muy buena / Oso ona;25;38;69;Buena / Ona;1,12;51;Mejorable / Hobetzeko modukoa;15;Muy buena / Oso ona;4;Muy buena / Oso ona;1,8;Mejorable / Hobetzeko modukoa
16/10/2017;0,36;0,22;0,28;Muy buena / Oso ona;0,2;3;16;35;Muy buena / Oso ona;20;53;67;Buena / Ona;0,78;46;Buena / Ona;14;Muy buena / Oso ona;4;Muy buena / Oso ona;1,09;Buena / Ona
15/10/2017;0,33;0,26;;Sin datos / Daturik gabe;0,2;2;11;26;Muy buena / Oso ona;14;52;63;Buena / Ona;0,92;37;Buena / Ona;15;Muy buena / Oso ona;4;Muy buena / Oso ona;1,01;Buena / Ona
14/10/2017;0,5;0,31;;Sin datos / Daturik gabe;0,35;5;20;59;Buena / Ona;28;43;75;Buena / Ona;1,46;50;Buena / Ona;24;Buena / Ona;4;Muy buena / Oso ona;1,45;Buena / Ona
13/10/2017;0,63;0,28;0,38;Muy buena / Oso ona;0,36;23;22;73;Buena / Ona;57;36;64;Buena / Ona;1,64;56;Mejorable / Hobetzeko modukoa;24;Buena / Ona;4;Muy buena / Oso ona;2,35;Mejorable / Hobetzeko modukoa
12/10/2017;0,61;0,24;0,31;Muy buena / Oso ona;0,37;6;16;30;Muy buena / Oso ona;26;25;60;Muy buena / Oso ona;1,45;32;Buena / Ona;16;Muy buena / Oso ona;4;Muy buena / Oso ona;2,02;Buena / Ona
11/10/2017;1,19;0,29;0,54;Muy buena / Oso ona;0,93;30;26;60;Buena / Ona;71;24;60;Muy buena / Oso ona;4,34;42;Buena / Ona;15;Muy buena / Oso ona;5;Muy buena / Oso ona;5,47;Buena / Ona
10/10/2017;0,64;0,28;0,35;Muy buena / Oso ona;0,54;14;20;44;Muy buena / Oso ona;41;19;46;Muy buena / Oso ona;1,86;27;Buena / Ona;11;Muy buena / Oso ona;7;Muy buena / Oso ona;2,46;Buena / Ona
09/10/2017;0,48;;;Sin datos / Daturik gabe;0,34;17;20;54;Buena / Ona;46;24;57;Muy buena / Oso ona;1,35;26;Buena / Ona;10;Muy buena / Oso ona;5;Muy buena / Oso ona;1,94;Buena / Ona
08/10/2017;0,58;0,25;0,29;Muy buena / Oso ona;0,21;6;13;23;Muy buena / Oso ona;23;29;66;Buena / Ona;0,87;19;Muy buena / Oso ona;9;Muy buena / Oso ona;4;Muy buena / Oso ona;1,27;Buena / Ona
07/10/2017;0,82;0,33;0,43;Muy buena / Oso ona;0,24;7;18;42;Muy buena / Oso ona;29;26;64;Buena / Ona;1,1;20;Muy buena / Oso ona;8;Muy buena / Oso ona;4;Muy buena / Oso ona;1,74;Buena / Ona
06/10/2017;0,34;0,25;0,31;Muy buena / Oso ona;0,24;6;19;40;Muy buena / Oso ona;29;32;50;Muy buena / Oso ona;1,06;20;Muy buena / Oso ona;6;Muy buena / Oso ona;4;Muy buena / Oso ona;1,33;Muy buena / Oso ona
05/10/2017;0,33;0,27;0,32;Muy buena / Oso ona;0,34;6;22;38;Muy buena / Oso ona;31;25;50;Muy buena / Oso ona;1,28;31;Buena / Ona;13;Muy buena / Oso ona;4;Muy buena / Oso ona;1,7;Buena / Ona
04/10/2017;0,42;0,3;0,33;Muy buena / Oso ona;0,44;11;17;36;Muy buena / Oso ona;35;11;28;Muy buena / Oso ona;1,58;33;Buena / Ona;11;Muy buena / Oso ona;4;Muy buena / Oso ona;1,87;Buena / Ona
03/10/2017;0,38;0,28;0,36;Muy buena / Oso ona;0,32;10;14;24;Muy buena / Oso ona;28;8;18;Muy buena / Oso ona;1,36;18;Muy buena / Oso ona;7;Muy buena / Oso ona;5;Muy buena / Oso ona;1,8;Muy buena / Oso ona
02/10/2017;0,49;0,35;0,39;Muy buena / Oso ona;0,35;10;28;44;Muy buena / Oso ona;43;7;12;Muy buena / Oso ona;1,43;27;Buena / Ona;11;Muy buena / Oso ona;5;Muy buena / Oso ona;1,91;Buena / Ona
01/10/2017;0,55;0,27;0,33;Muy buena / Oso ona;0,23;7;21;28;Muy buena / Oso ona;31;5;16;Muy buena / Oso ona;1,13;23;Muy buena / Oso ona;7;Muy buena / Oso ona;5;Muy buena / Oso ona;1,59;Muy buena / Oso ona
30/09/2017;0,31;0,2;0,35;Muy buena / Oso ona;0,18;3;14;23;Muy buena / Oso ona;18;36;60;Muy buena / Oso ona;0,86;15;Muy buena / Oso ona;6;Muy buena / Oso ona;5;Muy buena / Oso ona;1,03;Muy buena / Oso ona
29/09/2017;0,53;0,36;0,48;Muy buena / Oso ona;0,41;13;24;57;Buena / Ona;44;38;85;Buena / Ona;1,85;43;Buena / Ona;20;Buena / Ona;5;Muy buena / Oso ona;2,54;Buena / Ona
28/09/2017;0,68;0,3;0,42;Muy buena / Oso ona;0,45;16;26;54;Buena / Ona;51;35;84;Buena / Ona;2,18;42;Buena / Ona;17;Buena / Ona;5;Muy buena / Oso ona;2,51;Buena / Ona
27/09/2017;0,61;0,3;0,38;Muy buena / Oso ona;0,5;20;24;57;Buena / Ona;55;28;77;Buena / Ona;2,09;28;Buena / Ona;10;Muy buena / Oso ona;5;Muy buena / Oso ona;2,3;Buena / Ona
26/09/2017;0,38;0,19;0,27;Muy buena / Oso ona;0,32;7;19;42;Muy buena / Oso ona;30;28;57;Muy buena / Oso ona;1,39;19;Muy buena / Oso ona;8;Muy buena / Oso ona;5;Muy buena / Oso ona;1,77;Muy buena / Oso ona
25/09/2017;0,35;0,27;0,36;Muy buena / Oso ona;0,22;9;22;40;Muy buena / Oso ona;35;26;70;Buena / Ona;1,02;24;Muy buena / Oso ona;9;Muy buena / Oso ona;5;Muy buena / Oso ona;1,3;Buena / Ona
24/09/2017;0,42;0,33;0,37;Muy buena / Oso ona;0,19;5;15;26;Muy buena / Oso ona;22;49;83;Buena / Ona;1,12;34;Buena / Ona;16;Muy buena / Oso ona;5;Muy buena / Oso ona;1,17;Buena / Ona
23/09/2017;0,54;0,25;0,31;Muy buena / Oso ona;0,31;5;14;25;Muy buena / Oso ona;22;41;83;Buena / Ona;1,42;25;Muy buena / Oso ona;11;Muy buena / Oso ona;5;Muy buena / Oso ona;1,66;Buena / Ona
22/09/2017;0,35;0,25;0,28;Muy buena / Oso ona;0,33;4;22;31;Muy buena / Oso ona;28;27;48;Muy buena / Oso ona;1,19;16;Muy buena / Oso ona;6;Muy buena / Oso ona;4;Muy buena / Oso ona;2,18;Muy buena / Oso ona
21/09/2017;0,87;0,28;0,35;Muy buena / Oso ona;0,77;21;23;64;Buena / Ona;56;32;73;Buena / Ona;2,87;37;Buena / Ona;15;Muy buena / Oso ona;6;Muy buena / Oso ona;12,89;Buena / Ona
20/09/2017;0,57;0,29;0,36;Muy buena / Oso ona;0,45;14;22;42;Muy buena / Oso ona;43;25;59;Muy buena / Oso ona;1,7;24;Muy buena / Oso ona;9;Muy buena / Oso ona;5;Muy buena / Oso ona;4,94;Muy buena / Oso ona
19/09/2017;0,39;0,2;0,36;Muy buena / Oso ona;0,18;4;18;33;Muy buena / Oso ona;24;36;68;Buena / Ona;1,01;14;Muy buena / Oso ona;6;Muy buena / Oso ona;5;Muy buena / Oso ona;1,31;Buena / Ona
18/09/2017;0,41;0,29;;Sin datos / Daturik gabe;0,22;5;23;34;Muy buena / Oso ona;31;23;32;Muy buena / Oso ona;1;15;Muy buena / Oso ona;6;Muy buena / Oso ona;4;Muy buena / Oso ona;1,24;Muy buena / Oso ona
17/09/2017;0,36;0,18;0,22;Muy buena / Oso ona;0,18;5;13;24;Muy buena / Oso ona;21;34;67;Buena / Ona;0,88;16;Muy buena / Oso ona;4;Muy buena / Oso ona;5;Muy buena / Oso ona;1;Buena / Ona
16/09/2017;0,39;0,2;0,24;Muy buena / Oso ona;0,17;4;15;31;Muy buena / Oso ona;20;34;62;Buena / Ona;0,93;10;Muy buena / Oso ona;4;Muy buena / Oso ona;4;Muy buena / Oso ona;0,91;Buena / Ona
15/09/2017;0,89;0,26;0,31;Muy buena / Oso ona;0,37;17;23;38;Muy buena / Oso ona;49;22;44;Muy buena / Oso ona;1,48;24;Muy buena / Oso ona;8;Muy buena / Oso ona;5;Muy buena / Oso ona;2,34;Muy buena / Oso ona
14/09/2017;0,33;0,28;0,31;Muy buena / Oso ona;0,23;6;20;34;Muy buena / Oso ona;28;32;57;Muy buena / Oso ona;0,97;25;Muy buena / Oso ona;7;Muy buena / Oso ona;5;Muy buena / Oso ona;1,38;Muy buena / Oso ona
13/09/2017;0,47;0,24;0,27;Muy buena / Oso ona;0,26;13;17;39;Muy buena / Oso ona;37;26;53;Muy buena / Oso ona;1,43;23;Muy buena / Oso ona;8;Muy buena / Oso ona;6;Muy buena / Oso ona;1,79;Muy buena / Oso ona
12/09/2017;0,33;0,25;0,28;Muy buena / Oso ona;0,18;3;15;42;Muy buena / Oso ona;20;39;60;Muy buena / Oso ona;0,81;13;Muy buena / Oso ona;4;Muy buena / Oso ona;6;Muy buena / Oso ona;0,85;Muy buena / Oso ona
11/09/2017;0,35;0,27;0,28;Muy buena / Oso ona;0,19;3;16;22;Muy buena / Oso ona;21;41;55;Muy buena / Oso ona;0,83;28;Buena / Ona;7;Muy buena / Oso ona;5;Muy buena / Oso ona;0,98;Buena / Ona
10/09/2017;0,43;0,21;0,27;Muy buena / Oso ona;0,18;3;16;29;Muy buena / Oso ona;20;44;66;Buena / Ona;0,67;19;Muy buena / Oso ona;4;Muy buena / Oso ona;6;Muy buena / Oso ona;0,66;Buena / Ona
09/09/2017;0,38;0,25;0,34;Muy buena / Oso ona;0,22;3;15;33;Muy buena / Oso ona;19;44;55;Muy buena / Oso ona;0,88;15;Muy buena / Oso ona;5;Muy buena / Oso ona;6;Muy buena / Oso ona;0,82;Muy buena / Oso ona
08/09/2017;0,46;0,24;0,33;Muy buena / Oso ona;0,29;6;17;36;Muy buena / Oso ona;27;37;69;Buena / Ona;1,67;30;Buena / Ona;11;Muy buena / Oso ona;6;Muy buena / Oso ona;1,62;Buena / Ona
07/09/2017;0,39;0,25;0,29;Muy buena / Oso ona;0,29;6;18;32;Muy buena / Oso ona;27;27;57;Muy buena / Oso ona;1,32;23;Muy buena / Oso ona;6;Muy buena / Oso ona;6;Muy buena / Oso ona;1,4;Muy buena / Oso ona
06/09/2017;0,34;0,25;0,41;Muy buena / Oso ona;0,24;3;18;33;Muy buena / Oso ona;23;23;43;Muy buena / Oso ona;1,05;23;Muy buena / Oso ona;7;Muy buena / Oso ona;5;Muy buena / Oso ona;1,4;Muy buena / Oso ona
05/09/2017;0,49;0,32;0,43;Muy buena / Oso ona;0,29;12;16;28;Muy buena / Oso ona;34;27;59;Muy buena / Oso ona;1,37;23;Muy buena / Oso ona;8;Muy buena / Oso ona;6;Muy buena / Oso ona;1,84;Muy buena / Oso ona
04/09/2017;0,34;0,26;0,28;Muy buena / Oso ona;0,24;9;17;35;Muy buena / Oso ona;31;18;43;Muy buena / Oso ona;1,11;14;Muy buena / Oso ona;5;Muy buena / Oso ona;5;Muy buena / Oso ona;1,5;Muy buena / Oso ona
03/09/2017;0,45;0,19;0,28;Muy buena / Oso ona;0,2;4;16;27;Muy buena / Oso ona;22;31;70;Buena / Ona;1,02;18;Muy buena / Oso ona;7;Muy buena / Oso ona;6;Muy buena / Oso ona;1,59;Buena / Ona
02/09/2017;0,41;0,22;0,29;Muy buena / Oso ona;0,19;3;13;25;Muy buena / Oso ona;18;37;72;Buena / Ona;0,9;16;Muy buena / Oso ona;7;Muy buena / Oso ona;5;Muy buena / Oso ona;0,97;Buena / Ona
01/09/2017;0,66;0,28;0,36;Muy buena / Oso ona;0,37;9;17;33;Muy buena / Oso ona;30;32;69;Buena / Ona;1,35;25;Muy buena / Oso ona;9;Muy buena / Oso ona;5;Muy buena / Oso ona;1,88;Buena / Ona
31/08/2017;0,31;0,26;0,46;Muy buena / Oso ona;0,19;3;16;31;Muy buena / Oso ona;21;38;59;Muy buena / Oso ona;0,8;14;Muy buena / Oso ona;5;Muy buena / Oso ona;5;Muy buena / Oso ona;0,92;Muy buena / Oso ona
30/08/2017;0,62;0,37;0,49;Muy buena / Oso ona;0,22;5;14;28;Muy buena / Oso ona;21;39;64;Buena / Ona;1,3;29;Buena / Ona;11;Muy buena / Oso ona;5;Muy buena / Oso ona;1,68;Buena / Ona
29/08/2017;0,4;0,28;0,36;Muy buena / Oso ona;0,32;5;20;37;Muy buena / Oso ona;28;42;73;Buena / Ona;1,41;27;Buena / Ona;11;Muy buena / Oso ona;5;Muy buena / Oso ona;1,8;Buena / Ona
28/08/2017;0,33;0,24;0,32;Muy buena / Oso ona;0,45;13;24;46;Muy buena / Oso ona;44;20;38;Muy buena / Oso ona;1,98;35;Buena / Ona;11;Muy buena / Oso ona;5;Muy buena / Oso ona;2,37;Buena / Ona
27/08/2017;0,45;0,36;0,42;Muy buena / Oso ona;0,29;8;18;30;Muy buena / Oso ona;30;17;31;Muy buena / Oso ona;1,28;34;Buena / Ona;12;Muy buena / Oso ona;5;Muy buena / Oso ona;1,71;Buena / Ona
26/08/2017;2,79;0,23;0,28;Muy buena / Oso ona;3,64;3;9;20;Muy buena / Oso ona;14;41;62;Buena / Ona;4,42;17;Muy buena / Oso ona;6;Muy buena / Oso ona;4;Muy buena / Oso ona;4,4;Buena / Ona
25/08/2017;0,23;0,2;0,47;Muy buena / Oso ona;0,22;5;11;24;Muy buena / Oso ona;18;43;57;Muy buena / Oso ona;1,06;20;Muy buena / Oso ona;6;Muy buena / Oso ona;4;Muy buena / Oso ona;0,85;Muy buena / Oso ona
24/08/2017;0,22;0,36;0,5;Muy buena / Oso ona;0,23;3;10;23;Muy buena / Oso ona;14;45;57;Muy buena / Oso ona;0,91;26;Buena / Ona;8;Muy buena / Oso ona;4;Muy buena / Oso ona;1,3;Buena / Ona
23/08/2017;0,29;0,24;0,35;Muy buena / Oso ona;0,25;4;11;23;Muy buena / Oso ona;17;44;64;Buena / Ona;1,1;34;Buena / Ona;10;Muy buena / Oso ona;4;Muy buena / Oso ona;0,97;Buena / Ona
22/08/2017;0,31;0,3;;Sin datos / Daturik gabe;0,34;8;20;56;Buena / Ona;33;57;94;Buena / Ona;1,37;44;Buena / Ona;15;Muy buena / Oso ona;4;Muy buena / Oso ona;1,54;Buena / Ona
21/08/2017;0,29;0,23;;Sin datos / Daturik gabe;0,24;8;20;39;Muy buena / Oso ona;32;51;100;Buena / Ona;1,21;23;Muy buena / Oso ona;8;Muy buena / Oso ona;5;Muy buena / Oso ona;1,47;Buena / Ona
20/08/2017;2,88;;;Sin datos / Daturik gabe;3,63;4;11;30;Muy buena / Oso ona;17;36;65;Buena / Ona;4,09;18;Muy buena / Oso ona;6;Muy buena / Oso ona;4;Muy buena / Oso ona;4,02;Buena / Ona
19/08/2017;0,29;0,17;0,32;Muy buena / Oso ona;0,16;3;9;25;Muy buena / Oso ona;14;44;64;Buena / Ona;0,64;14;Muy buena / Oso ona;4;Muy buena / Oso ona;4;Muy buena / Oso ona;0,94;Buena / Ona
18/08/2017;0,42;0,32;0,35;Muy buena / Oso ona;0,36;7;18;37;Muy buena / Oso ona;29;32;61;Buena / Ona;1,35;23;Muy buena / Oso ona;9;Muy buena / Oso ona;4;Muy buena / Oso ona;2,3;Buena / Ona
17/08/2017;0,42;0,25;0,33;Muy buena / Oso ona;0,23;7;15;38;Muy buena / Oso ona;25;37;66;Buena / Ona;1,13;19;Muy buena / Oso ona;8;Muy buena / Oso ona;4;Muy buena / Oso ona;1,5;Buena / Ona
16/08/2017;0,25;0,24;0,31;Muy buena / Oso ona;0,19;5;11;21;Muy buena / Oso ona;19;31;55;Muy buena / Oso ona;1,05;12;Muy buena / Oso ona;4;Muy buena / Oso ona;4;Muy buena / Oso ona;1,21;Muy buena / Oso ona
15/08/2017;0,27;0,22;0,39;Muy buena / Oso ona;0,18;2;9;16;Muy buena / Oso ona;12;28;45;Muy buena / Oso ona;0,82;18;Muy buena / Oso ona;8;Muy buena / Oso ona;4;Muy buena / Oso ona;1,11;Muy buena / Oso ona
14/08/2017;0,43;0,3;0,4;Muy buena / Oso ona;0,17;9;14;35;Muy buena / Oso ona;28;43;90;Buena / Ona;1,05;27;Buena / Ona;12;Muy buena / Oso ona;4;Muy buena / Oso ona;1,4;Buena / Ona
13/08/2017;0,44;0,17;0,21;Muy buena / Oso ona;0,17;3;9;17;Muy buena / Oso ona;13;37;65;Buena / Ona;0,86;16;Muy buena / Oso ona;7;Muy buena / Oso ona;4;Muy buena / Oso ona;0,87;Buena / Ona
12/08/2017;0,36;0,15;0,21;Muy buena / Oso ona;0,18;5;11;19;Muy buena / Oso ona;18;37;68;Buena / Ona;1;14;Muy buena / Oso ona;6;Muy buena / Oso ona;4;Muy buena / Oso ona;1,24;Buena / Ona
11/08/2017;0,51;0,18;;Sin datos / Daturik gabe;0,16;9;15;33;Muy buena / Oso ona;28;35;69;Buena / Ona;1,02;20;Muy buena / Oso ona;6;Muy buena / Oso ona;5;Muy buena / Oso ona;1,22;Buena / Ona
10/08/2017;0,49;0,17;0,33;Muy buena / Oso ona;0,25;5;22;42;Muy buena / Oso ona;29;31;54;Muy buena / Oso ona;0,41;18;Muy buena / Oso ona;5;Muy buena / Oso ona;5;Muy buena / Oso ona;0,83;Muy buena / Oso ona
09/08/2017;0,44;0,23;0,33;Muy buena / Oso ona;0,16;3;14;24;Muy buena / Oso ona;19;39;;Sin datos / Daturik gabe;0,58;17;Muy buena / Oso ona;4;Muy buena / Oso ona;4;Muy buena / Oso ona;0,73;Muy buena / Oso ona
08/08/2017;0,46;0,19;0,32;Muy buena / Oso ona;0,15;4;17;33;Muy buena / Oso ona;23;40;62;Buena / Ona;0,47;16;Muy buena / Oso ona;4;Muy buena / Oso ona;4;Muy buena / Oso ona;0,63;Buena / Ona
07/08/2017;0,48;0,26;0,35;Muy buena / Oso ona;0,16;6;15;37;Muy buena / Oso ona;24;45;68;Buena / Ona;0,73;29;Buena / Ona;8;Muy buena / Oso ona;5;Muy buena / Oso ona;0,96;Buena / Ona
06/08/2017;0,32;0,21;0,36;Muy buena / Oso ona;0,17;2;6;17;Muy buena / Oso ona;10;46;68;Buena / Ona;0,6;16;Muy buena / Oso ona;4;Muy buena / Oso ona;4;Muy buena / Oso ona;0,54;Buena / Ona
05/08/2017;0,19;0,23;0,33;Muy buena / Oso ona;0,15;2;9;19;Muy buena / Oso ona;12;32;44;Muy buena / Oso ona;0,51;;Sin datos / Daturik gabe;3;Muy buena / Oso ona;4;Muy buena / Oso ona;0,78;Muy buena / Oso ona
04/08/2017;0,74;0,26;0,33;Muy buena / Oso ona;0,13;5;11;29;Muy buena / Oso ona;19;37;54;Muy buena / Oso ona;0,41;16;Muy buena / Oso ona;7;Muy buena / Oso ona;4;Muy buena / Oso ona;0,79;Muy buena / Oso ona
03/08/2017;0,5;0,27;0,32;Muy buena / Oso ona;0,22;9;13;29;Muy buena / Oso ona;27;44;77;Buena / Ona;1,1;28;Buena / Ona;10;Muy buena / Oso ona;4;Muy buena / Oso ona;1,39;Buena / Ona
02/08/2017;0,37;;;Sin datos / Daturik gabe;0,25;10;14;33;Muy buena / Oso ona;29;42;76;Buena / Ona;1,19;29;Buena / Ona;10;Muy buena / Oso ona;4;Muy buena / Oso ona;1,38;Buena / Ona
01/08/2017;0,41;0,24;0,28;Muy buena / Oso ona;1,08;5;14;22;Muy buena / Oso ona;22;30;52;Muy buena / Oso ona;4,09;20;Muy buena / Oso ona;5;Muy buena / Oso ona;4;Muy buena / Oso ona;1,32;Muy buena / Oso ona
31/07/2017;0,26;0,27;0,32;Muy buena / Oso ona;0,17;3;13;24;Muy buena / Oso ona;17;24;40;Muy buena / Oso ona;0,89;18;Muy buena / Oso ona;5;Muy buena / Oso ona;3;Muy buena / Oso ona;1,19;Muy buena / Oso ona
30/07/2017;0,36;0,23;0,28;Muy buena / Oso ona;0,19;4;13;24;Muy buena / Oso ona;19;26;46;Muy buena / Oso ona;0,97;19;Muy buena / Oso ona;7;Muy buena / Oso ona;4;Muy buena / Oso ona;1,47;Muy buena / Oso ona
29/07/2017;0,37;0,27;;Sin datos / Daturik gabe;0,16;5;14;36;Muy buena / Oso ona;22;41;77;Buena / Ona;1,07;17;Muy buena / Oso ona;7;Muy buena / Oso ona;6;Muy buena / Oso ona;1,42;Buena / Ona
28/07/2017;0,18;0,27;0,33;Muy buena / Oso ona;0,17;4;10;16;Muy buena / Oso ona;16;36;53;Muy buena / Oso ona;0,88;16;Muy buena / Oso ona;5;Muy buena / Oso ona;3;Muy buena / Oso ona;0,87;Muy buena / Oso ona
27/07/2017;0,96;0,24;0,32;Muy buena / Oso ona;0,42;10;16;40;Muy buena / Oso ona;30;36;61;Buena / Ona;1,84;33;Buena / Ona;15;Muy buena / Oso ona;5;Muy buena / Oso ona;2,81;Buena / Ona
26/07/2017;0,97;0,29;0,37;Muy buena / Oso ona;0,58;10;17;36;Muy buena / Oso ona;33;39;72;Buena / Ona;2,6;30;Buena / Ona;13;Muy buena / Oso ona;4;Muy buena / Oso ona;2,82;Buena / Ona
25/07/2017;0,5;0,17;0,31;Muy buena / Oso ona;0,22;3;15;27;Muy buena / Oso ona;20;31;56;Muy buena / Oso ona;1,15;19;Muy buena / Oso ona;7;Muy buena / Oso ona;4;Muy buena / Oso ona;1,6;Muy buena / Oso ona
24/07/2017;0,36;0,3;0,32;Muy buena / Oso ona;0,36;3;11;19;Muy buena / Oso ona;16;30;39;Muy buena / Oso ona;0,97;16;Muy buena / Oso ona;5;Muy buena / Oso ona;3;Muy buena / Oso ona;1,08;Muy buena / Oso ona
23/07/2017;0,4;;;Sin datos / Daturik gabe;0,29;4;9;18;Muy buena / Oso ona;15;41;69;Buena / Ona;1,42;27;Buena / Ona;9;Muy buena / Oso ona;4;Muy buena / Oso ona;1,74;Buena / Ona
22/07/2017;0,68;0,27;0,36;Muy buena / Oso ona;0,25;5;11;28;Muy buena / Oso ona;18;31;55;Muy buena / Oso ona;1,43;25;Muy buena / Oso ona;10;Muy buena / Oso ona;4;Muy buena / Oso ona;2,29;Muy buena / Oso ona
21/07/2017;0,52;0,24;0,28;Muy buena / Oso ona;0,19;5;16;22;Muy buena / Oso ona;23;20;37;Muy buena / Oso ona;1,35;23;Muy buena / Oso ona;9;Muy buena / Oso ona;4;Muy buena / Oso ona;1,86;Muy buena / Oso ona
20/07/2017;0,25;0,2;0,31;Muy buena / Oso ona;0,18;3;14;23;Muy buena / Oso ona;18;33;47;Muy buena / Oso ona;1;15;Muy buena / Oso ona;6;Muy buena / Oso ona;5;Muy buena / Oso ona;1,12;Muy buena / Oso ona
19/07/2017;0,2;0,23;0,31;Muy buena / Oso ona;0,15;3;12;20;Muy buena / Oso ona;17;59;72;Buena / Ona;0,74;35;Buena / Ona;13;Muy buena / Oso ona;4;Muy buena / Oso ona;0,88;Buena / Ona
18/07/2017;0,47;;;Sin datos / Daturik gabe;0,24;3;14;30;Muy buena / Oso ona;19;68;87;Buena / Ona;1,2;39;Buena / Ona;17;Buena / Ona;4;Muy buena / Oso ona;1,59;Buena / Ona
17/07/2017;0,82;0,33;0,42;Muy buena / Oso ona;0,34;10;24;46;Muy buena / Oso ona;39;51;97;Buena / Ona;1,96;53;Mejorable / Hobetzeko modukoa;20;Buena / Ona;4;Muy buena / Oso ona;2,65;Mejorable / Hobetzeko modukoa
16/07/2017;0,54;0,24;0,29;Muy buena / Oso ona;0,17;5;13;27;Muy buena / Oso ona;21;45;83;Buena / Ona;0,98;26;Buena / Ona;12;Muy buena / Oso ona;5;Muy buena / Oso ona;1,38;Buena / Ona
15/07/2017;0,65;0,26;0,34;Muy buena / Oso ona;0,19;3;11;20;Muy buena / Oso ona;16;40;59;Muy buena / Oso ona;1,14;27;Buena / Ona;10;Muy buena / Oso ona;4;Muy buena / Oso ona;1,34;Buena / Ona
14/07/2017;0,81;;;Sin datos / Daturik gabe;0,2;4;12;27;Muy buena / Oso ona;18;36;53;Muy buena / Oso ona;1,35;13;Muy buena / Oso ona;3;Muy buena / Oso ona;4;Muy buena / Oso ona;1,44;Muy buena / Oso ona
13/07/2017;0,23;0,27;0,34;Muy buena / Oso ona;0,25;5;12;26;Muy buena / Oso ona;21;30;46;Muy buena / Oso ona;1,53;14;Muy buena / Oso ona;6;Muy buena / Oso ona;5;Muy buena / Oso ona;1,56;Muy buena / Oso ona
12/07/2017;0,41;0,28;0,33;Muy buena / Oso ona;0,4;8;18;37;Muy buena / Oso ona;29;25;46;Muy buena / Oso ona;1,9;25;Muy buena / Oso ona;10;Muy buena / Oso ona;5;Muy buena / Oso ona;3,31;Muy buena / Oso ona
11/07/2017;0,31;0,26;0,28;Muy buena / Oso ona;0,17;6;14;25;Muy buena / Oso ona;24;34;60;Muy buena / Oso ona;1,1;19;Muy buena / Oso ona;7;Muy buena / Oso ona;5;Muy buena / Oso ona;1,62;Muy buena / Oso ona
10/07/2017;0,24;0,25;0,34;Muy buena / Oso ona;0,27;3;12;25;Muy buena / Oso ona;17;33;54;Muy buena / Oso ona;1,28;17;Muy buena / Oso ona;7;Muy buena / Oso ona;4;Muy buena / Oso ona;1,13;Muy buena / Oso ona
09/07/2017;0,18;0,25;0,3;Muy buena / Oso ona;0,14;2;7;10;Muy buena / Oso ona;11;61;75;Buena / Ona;0,44;29;Buena / Ona;14;Muy buena / Oso ona;4;Muy buena / Oso ona;0,71;Buena / Ona
08/07/2017;0,21;0,24;0,3;Muy buena / Oso ona;0,15;2;7;11;Muy buena / Oso ona;10;59;73;Buena / Ona;0,78;25;Muy buena / Oso ona;13;Muy buena / Oso ona;4;Muy buena / Oso ona;0,79;Buena / Ona
07/07/2017;0,28;0,24;0,37;Muy buena / Oso ona;0,29;6;15;42;Muy buena / Oso ona;23;38;56;Muy buena / Oso ona;1,42;27;Buena / Ona;13;Muy buena / Oso ona;4;Muy buena / Oso ona;1,9;Buena / Ona
06/07/2017;0,32;0,28;0,38;Muy buena / Oso ona;0,48;5;27;56;Buena / Ona;35;42;69;Buena / Ona;1,91;42;Buena / Ona;21;Buena / Ona;4;Muy buena / Oso ona;2,1;Buena / Ona
05/07/2017;0,21;0,24;;Sin datos / Daturik gabe;0,16;3;11;21;Muy buena / Oso ona;16;71;79;Buena / Ona;0,85;29;Buena / Ona;12;Muy buena / Oso ona;4;Muy buena / Oso ona;1,2;Buena / Ona
04/07/2017;1,16;0,28;0,31;Muy buena / Oso ona;0,48;9;18;34;Muy buena / Oso ona;32;42;82;Buena / Ona;2,17;30;Buena / Ona;13;Muy buena / Oso ona;4;Muy buena / Oso ona;3,56;Buena / Ona
03/07/2017;3,95;0,29;0,32;Muy buena / Oso ona;4,37;11;12;30;Muy buena / Oso ona;30;21;38;Muy buena / Oso ona;5,45;16;Muy buena / Oso ona;5;Muy buena / Oso ona;4;Muy buena / Oso ona;5,92;Muy buena / Oso ona
02/07/2017;0,6;0,28;0,36;Muy buena / Oso ona;0,29;3;11;18;Muy buena / Oso ona;15;32;59;Muy buena / Oso ona;0,95;14;Muy buena / Oso ona;5;Muy buena / Oso ona;5;Muy buena / Oso ona;1,29;Muy buena / Oso ona
01/07/2017;0,38;0,22;0,37;Muy buena / Oso ona;0,29;3;15;27;Muy buena / Oso ona;19;36;46;Muy buena / Oso ona;0,72;17;Muy buena / Oso ona;4;Muy buena / Oso ona;5;Muy buena / Oso ona;0,85;Muy buena / Oso ona
30/06/2017;0,24;0,25;0,29;Muy buena / Oso ona;0,23;4;18;30;Muy buena / Oso ona;24;33;50;Muy buena / Oso ona;0,61;16;Muy buena / Oso ona;5;Muy buena / Oso ona;4;Muy buena / Oso ona;0,75;Muy buena / Oso ona
29/06/2017;0,33;0,24;0,38;Muy buena / Oso ona;0,19;4;16;29;Muy buena / Oso ona;21;43;61;Buena / Ona;0,45;18;Muy buena / Oso ona;5;Muy buena / Oso ona;5;Muy buena / Oso ona;0,7;Buena / Ona
28/06/2017;0,18;0,27;0,37;Muy buena / Oso ona;0,3;4;12;27;Muy buena / Oso ona;18;41;59;Muy buena / Oso ona;0,43;20;Muy buena / Oso ona;7;Muy buena / Oso ona;4;Muy buena / Oso ona;0,98;Muy buena / Oso ona
27/06/2017;0,33;0,35;0,43;Muy buena / Oso ona;0,65;10;18;43;Muy buena / Oso ona;32;25;45;Muy buena / Oso ona;0,55;30;Buena / Ona;12;Muy buena / Oso ona;4;Muy buena / Oso ona;1,56;Buena / Ona
26/06/2017;0,18;0,37;0,41;Muy buena / Oso ona;0,22;5;16;25;Muy buena / Oso ona;24;29;52;Muy buena / Oso ona;0,58;27;Buena / Ona;9;Muy buena / Oso ona;4;Muy buena / Oso ona;0,93;Buena / Ona
25/06/2017;0,21;0,27;0,33;Muy buena / Oso ona;0,36;3;12;22;Muy buena / Oso ona;17;26;49;Muy buena / Oso ona;0,51;27;Buena / Ona;12;Muy buena / Oso ona;4;Muy buena / Oso ona;0,9;Buena / Ona
24/06/2017;0,19;;;Sin datos / Daturik gabe;0,37;2;10;19;Muy buena / Oso ona;13;35;46;Muy buena / Oso ona;0,67;25;Muy buena / Oso ona;12;Muy buena / Oso ona;4;Muy buena / Oso ona;1,03;Muy buena / Oso ona
23/06/2017;0,22;0,3;0,37;Muy buena / Oso ona;0,39;3;15;30;Muy buena / Oso ona;19;39;57;Muy buena / Oso ona;0,48;39;Buena / Ona;16;Muy buena / Oso ona;4;Muy buena / Oso ona;0,74;Buena / Ona
22/06/2017;;;;Sin datos / Daturik gabe;;4;12;19;Muy buena / Oso ona;18;60;98;Buena / Ona;0,33;45;Buena / Ona;23;Buena / Ona;4;Muy buena / Oso ona;;Buena / Ona
21/06/2017;;0,32;0,45;Muy buena / Oso ona;;8;26;77;Buena / Ona;39;82;136;Mejorable / Hobetzeko modukoa;0,44;50;Buena / Ona;23;Buena / Ona;4;Muy buena / Oso ona;;Mejorable / Hobetzeko modukoa
20/06/2017;0,25;0,33;0,41;Muy buena / Oso ona;0,31;6;27;55;Buena / Ona;37;64;119;Mejorable / Hobetzeko modukoa;0,66;37;Buena / Ona;14;Muy buena / Oso ona;4;Muy buena / Oso ona;0,88;Mejorable / Hobetzeko modukoa
19/06/2017;;0,28;0,39;Muy buena / Oso ona;;8;19;49;Muy buena / Oso ona;31;72;120;Mejorable / Hobetzeko modukoa;0,61;38;Buena / Ona;18;Buena / Ona;4;Muy buena / Oso ona;;Mejorable / Hobetzeko modukoa
18/06/2017;;0,23;0,31;Muy buena / Oso ona;;4;14;26;Muy buena / Oso ona;20;61;104;Mejorable / Hobetzeko modukoa;;29;Buena / Ona;13;Muy buena / Oso ona;3;Muy buena / Oso ona;;Mejorable / Hobetzeko modukoa
17/06/2017;;0,24;0,29;Muy buena / Oso ona;;4;11;20;Muy buena / Oso ona;17;50;89;Buena / Ona;;26;Buena / Ona;11;Muy buena / Oso ona;3;Muy buena / Oso ona;;Buena / Ona
16/06/2017;0,05;0,28;0,34;Muy buena / Oso ona;0,29;6;15;34;Muy buena / Oso ona;25;38;50;Muy buena / Oso ona;0,7;28;Buena / Ona;10;Muy buena / Oso ona;3;Muy buena / Oso ona;0,93;Buena / Ona
15/06/2017;;0,27;0,36;Muy buena / Oso ona;;2;14;22;Muy buena / Oso ona;17;51;60;Muy buena / Oso ona;;21;Muy buena / Oso ona;10;Muy buena / Oso ona;3;Muy buena / Oso ona;;Muy buena / Oso ona
14/06/2017;;0,33;0,39;Muy buena / Oso ona;;4;17;38;Muy buena / Oso ona;23;46;73;Buena / Ona;;45;Buena / Ona;19;Buena / Ona;3;Muy buena / Oso ona;;Buena / Ona
13/06/2017;;0,29;0,37;Muy buena / Oso ona;;8;16;36;Muy buena / Oso ona;28;36;62;Buena / Ona;;28;Buena / Ona;10;Muy buena / Oso ona;3;Muy buena / Oso ona;;Buena / Ona
12/06/2017;;0,23;0,3;Muy buena / Oso ona;;3;11;21;Muy buena / Oso ona;15;31;44;Muy buena / Oso ona;;28;Buena / Ona;6;Muy buena / Oso ona;3;Muy buena / Oso ona;;Buena / Ona
11/06/2017;;0,3;0,38;Muy buena / Oso ona;;2;10;19;Muy buena / Oso ona;14;43;64;Buena / Ona;;36;Buena / Ona;17;Buena / Ona;3;Muy buena / Oso ona;;Buena / Ona
10/06/2017;;0,33;0,38;Muy buena / Oso ona;;4;12;21;Muy buena / Oso ona;19;46;80;Buena / Ona;;29;Buena / Ona;14;Muy buena / Oso ona;3;Muy buena / Oso ona;;Buena / Ona
09/06/2017;;0,29;0,42;Muy buena / Oso ona;;7;19;43;Muy buena / Oso ona;30;33;53;Muy buena / Oso ona;;30;Buena / Ona;12;Muy buena / Oso ona;3;Muy buena / Oso ona;;Buena / Ona
08/06/2017;;0,32;0,39;Muy buena / Oso ona;;10;18;56;Buena / Ona;34;50;82;Buena / Ona;;34;Buena / Ona;12;Muy buena / Oso ona;4;Muy buena / Oso ona;;Buena / Ona
07/06/2017;;0,25;0,34;Muy buena / Oso ona;;7;15;36;Muy buena / Oso ona;25;43;71;Buena / Ona;;29;Buena / Ona;8;Muy buena / Oso ona;3;Muy buena / Oso ona;;Buena / Ona
06/06/2017;;0,25;0,3;Muy buena / Oso ona;;3;13;21;Muy buena / Oso ona;18;53;62;Buena / Ona;;26;Buena / Ona;7;Muy buena / Oso ona;3;Muy buena / Oso ona;;Buena / Ona
05/06/2017;;0,23;0,3;Muy buena / Oso ona;;5;18;33;Muy buena / Oso ona;26;46;73;Buena / Ona;;16;Muy buena / Oso ona;7;Muy buena / Oso ona;3;Muy buena / Oso ona;;Buena / Ona
04/06/2017;;0,23;0,28;Muy buena / Oso ona;;2;12;32;Muy buena / Oso ona;16;37;50;Muy buena / Oso ona;;13;Muy buena / Oso ona;5;Muy buena / Oso ona;3;Muy buena / Oso ona;;Muy buena / Oso ona
03/06/2017;;0,25;0,35;Muy buena / Oso ona;;3;13;22;Muy buena / Oso ona;17;40;54;Muy buena / Oso ona;;22;Muy buena / Oso ona;11;Muy buena / Oso ona;3;Muy buena / Oso ona;;Muy buena / Oso ona
02/06/2017;;0,24;0,36;Muy buena / Oso ona;;3;17;30;Muy buena / Oso ona;21;53;60;Muy buena / Oso ona;;29;Buena / Ona;17;Buena / Ona;3;Muy buena / Oso ona;;Buena / Ona
01/06/2017;;0,35;0,42;Muy buena / Oso ona;;11;18;40;Muy buena / Oso ona;35;44;78;Buena / Ona;;27;Buena / Ona;13;Muy buena / Oso ona;3;Muy buena / Oso ona;;Buena / Ona
31/05/2017;;0,27;0,29;Muy buena / Oso ona;;3;15;29;Muy buena / Oso ona;20;45;66;Buena / Ona;;17;Muy buena / Oso ona;7;Muy buena / Oso ona;3;Muy buena / Oso ona;;Buena / Ona
30/05/2017;;0,24;0,29;Muy buena / Oso ona;;2;12;33;Muy buena / Oso ona;16;50;59;Muy buena / Oso ona;;10;Muy buena / Oso ona;5;Muy buena / Oso ona;3;Muy buena / Oso ona;;Muy buena / Oso ona
29/05/2017;;0,33;0,43;Muy buena / Oso ona;;3;16;43;Muy buena / Oso ona;21;49;60;Muy buena / Oso ona;;26;Buena / Ona;12;Muy buena / Oso ona;3;Muy buena / Oso ona;;Buena / Ona
28/05/2017;;0,3;0,37;Muy buena / Oso ona;;2;13;22;Muy buena / Oso ona;16;55;77;Buena / Ona;;31;Buena / Ona;15;Muy buena / Oso ona;3;Muy buena / Oso ona;;Buena / Ona
27/05/2017;;0,29;0,31;Muy buena / Oso ona;;3;16;47;Muy buena / Oso ona;20;43;62;Buena / Ona;;35;Buena / Ona;17;Buena / Ona;3;Muy buena / Oso ona;;Buena / Ona
26/05/2017;;0,31;0,42;Muy buena / Oso ona;;6;25;76;Buena / Ona;35;70;116;Mejorable / Hobetzeko modukoa;;38;Buena / Ona;17;Buena / Ona;4;Muy buena / Oso ona;;Mejorable / Hobetzeko modukoa
25/05/2017;;;;Sin datos / Daturik gabe;;11;25;79;Buena / Ona;42;71;123;Mejorable / Hobetzeko modukoa;;41;Buena / Ona;18;Buena / Ona;3;Muy buena / Oso ona;;Mejorable / Hobetzeko modukoa
24/05/2017;;0,26;0,31;Muy buena / Oso ona;;3;16;26;Muy buena / Oso ona;21;57;87;Buena / Ona;;26;Buena / Ona;12;Muy buena / Oso ona;3;Muy buena / Oso ona;;Buena / Ona
23/05/2017;;0,23;0,29;Muy buena / Oso ona;;2;12;28;Muy buena / Oso ona;15;56;72;Buena / Ona;;25;Muy buena / Oso ona;10;Muy buena / Oso ona;3;Muy buena / Oso ona;;Buena / Ona
22/05/2017;;0,25;0,33;Muy buena / Oso ona;;6;16;64;Buena / Ona;26;65;84;Buena / Ona;;39;Buena / Ona;14;Muy buena / Oso ona;3;Muy buena / Oso ona;;Buena / Ona
21/05/2017;;0,29;0,34;Muy buena / Oso ona;;4;17;31;Muy buena / Oso ona;23;52;86;Buena / Ona;;19;Muy buena / Oso ona;8;Muy buena / Oso ona;3;Muy buena / Oso ona;;Buena / Ona
20/05/2017;;0,26;0,32;Muy buena / Oso ona;;4;16;31;Muy buena / Oso ona;22;39;70;Buena / Ona;;14;Muy buena / Oso ona;6;Muy buena / Oso ona;3;Muy buena / Oso ona;;Buena / Ona
19/05/2017;;0,21;0,31;Muy buena / Oso ona;;5;17;41;Muy buena / Oso ona;25;44;75;Buena / Ona;;16;Muy buena / Oso ona;5;Muy buena / Oso ona;3;Muy buena / Oso ona;;Buena / Ona
18/05/2017;;0,24;0,3;Muy buena / Oso ona;;3;15;31;Muy buena / Oso ona;19;59;70;Buena / Ona;;14;Muy buena / Oso ona;5;Muy buena / Oso ona;3;Muy buena / Oso ona;;Buena / Ona
17/05/2017;;0,32;0,51;Muy buena / Oso ona;;7;30;61;Buena / Ona;41;36;67;Buena / Ona;;31;Buena / Ona;16;Muy buena / Oso ona;4;Muy buena / Oso ona;;Buena / Ona
16/05/2017;;0,37;0,43;Muy buena / Oso ona;;9;27;63;Buena / Ona;40;56;89;Buena / Ona;;32;Buena / Ona;15;Muy buena / Oso ona;4;Muy buena / Oso ona;;Buena / Ona
15/05/2017;;0,32;0,38;Muy buena / Oso ona;;9;24;63;Buena / Ona;39;52;88;Buena / Ona;;26;Buena / Ona;11;Muy buena / Oso ona;3;Muy buena / Oso ona;;Buena / Ona
14/05/2017;;0,25;0,37;Muy buena / Oso ona;;3;14;26;Muy buena / Oso ona;19;49;77;Buena / Ona;;13;Muy buena / Oso ona;5;Muy buena / Oso ona;2;Muy buena / Oso ona;;Buena / Ona
13/05/2017;;0,31;0,4;Muy buena / Oso ona;;2;12;27;Muy buena / Oso ona;16;52;76;Buena / Ona;;10;Muy buena / Oso ona;4;Muy buena / Oso ona;2;Muy buena / Oso ona;;Buena / Ona
12/05/2017;;0,21;0,26;Muy buena / Oso ona;;2;9;35;Muy buena / Oso ona;11;69;86;Buena / Ona;;7;Muy buena / Oso ona;2;Muy buena / Oso ona;2;Muy buena / Oso ona;;Buena / Ona
11/05/2017;;0,19;0,36;Muy buena / Oso ona;;1;7;30;Muy buena / Oso ona;9;77;83;Buena / Ona;;5;Muy buena / Oso ona;2;Muy buena / Oso ona;2;Muy buena / Oso ona;;Buena / Ona
10/05/2017;;0,32;0,38;Muy buena / Oso ona;;10;25;63;Buena / Ona;40;49;83;Buena / Ona;;27;Buena / Ona;12;Muy buena / Oso ona;2;Muy buena / Oso ona;;Buena / Ona
09/05/2017;;0,32;0,39;Muy buena / Oso ona;;10;23;46;Muy buena / Oso ona;38;42;74;Buena / Ona;;27;Buena / Ona;13;Muy buena / Oso ona;2;Muy buena / Oso ona;;Buena / Ona
08/05/2017;;0,29;0,4;Muy buena / Oso ona;;8;19;49;Muy buena / Oso ona;31;45;74;Buena / Ona;;17;Muy buena / Oso ona;8;Muy buena / Oso ona;2;Muy buena / Oso ona;;Buena / Ona
07/05/2017;;0,23;0,28;Muy buena / Oso ona;;3;13;24;Muy buena / Oso ona;17;51;79;Buena / Ona;;14;Muy buena / Oso ona;6;Muy buena / Oso ona;3;Muy buena / Oso ona;;Buena / Ona
06/05/2017;;0,19;0,24;Muy buena / Oso ona;;2;11;28;Muy buena / Oso ona;14;57;83;Buena / Ona;;11;Muy buena / Oso ona;5;Muy buena / Oso ona;2;Muy buena / Oso ona;;Buena / Ona
05/05/2017;;0,26;0,29;Muy buena / Oso ona;;3;22;46;Muy buena / Oso ona;26;55;83;Buena / Ona;;27;Buena / Ona;11;Muy buena / Oso ona;2;Muy buena / Oso ona;;Buena / Ona
04/05/2017;;0,3;0,38;Muy buena / Oso ona;;9;21;41;Muy buena / Oso ona;35;47;77;Buena / Ona;;23;Muy buena / Oso ona;10;Muy buena / Oso ona;3;Muy buena / Oso ona;;Buena / Ona
03/05/2017;;0,29;0,34;Muy buena / Oso ona;;4;16;30;Muy buena / Oso ona;22;40;70;Buena / Ona;;18;Muy buena / Oso ona;8;Muy buena / Oso ona;2;Muy buena / Oso ona;;Buena / Ona
02/05/2017;;0,23;0,3;Muy buena / Oso ona;;15;25;54;Buena / Ona;47;31;62;Buena / Ona;;21;Muy buena / Oso ona;8;Muy buena / Oso ona;3;Muy buena / Oso ona;;Buena / Ona
01/05/2017;;0,19;0,33;Muy buena / Oso ona;;4;18;31;Muy buena / Oso ona;23;41;81;Buena / Ona;;20;Muy buena / Oso ona;8;Muy buena / Oso ona;4;Muy buena / Oso ona;;Buena / Ona
30/04/2017;;0,33;0,43;Muy buena / Oso ona;;2;11;22;Muy buena / Oso ona;13;71;87;Buena / Ona;;11;Muy buena / Oso ona;6;Muy buena / Oso ona;2;Muy buena / Oso ona;;Buena / Ona
29/04/2017;;0,22;0,28;Muy buena / Oso ona;;5;13;32;Muy buena / Oso ona;21;56;87;Buena / Ona;;17;Muy buena / Oso ona;9;Muy buena / Oso ona;3;Muy buena / Oso ona;;Buena / Ona
28/04/2017;;0,28;0,39;Muy buena / Oso ona;;18;26;55;Buena / Ona;52;41;88;Buena / Ona;;23;Muy buena / Oso ona;11;Muy buena / Oso ona;3;Muy buena / Oso ona;;Buena / Ona
27/04/2017;;0,24;0,28;Muy buena / Oso ona;;5;21;43;Muy buena / Oso ona;28;47;85;Buena / Ona;;15;Muy buena / Oso ona;8;Muy buena / Oso ona;3;Muy buena / Oso ona;;Buena / Ona
26/04/2017;;0,25;0,26;Muy buena / Oso ona;;3;19;42;Muy buena / Oso ona;23;54;69;Buena / Ona;;11;Muy buena / Oso ona;5;Muy buena / Oso ona;2;Muy buena / Oso ona;;Buena / Ona
25/04/2017;;0,29;0,39;Muy buena / Oso ona;;6;31;51;Buena / Ona;39;42;65;Buena / Ona;;28;Buena / Ona;14;Muy buena / Oso ona;3;Muy buena / Oso ona;;Buena / Ona
24/04/2017;;0,29;0,35;Muy buena / Oso ona;;12;29;77;Buena / Ona;47;51;85;Buena / Ona;;34;Buena / Ona;15;Muy buena / Oso ona;4;Muy buena / Oso ona;;Buena / Ona
23/04/2017;;0,3;0,41;Muy buena / Oso ona;;3;18;41;Muy buena / Oso ona;22;71;114;Mejorable / Hobetzeko modukoa;;24;Muy buena / Oso ona;12;Muy buena / Oso ona;3;Muy buena / Oso ona;;Mejorable / Hobetzeko modukoa
22/04/2017;;0,43;0,62;Muy buena / Oso ona;;4;24;50;Muy buena / Oso ona;31;75;120;Mejorable / Hobetzeko modukoa;;24;Muy buena / Oso ona;10;Muy buena / Oso ona;3;Muy buena / Oso ona;;Mejorable / Hobetzeko modukoa
21/04/2017;;0,28;0,34;Muy buena / Oso ona;;10;27;64;Buena / Ona;42;64;111;Mejorable / Hobetzeko modukoa;;31;Buena / Ona;13;Muy buena / Oso ona;3;Muy buena / Oso ona;;Mejorable / Hobetzeko modukoa
20/04/2017;;0,26;0,34;Muy buena / Oso ona;;7;21;57;Buena / Ona;31;64;94;Buena / Ona;;20;Muy buena / Oso ona;9;Muy buena / Oso ona;3;Muy buena / Oso ona;;Buena / Ona
19/04/2017;;0,21;0,26;Muy buena / Oso ona;;4;19;53;Buena / Ona;24;70;100;Buena / Ona;;18;Muy buena / Oso ona;6;Muy buena / Oso ona;1;Muy buena / Oso ona;;Buena / Ona
18/04/2017;;0,24;0,32;Muy buena / Oso ona;;6;20;36;Muy buena / Oso ona;28;47;84;Buena / Ona;;24;Muy buena / Oso ona;10;Muy buena / Oso ona;2;Muy buena / Oso ona;;Buena / Ona
17/04/2017;;0,22;0,3;Muy buena / Oso ona;;4;14;32;Muy buena / Oso ona;21;51;83;Buena / Ona;;26;Buena / Ona;11;Muy buena / Oso ona;3;Muy buena / Oso ona;;Buena / Ona
16/04/2017;;0,18;0,2;Muy buena / Oso ona;;2;11;26;Muy buena / Oso ona;14;51;79;Buena / Ona;;14;Muy buena / Oso ona;6;Muy buena / Oso ona;2;Muy buena / Oso ona;;Buena / Ona
15/04/2017;;0,25;0,29;Muy buena / Oso ona;;2;14;26;Muy buena / Oso ona;16;55;86;Buena / Ona;;22;Muy buena / Oso ona;11;Muy buena / Oso ona;2;Muy buena / Oso ona;;Buena / Ona
14/04/2017;;0,28;0,31;Muy buena / Oso ona;;2;17;34;Muy buena / Oso ona;20;56;84;Buena / Ona;;31;Buena / Ona;17;Buena / Ona;3;Muy buena / Oso ona;;Buena / Ona
13/04/2017;;0,31;0,36;Muy buena / Oso ona;;5;19;40;Muy buena / Oso ona;27;53;94;Buena / Ona;;26;Buena / Ona;14;Muy buena / Oso ona;3;Muy buena / Oso ona;;Buena / Ona
12/04/2017;;0,29;0,38;Muy buena / Oso ona;;6;21;40;Muy buena / Oso ona;30;50;92;Buena / Ona;;32;Buena / Ona;15;Muy buena / Oso ona;3;Muy buena / Oso ona;;Buena / Ona
11/04/2017;;0,24;0,32;Muy buena / Oso ona;;2;17;57;Buena / Ona;20;71;96;Buena / Ona;;28;Buena / Ona;13;Muy buena / Oso ona;2;Muy buena / Oso ona;;Buena / Ona
10/04/2017;;0,42;0,5;Muy buena / Oso ona;;3;19;35;Muy buena / Oso ona;23;66;98;Buena / Ona;;59;Mejorable / Hobetzeko modukoa;;Sin datos / Daturik gabe;4;Muy buena / Oso ona;;Mejorable / Hobetzeko modukoa
09/04/2017;;0,37;0,46;Muy buena / Oso ona;;5;23;50;Muy buena / Oso ona;30;59;107;Mejorable / Hobetzeko modukoa;;38;Buena / Ona;20;Buena / Ona;6;Muy buena / Oso ona;;Mejorable / Hobetzeko modukoa
08/04/2017;;0,33;0,42;Muy buena / Oso ona;;8;24;70;Buena / Ona;37;49;107;Mejorable / Hobetzeko modukoa;;31;Buena / Ona;16;Muy buena / Oso ona;3;Muy buena / Oso ona;;Mejorable / Hobetzeko modukoa
07/04/2017;;0,31;0,41;Muy buena / Oso ona;;8;23;57;Buena / Ona;35;44;82;Buena / Ona;;36;Buena / Ona;;Sin datos / Daturik gabe;3;Muy buena / Oso ona;;Buena / Ona
06/04/2017;;0,22;0,33;Muy buena / Oso ona;;9;22;61;Buena / Ona;36;50;84;Buena / Ona;;27;Buena / Ona;10;Muy buena / Oso ona;2;Muy buena / Oso ona;;Buena / Ona
05/04/2017;;0,23;0,28;Muy buena / Oso ona;;4;22;61;Buena / Ona;27;53;71;Buena / Ona;;17;Muy buena / Oso ona;6;Muy buena / Oso ona;2;Muy buena / Oso ona;;Buena / Ona
04/04/2017;;0,27;0,31;Muy buena / Oso ona;;3;20;56;Buena / Ona;24;54;76;Buena / Ona;;19;Muy buena / Oso ona;8;Muy buena / Oso ona;3;Muy buena / Oso ona;;Buena / Ona
03/04/2017;;0,24;0,29;Muy buena / Oso ona;;7;19;40;Muy buena / Oso ona;30;44;79;Buena / Ona;;21;Muy buena / Oso ona;7;Muy buena / Oso ona;4;Muy buena / Oso ona;;Buena / Ona
02/04/2017;0,31;0,21;0,26;Muy buena / Oso ona;0,09;2;12;35;Muy buena / Oso ona;15;67;87;Buena / Ona;0,45;18;Muy buena / Oso ona;4;Muy buena / Oso ona;5;Muy buena / Oso ona;0,73;Buena / Ona
01/04/2017;0,4;;;Sin datos / Daturik gabe;0,11;3;15;38;Muy buena / Oso ona;18;59;85;Buena / Ona;0,76;16;Muy buena / Oso ona;5;Muy buena / Oso ona;5;Muy buena / Oso ona;1,28;Buena / Ona
31/03/2017;0,46;0,25;0,3;Muy buena / Oso ona;0,33;8;27;73;Buena / Ona;39;56;95;Buena / Ona;1,73;22;Muy buena / Oso ona;9;Muy buena / Oso ona;6;Muy buena / Oso ona;2,3;Buena / Ona
30/03/2017;0,6;0,24;0,28;Muy buena / Oso ona;0,66;13;22;74;Buena / Ona;42;63;99;Buena / Ona;2,92;27;Buena / Ona;12;Muy buena / Oso ona;6;Muy buena / Oso ona;3,49;Buena / Ona
29/03/2017;0,76;;;Sin datos / Daturik gabe;0,76;26;29;86;Buena / Ona;68;42;90;Buena / Ona;3,13;25;Muy buena / Oso ona;9;Muy buena / Oso ona;7;Muy buena / Oso ona;3,7;Buena / Ona
28/03/2017;0,52;0,26;0,37;Muy buena / Oso ona;0,58;17;24;69;Buena / Ona;49;51;92;Buena / Ona;2,48;17;Muy buena / Oso ona;7;Muy buena / Oso ona;4;Muy buena / Oso ona;2,54;Buena / Ona
27/03/2017;0,49;0,23;0,35;Muy buena / Oso ona;0,17;2;18;46;Muy buena / Oso ona;21;68;84;Buena / Ona;0,95;13;Muy buena / Oso ona;5;Muy buena / Oso ona;4;Muy buena / Oso ona;1,37;Buena / Ona
26/03/2017;0,57;0,3;0,37;Muy buena / Oso ona;0,11;2;13;41;Muy buena / Oso ona;16;65;84;Buena / Ona;0,69;9;Muy buena / Oso ona;4;Muy buena / Oso ona;4;Muy buena / Oso ona;1,11;Buena / Ona
25/03/2017;0,54;0,23;0,26;Muy buena / Oso ona;0,19;2;16;27;Muy buena / Oso ona;19;59;68;Buena / Ona;1,17;9;Muy buena / Oso ona;4;Muy buena / Oso ona;4;Muy buena / Oso ona;1,31;Buena / Ona
24/03/2017;0,88;0,28;0,36;Muy buena / Oso ona;0,56;16;28;59;Buena / Ona;51;44;80;Buena / Ona;2,79;19;Muy buena / Oso ona;9;Muy buena / Oso ona;5;Muy buena / Oso ona;3,31;Buena / Ona
23/03/2017;0,67;0,26;0,32;Muy buena / Oso ona;0,22;10;23;63;Buena / Ona;39;48;86;Buena / Ona;1,37;9;Muy buena / Oso ona;4;Muy buena / Oso ona;5;Muy buena / Oso ona;1,93;Buena / Ona
22/03/2017;0,71;0,24;0,29;Muy buena / Oso ona;0,3;8;27;71;Buena / Ona;39;44;61;Buena / Ona;1,85;16;Muy buena / Oso ona;7;Muy buena / Oso ona;5;Muy buena / Oso ona;2,3;Buena / Ona
21/03/2017;0,59;0,25;0,27;Muy buena / Oso ona;0,36;6;29;54;Buena / Ona;39;39;72;Buena / Ona;1,96;21;Muy buena / Oso ona;11;Muy buena / Oso ona;5;Muy buena / Oso ona;3,05;Buena / Ona
20/03/2017;0,46;0,25;0,27;Muy buena / Oso ona;0,24;2;20;30;Muy buena / Oso ona;24;55;73;Buena / Ona;1,28;28;Buena / Ona;16;Muy buena / Oso ona;5;Muy buena / Oso ona;2,2;Buena / Ona
19/03/2017;0,51;0,24;0,3;Muy buena / Oso ona;0,17;5;15;28;Muy buena / Oso ona;22;44;73;Buena / Ona;1,04;24;Muy buena / Oso ona;12;Muy buena / Oso ona;6;Muy buena / Oso ona;1,63;Buena / Ona
18/03/2017;0,38;0,28;0,31;Muy buena / Oso ona;0,1;2;13;29;Muy buena / Oso ona;16;55;72;Buena / Ona;0,77;20;Muy buena / Oso ona;11;Muy buena / Oso ona;5;Muy buena / Oso ona;1,32;Buena / Ona
17/03/2017;0,55;0,26;0,28;Muy buena / Oso ona;0,3;3;20;37;Muy buena / Oso ona;24;57;73;Buena / Ona;1,52;37;Buena / Ona;21;Buena / Ona;7;Muy buena / Oso ona;2,09;Buena / Ona
16/03/2017;0,7;;;Sin datos / Daturik gabe;0,63;17;32;78;Buena / Ona;57;41;96;Buena / Ona;2,88;27;Buena / Ona;12;Muy buena / Oso ona;6;Muy buena / Oso ona;3,89;Buena / Ona
15/03/2017;0,71;0,32;0,48;Muy buena / Oso ona;0,65;7;24;49;Muy buena / Oso ona;34;32;70;Buena / Ona;2,82;42;Buena / Ona;21;Buena / Ona;6;Muy buena / Oso ona;3,93;Buena / Ona
14/03/2017;0,62;0,29;0,36;Muy buena / Oso ona;0,27;7;26;51;Buena / Ona;36;36;61;Buena / Ona;1,41;29;Buena / Ona;12;Muy buena / Oso ona;5;Muy buena / Oso ona;2,47;Buena / Ona
13/03/2017;0,44;0,24;0,26;Muy buena / Oso ona;0,21;3;24;52;Buena / Ona;29;53;76;Buena / Ona;1,19;26;Buena / Ona;5;Muy buena / Oso ona;5;Muy buena / Oso ona;1,78;Buena / Ona
12/03/2017;0,35;0,21;0,35;Muy buena / Oso ona;0,06;2;9;19;Muy buena / Oso ona;12;70;78;Buena / Ona;0,63;23;Muy buena / Oso ona;5;Muy buena / Oso ona;6;Muy buena / Oso ona;0,87;Buena / Ona
11/03/2017;1,18;0,36;0,42;Muy buena / Oso ona;0,72;11;24;60;Buena / Ona;41;46;82;Buena / Ona;3,35;40;Buena / Ona;19;Buena / Ona;7;Muy buena / Oso ona;4,97;Buena / Ona
10/03/2017;1,53;0,31;0,37;Muy buena / Oso ona;1,53;22;37;61;Buena / Ona;71;20;56;Muy buena / Oso ona;5,87;50;Buena / Ona;23;Buena / Ona;7;Muy buena / Oso ona;7,79;Buena / Ona
09/03/2017;0,6;0,19;0,21;Muy buena / Oso ona;0,89;5;22;32;Muy buena / Oso ona;30;29;50;Muy buena / Oso ona;3,39;29;Buena / Ona;13;Muy buena / Oso ona;6;Muy buena / Oso ona;3,29;Buena / Ona
08/03/2017;0,35;0,25;0,36;Muy buena / Oso ona;0,42;6;20;51;Buena / Ona;29;41;58;Muy buena / Oso ona;2,11;21;Muy buena / Oso ona;8;Muy buena / Oso ona;5;Muy buena / Oso ona;2,59;Buena / Ona
07/03/2017;0,9;0,31;0,43;Muy buena / Oso ona;0,77;16;36;63;Buena / Ona;60;22;41;Muy buena / Oso ona;3,44;44;Buena / Ona;12;Muy buena / Oso ona;6;Muy buena / Oso ona;5,77;Buena / Ona
06/03/2017;0,51;0,28;0,32;Muy buena / Oso ona;0,41;10;34;70;Buena / Ona;48;37;71;Buena / Ona;2,32;52;Mejorable / Hobetzeko modukoa;12;Muy buena / Oso ona;5;Muy buena / Oso ona;3,02;Mejorable / Hobetzeko modukoa
05/03/2017;0,52;0,29;0,4;Muy buena / Oso ona;0,13;2;16;37;Muy buena / Oso ona;19;47;67;Buena / Ona;1,07;30;Buena / Ona;8;Muy buena / Oso ona;5;Muy buena / Oso ona;1,58;Buena / Ona
04/03/2017;0,42;0,26;0,28;Muy buena / Oso ona;0,08;2;17;43;Muy buena / Oso ona;21;55;76;Buena / Ona;0,89;14;Muy buena / Oso ona;5;Muy buena / Oso ona;7;Muy buena / Oso ona;1,25;Buena / Ona
03/03/2017;0,4;0,23;0,3;Muy buena / Oso ona;0,15;4;17;69;Buena / Ona;22;68;78;Buena / Ona;1,25;18;Muy buena / Oso ona;8;Muy buena / Oso ona;5;Muy buena / Oso ona;1,22;Buena / Ona
02/03/2017;0,91;0,28;0,4;Muy buena / Oso ona;1,31;25;34;62;Buena / Ona;72;24;49;Muy buena / Oso ona;5,38;27;Buena / Ona;12;Muy buena / Oso ona;6;Muy buena / Oso ona;6,69;Buena / Ona
01/03/2017;;0,42;0,59;Muy buena / Oso ona;;21;34;69;Buena / Ona;66;24;62;Buena / Ona;;25;Muy buena / Oso ona;10;Muy buena / Oso ona;5;Muy buena / Oso ona;;Buena / Ona
28/02/2017;;0,26;0,31;Muy buena / Oso ona;;4;23;48;Muy buena / Oso ona;28;48;64;Buena / Ona;;18;Muy buena / Oso ona;5;Muy buena / Oso ona;5;Muy buena / Oso ona;;Buena / Ona
27/02/2017;0,47;0,26;0,37;Muy buena / Oso ona;0,1;14;24;59;Buena / Ona;45;42;75;Buena / Ona;2,53;28;Buena / Ona;11;Muy buena / Oso ona;5;Muy buena / Oso ona;2,48;Buena / Ona
26/02/2017;0,73;0,36;0,43;Muy buena / Oso ona;0,13;5;26;53;Buena / Ona;33;33;68;Buena / Ona;2,63;32;Buena / Ona;17;Buena / Ona;6;Muy buena / Oso ona;3;Buena / Ona
25/02/2017;0,92;0,28;0,35;Muy buena / Oso ona;0,25;7;25;45;Muy buena / Oso ona;35;34;68;Buena / Ona;3,5;31;Buena / Ona;15;Muy buena / Oso ona;6;Muy buena / Oso ona;3,45;Buena / Ona
24/02/2017;0,45;;;Sin datos / Daturik gabe;0,44;5;27;68;Buena / Ona;34;41;64;Buena / Ona;1,9;23;Muy buena / Oso ona;8;Muy buena / Oso ona;5;Muy buena / Oso ona;1,91;Buena / Ona
23/02/2017;;;;Sin datos / Daturik gabe;;15;35;54;Buena / Ona;58;22;44;Muy buena / Oso ona;;56;Mejorable / Hobetzeko modukoa;30;Buena / Ona;7;Muy buena / Oso ona;;Mejorable / Hobetzeko modukoa
22/02/2017;0,68;0,29;0,54;Muy buena / Oso ona;1,29;21;35;63;Buena / Ona;67;17;40;Muy buena / Oso ona;5,18;43;Buena / Ona;22;Buena / Ona;6;Muy buena / Oso ona;4,18;Buena / Ona
21/02/2017;0,86;0,41;0,57;Muy buena / Oso ona;0,89;21;30;61;Buena / Ona;62;26;60;Muy buena / Oso ona;5,01;33;Buena / Ona;16;Muy buena / Oso ona;6;Muy buena / Oso ona;4,52;Buena / Ona
20/02/2017;0,85;0,29;0,36;Muy buena / Oso ona;0,31;10;30;44;Muy buena / Oso ona;46;27;66;Buena / Ona;2,24;32;Buena / Ona;20;Buena / Ona;5;Muy buena / Oso ona;1,66;Buena / Ona
19/02/2017;0,14;0,22;0,25;Muy buena / Oso ona;0,04;3;20;43;Muy buena / Oso ona;25;48;69;Buena / Ona;0,24;24;Muy buena / Oso ona;13;Muy buena / Oso ona;5;Muy buena / Oso ona;0,63;Buena / Ona
18/02/2017;0,28;0,31;0,43;Muy buena / Oso ona;0,29;14;31;70;Buena / Ona;53;27;70;Buena / Ona;0,81;39;Buena / Ona;22;Buena / Ona;9;Muy buena / Oso ona;1,83;Buena / Ona
17/02/2017;;0,28;0,36;Muy buena / Oso ona;;31;34;65;Buena / Ona;81;21;58;Muy buena / Oso ona;;35;Buena / Ona;15;Muy buena / Oso ona;7;Muy buena / Oso ona;;Buena / Ona
16/02/2017;;0,24;;Sin datos / Daturik gabe;;31;33;82;Buena / Ona;81;25;65;Buena / Ona;;32;Buena / Ona;15;Muy buena / Oso ona;7;Muy buena / Oso ona;;Buena / Ona
15/02/2017;;0,16;0,19;Muy buena / Oso ona;;5;22;49;Muy buena / Oso ona;30;42;65;Buena / Ona;;20;Muy buena / Oso ona;8;Muy buena / Oso ona;6;Muy buena / Oso ona;;Buena / Ona
14/02/2017;;0,25;0,36;Muy buena / Oso ona;;15;23;54;Buena / Ona;46;35;65;Buena / Ona;;15;Muy buena / Oso ona;7;Muy buena / Oso ona;6;Muy buena / Oso ona;;Buena / Ona
13/02/2017;;;;Sin datos / Daturik gabe;;4;17;51;Buena / Ona;24;52;79;Buena / Ona;;30;Buena / Ona;9;Muy buena / Oso ona;4;Muy buena / Oso ona;;Buena / Ona
12/02/2017;;0,22;0,28;Muy buena / Oso ona;;3;11;33;Muy buena / Oso ona;15;53;77;Buena / Ona;;31;Buena / Ona;12;Muy buena / Oso ona;4;Muy buena / Oso ona;;Buena / Ona
11/02/2017;;0,3;0,35;Muy buena / Oso ona;;18;32;63;Buena / Ona;59;17;35;Muy buena / Oso ona;;32;Buena / Ona;19;Buena / Ona;5;Muy buena / Oso ona;;Buena / Ona
10/02/2017;;0,25;0,34;Muy buena / Oso ona;;8;25;54;Buena / Ona;37;38;64;Buena / Ona;;19;Muy buena / Oso ona;9;Muy buena / Oso ona;5;Muy buena / Oso ona;;Buena / Ona
09/02/2017;;0,21;0,26;Muy buena / Oso ona;;9;33;50;Muy buena / Oso ona;48;21;50;Muy buena / Oso ona;;19;Muy buena / Oso ona;10;Muy buena / Oso ona;5;Muy buena / Oso ona;;Muy buena / Oso ona
08/02/2017;;0,23;0,29;Muy buena / Oso ona;;8;35;75;Buena / Ona;47;40;62;Buena / Ona;;16;Muy buena / Oso ona;5;Muy buena / Oso ona;5;Muy buena / Oso ona;;Buena / Ona
07/02/2017;;;;Sin datos / Daturik gabe;;8;28;77;Buena / Ona;39;32;58;Muy buena / Oso ona;;18;Muy buena / Oso ona;7;Muy buena / Oso ona;5;Muy buena / Oso ona;;Buena / Ona
06/02/2017;;0,39;0,64;Muy buena / Oso ona;;28;41;74;Buena / Ona;83;21;70;Buena / Ona;;24;Muy buena / Oso ona;10;Muy buena / Oso ona;5;Muy buena / Oso ona;;Buena / Ona
05/02/2017;;0,18;0,19;Muy buena / Oso ona;;2;7;12;Muy buena / Oso ona;10;71;76;Buena / Ona;;15;Muy buena / Oso ona;4;Muy buena / Oso ona;5;Muy buena / Oso ona;;Buena / Ona
04/02/2017;;0,21;0,24;Muy buena / Oso ona;;4;24;48;Muy buena / Oso ona;29;37;74;Buena / Ona;;19;Muy buena / Oso ona;7;Muy buena / Oso ona;5;Muy buena / Oso ona;;Buena / Ona
03/02/2017;;;;Sin datos / Daturik gabe;;2;6;22;Muy buena / Oso ona;9;79;84;Buena / Ona;;12;Muy buena / Oso ona;3;Muy buena / Oso ona;4;Muy buena / Oso ona;;Buena / Ona
02/02/2017;;0,21;0,39;Muy buena / Oso ona;;2;9;26;Muy buena / Oso ona;12;68;77;Buena / Ona;;8;Muy buena / Oso ona;3;Muy buena / Oso ona;4;Muy buena / Oso ona;;Buena / Ona
01/02/2017;;0,36;0,58;Muy buena / Oso ona;;20;25;68;Buena / Ona;55;33;58;Muy buena / Oso ona;;25;Muy buena / Oso ona;11;Muy buena / Oso ona;5;Muy buena / Oso ona;;Buena / Ona
31/01/2017;;;;Sin datos / Daturik gabe;;11;26;56;Buena / Ona;43;27;47;Muy buena / Oso ona;;18;Muy buena / Oso ona;11;Muy buena / Oso ona;5;Muy buena / Oso ona;;Buena / Ona
30/01/2017;;0,33;0,48;Muy buena / Oso ona;;38;30;68;Buena / Ona;90;15;31;Muy buena / Oso ona;;17;Muy buena / Oso ona;9;Muy buena / Oso ona;5;Muy buena / Oso ona;;Buena / Ona
29/01/2017;;0,32;0,6;Muy buena / Oso ona;;13;27;53;Buena / Ona;47;23;56;Muy buena / Oso ona;;16;Muy buena / Oso ona;9;Muy buena / Oso ona;5;Muy buena / Oso ona;;Buena / Ona
28/01/2017;;0,41;0,51;Muy buena / Oso ona;;9;22;43;Muy buena / Oso ona;36;31;58;Muy buena / Oso ona;;18;Muy buena / Oso ona;8;Muy buena / Oso ona;5;Muy buena / Oso ona;;Muy buena / Oso ona
27/01/2017;;;;Sin datos / Daturik gabe;;5;21;71;Buena / Ona;28;56;69;Buena / Ona;;16;Muy buena / Oso ona;10;Muy buena / Oso ona;4;Muy buena / Oso ona;;Buena / Ona
26/01/2017;;0,37;0,55;Muy buena / Oso ona;;13;30;60;Buena / Ona;50;37;59;Muy buena / Oso ona;;32;Buena / Ona;19;Buena / Ona;5;Muy buena / Oso ona;;Buena / Ona
25/01/2017;;0,37;0,45;Muy buena / Oso ona;;25;40;68;Buena / Ona;78;20;56;Muy buena / Oso ona;;41;Buena / Ona;20;Buena / Ona;5;Muy buena / Oso ona;;Buena / Ona
24/01/2017;;0,32;0,47;Muy buena / Oso ona;;40;35;63;Buena / Ona;96;17;55;Muy buena / Oso ona;;32;Buena / Ona;18;Buena / Ona;5;Muy buena / Oso ona;;Buena / Ona
23/01/2017;;;;Sin datos / Daturik gabe;;34;36;75;Buena / Ona;88;17;53;Muy buena / Oso ona;;30;Buena / Ona;17;Buena / Ona;5;Muy buena / Oso ona;;Buena / Ona
22/01/2017;;0,48;0,64;Muy buena / Oso ona;;17;30;60;Buena / Ona;57;14;42;Muy buena / Oso ona;;37;Buena / Ona;21;Buena / Ona;5;Muy buena / Oso ona;;Buena / Ona
21/01/2017;;0,3;0,34;Muy buena / Oso ona;;28;35;49;Muy buena / Oso ona;78;11;32;Muy buena / Oso ona;;36;Buena / Ona;21;Buena / Ona;5;Muy buena / Oso ona;;Buena / Ona
20/01/2017;;;;Sin datos / Daturik gabe;;38;37;57;Buena / Ona;95;8;22;Muy buena / Oso ona;;42;Buena / Ona;23;Buena / Ona;5;Muy buena / Oso ona;;Buena / Ona
19/01/2017;;;;Sin datos / Daturik gabe;;10;33;50;Muy buena / Oso ona;48;17;;Sin datos / Daturik gabe;;36;Buena / Ona;20;Buena / Ona;4;Muy buena / Oso ona;;Buena / Ona
18/01/2017;;0,26;0,29;Muy buena / Oso ona;;8;31;54;Buena / Ona;43;22;49;Muy buena / Oso ona;;22;Muy buena / Oso ona;12;Muy buena / Oso ona;3;Muy buena / Oso ona;;Buena / Ona
17/01/2017;;0,19;0,25;Muy buena / Oso ona;;7;23;60;Buena / Ona;33;45;53;Muy buena / Oso ona;;10;Muy buena / Oso ona;5;Muy buena / Oso ona;4;Muy buena / Oso ona;;Buena / Ona
16/01/2017;;0,15;0,2;Muy buena / Oso ona;;2;17;34;Muy buena / Oso ona;21;51;67;Buena / Ona;;9;Muy buena / Oso ona;2;Muy buena / Oso ona;4;Muy buena / Oso ona;;Buena / Ona
15/01/2017;;0,2;0,24;Muy buena / Oso ona;;2;16;36;Muy buena / Oso ona;19;51;59;Muy buena / Oso ona;;10;Muy buena / Oso ona;3;Muy buena / Oso ona;5;Muy buena / Oso ona;;Muy buena / Oso ona
14/01/2017;;0,23;0,24;Muy buena / Oso ona;;2;17;35;Muy buena / Oso ona;21;49;55;Muy buena / Oso ona;;9;Muy buena / Oso ona;3;Muy buena / Oso ona;5;Muy buena / Oso ona;;Muy buena / Oso ona
13/01/2017;;0,19;0,24;Muy buena / Oso ona;;3;22;60;Buena / Ona;27;51;63;Buena / Ona;;16;Muy buena / Oso ona;5;Muy buena / Oso ona;5;Muy buena / Oso ona;;Buena / Ona
12/01/2017;;0,25;0,31;Muy buena / Oso ona;;14;28;49;Muy buena / Oso ona;49;18;31;Muy buena / Oso ona;;24;Muy buena / Oso ona;11;Muy buena / Oso ona;6;Muy buena / Oso ona;;Muy buena / Oso ona
11/01/2017;;0,17;0,2;Muy buena / Oso ona;;3;21;40;Muy buena / Oso ona;25;36;57;Muy buena / Oso ona;;7;Muy buena / Oso ona;3;Muy buena / Oso ona;5;Muy buena / Oso ona;;Muy buena / Oso ona
10/01/2017;;0,29;0,54;Muy buena / Oso ona;;23;30;80;Buena / Ona;65;32;51;Muy buena / Oso ona;;27;Buena / Ona;14;Muy buena / Oso ona;6;Muy buena / Oso ona;;Buena / Ona
09/01/2017;;0,34;0,42;Muy buena / Oso ona;;33;35;54;Buena / Ona;85;15;40;Muy buena / Oso ona;;31;Buena / Ona;18;Buena / Ona;6;Muy buena / Oso ona;;Buena / Ona
08/01/2017;;0,32;0,37;Muy buena / Oso ona;;13;35;62;Buena / Ona;55;15;35;Muy buena / Oso ona;;22;Muy buena / Oso ona;14;Muy buena / Oso ona;5;Muy buena / Oso ona;;Buena / Ona
07/01/2017;;0,32;0,38;Muy buena / Oso ona;;17;30;55;Buena / Ona;57;13;31;Muy buena / Oso ona;;29;Buena / Ona;18;Buena / Ona;6;Muy buena / Oso ona;;Buena / Ona
06/01/2017;;0,33;0,42;Muy buena / Oso ona;;14;28;42;Muy buena / Oso ona;50;17;42;Muy buena / Oso ona;;33;Buena / Ona;15;Muy buena / Oso ona;6;Muy buena / Oso ona;;Buena / Ona
05/01/2017;;0,33;0,55;Muy buena / Oso ona;;22;39;61;Buena / Ona;73;16;42;Muy buena / Oso ona;;35;Buena / Ona;20;Buena / Ona;6;Muy buena / Oso ona;;Buena / Ona
04/01/2017;;0,46;0,55;Muy buena / Oso ona;;50;36;54;Buena / Ona;113;6;14;Muy buena / Oso ona;;56;Mejorable / Hobetzeko modukoa;29;Buena / Ona;7;Muy buena / Oso ona;;Mejorable / Hobetzeko modukoa
03/01/2017;;0,35;0,38;Muy buena / Oso ona;;48;33;62;Buena / Ona;107;6;16;Muy buena / Oso ona;;40;Buena / Ona;25;Buena / Ona;6;Muy buena / Oso ona;;Buena / Ona
02/01/2017;0,83;0,26;0,38;Muy buena / Oso ona;0,53;17;26;41;Muy buena / Oso ona;52;18;28;Muy buena / Oso ona;2,26;23;Muy buena / Oso ona;13;Muy buena / Oso ona;5;Muy buena / Oso ona;2,65;Muy buena / Oso ona
01/01/2017;0,85;0,34;0,47;Muy buena / Oso ona;0,56;20;23;38;Muy buena / Oso ona;55;11;28;Muy buena / Oso ona;2,5;39;Buena / Ona;26;Buena / Ona;6;Muy buena / Oso ona;3,3;Buena / Ona
